ISO-10303-21;
HEADER;
/* Generated by software containing ST-Developer
 * from STEP Tools, Inc. (www.steptools.com) 
 */
/* OPTION: strings as raw bytes, not using required /X/ escapes */

FILE_DESCRIPTION(
/* description */ ('Unknown'),
/* implementation_level */ '2;1');

FILE_NAME(
/* name */ 'DPO-3.0-33',
/* time_stamp */ '2024-08-05T09:16:05+02:00',
/* author */ ('Unknown'),
/* organization */ ('Unknown'),
/* preprocessor_version */ 'ST-DEVELOPER v19.4',
/* originating_system */ 'Solid Edge',
/* authorisation */ 'Unknown');

FILE_SCHEMA (('AUTOMOTIVE_DESIGN {1 0 10303 214 3 1 1}'));
ENDSEC;

DATA;
#10=PROPERTY_DEFINITION_REPRESENTATION(#14,#12);
#11=PROPERTY_DEFINITION_REPRESENTATION(#15,#13);
#12=REPRESENTATION('',(#16),#4859);
#13=REPRESENTATION('',(#17),#4859);
#14=PROPERTY_DEFINITION('pmi validation property','',#4864);
#15=PROPERTY_DEFINITION('pmi validation property','',#4864);
#16=VALUE_REPRESENTATION_ITEM('number of annotations',COUNT_MEASURE(0.));
#17=VALUE_REPRESENTATION_ITEM('number of views',COUNT_MEASURE(0.));
#18=TOROIDAL_SURFACE('',#2828,0.399999999999999,0.314999999999999);
#19=TOROIDAL_SURFACE('',#2832,0.4,0.314999999999999);
#20=TOROIDAL_SURFACE('',#2836,0.400000000000001,0.314999999999999);
#21=TOROIDAL_SURFACE('',#2840,0.4,0.314999999999999);
#22=TOROIDAL_SURFACE('',#2844,0.399999999999999,0.314999999999999);
#23=TOROIDAL_SURFACE('',#2848,0.4,0.314999999999999);
#24=TOROIDAL_SURFACE('',#2852,0.400000000000001,0.314999999999999);
#25=TOROIDAL_SURFACE('',#2856,0.4,0.314999999999999);
#26=TOROIDAL_SURFACE('',#2860,0.399999999999999,0.314999999999999);
#27=TOROIDAL_SURFACE('',#2864,0.4,0.314999999999999);
#28=TOROIDAL_SURFACE('',#2868,0.400000000000001,0.314999999999999);
#29=TOROIDAL_SURFACE('',#2872,0.4,0.314999999999999);
#30=TOROIDAL_SURFACE('',#2876,0.399999999999999,0.314999999999999);
#31=TOROIDAL_SURFACE('',#2880,0.4,0.314999999999999);
#32=TOROIDAL_SURFACE('',#2884,0.400000000000001,0.314999999999999);
#33=TOROIDAL_SURFACE('',#2888,0.4,0.314999999999999);
#34=TOROIDAL_SURFACE('',#2892,0.399999999999999,0.314999999999999);
#35=TOROIDAL_SURFACE('',#2896,0.4,0.314999999999999);
#36=TOROIDAL_SURFACE('',#2900,0.400000000000001,0.314999999999999);
#37=TOROIDAL_SURFACE('',#2904,0.4,0.314999999999999);
#38=TOROIDAL_SURFACE('',#2908,0.399999999999999,0.314999999999999);
#39=TOROIDAL_SURFACE('',#2912,0.4,0.314999999999999);
#40=TOROIDAL_SURFACE('',#2916,0.400000000000001,0.314999999999999);
#41=TOROIDAL_SURFACE('',#2920,0.4,0.314999999999999);
#42=TOROIDAL_SURFACE('',#2924,0.399999999999999,0.314999999999999);
#43=TOROIDAL_SURFACE('',#2928,0.4,0.314999999999999);
#44=TOROIDAL_SURFACE('',#2932,0.400000000000001,0.314999999999999);
#45=TOROIDAL_SURFACE('',#2936,0.4,0.314999999999999);
#46=TOROIDAL_SURFACE('',#2940,0.399999999999999,0.314999999999999);
#47=TOROIDAL_SURFACE('',#2944,0.4,0.314999999999999);
#48=TOROIDAL_SURFACE('',#2948,0.400000000000001,0.314999999999999);
#49=TOROIDAL_SURFACE('',#2952,0.4,0.314999999999999);
#50=TOROIDAL_SURFACE('',#2956,0.399999999999999,0.314999999999999);
#51=TOROIDAL_SURFACE('',#2960,0.4,0.314999999999999);
#52=TOROIDAL_SURFACE('',#2964,0.400000000000001,0.314999999999999);
#53=TOROIDAL_SURFACE('',#2968,0.4,0.314999999999999);
#54=TOROIDAL_SURFACE('',#2972,0.4,0.314999999999999);
#55=TOROIDAL_SURFACE('',#2976,0.400000000000001,0.314999999999999);
#56=TOROIDAL_SURFACE('',#2985,0.399999999999999,0.314999999999999);
#57=TOROIDAL_SURFACE('',#2989,0.4,0.314999999999999);
#58=TOROIDAL_SURFACE('',#2993,0.400000000000001,0.314999999999999);
#59=TOROIDAL_SURFACE('',#2997,0.4,0.314999999999999);
#60=TOROIDAL_SURFACE('',#3001,0.399999999999999,0.314999999999999);
#61=TOROIDAL_SURFACE('',#3005,0.4,0.314999999999999);
#62=TOROIDAL_SURFACE('',#3009,0.400000000000001,0.314999999999999);
#63=TOROIDAL_SURFACE('',#3013,0.4,0.314999999999999);
#64=TOROIDAL_SURFACE('',#3017,0.399999999999999,0.314999999999999);
#65=TOROIDAL_SURFACE('',#3021,0.4,0.314999999999999);
#66=TOROIDAL_SURFACE('',#3025,0.400000000000001,0.314999999999999);
#67=TOROIDAL_SURFACE('',#3029,0.4,0.314999999999999);
#68=TOROIDAL_SURFACE('',#3033,0.399999999999999,0.314999999999999);
#69=TOROIDAL_SURFACE('',#3037,0.4,0.314999999999999);
#70=TOROIDAL_SURFACE('',#3041,0.400000000000001,0.314999999999999);
#71=TOROIDAL_SURFACE('',#3045,0.4,0.314999999999999);
#72=TOROIDAL_SURFACE('',#3049,0.399999999999999,0.314999999999999);
#73=TOROIDAL_SURFACE('',#3053,0.4,0.314999999999999);
#74=TOROIDAL_SURFACE('',#3057,0.400000000000001,0.314999999999999);
#75=TOROIDAL_SURFACE('',#3061,0.4,0.314999999999999);
#76=TOROIDAL_SURFACE('',#3065,0.399999999999999,0.314999999999999);
#77=TOROIDAL_SURFACE('',#3069,0.4,0.314999999999999);
#78=TOROIDAL_SURFACE('',#3073,0.400000000000001,0.314999999999999);
#79=TOROIDAL_SURFACE('',#3077,0.4,0.314999999999999);
#80=TOROIDAL_SURFACE('',#3081,0.399999999999999,0.314999999999999);
#81=TOROIDAL_SURFACE('',#3085,0.4,0.314999999999999);
#82=TOROIDAL_SURFACE('',#3089,0.400000000000001,0.314999999999999);
#83=TOROIDAL_SURFACE('',#3093,0.4,0.314999999999999);
#84=TOROIDAL_SURFACE('',#3097,0.399999999999999,0.314999999999999);
#85=TOROIDAL_SURFACE('',#3101,0.4,0.314999999999999);
#86=TOROIDAL_SURFACE('',#3105,0.400000000000001,0.314999999999999);
#87=TOROIDAL_SURFACE('',#3109,0.4,0.314999999999999);
#88=TOROIDAL_SURFACE('',#3113,0.399999999999999,0.314999999999999);
#89=TOROIDAL_SURFACE('',#3117,0.4,0.314999999999999);
#90=TOROIDAL_SURFACE('',#3121,0.400000000000001,0.314999999999999);
#91=TOROIDAL_SURFACE('',#3125,0.4,0.314999999999999);
#92=TOROIDAL_SURFACE('',#3129,0.399999999999999,0.314999999999999);
#93=TOROIDAL_SURFACE('',#3133,0.4,0.314999999999999);
#94=TOROIDAL_SURFACE('',#3137,0.400000000000001,0.314999999999999);
#95=TOROIDAL_SURFACE('',#3141,0.4,0.314999999999999);
#96=TOROIDAL_SURFACE('',#3145,0.399999999999999,0.314999999999999);
#97=TOROIDAL_SURFACE('',#3149,0.4,0.314999999999999);
#98=TOROIDAL_SURFACE('',#3153,0.400000000000001,0.314999999999999);
#99=TOROIDAL_SURFACE('',#3157,0.4,0.314999999999999);
#100=TOROIDAL_SURFACE('',#3161,0.399999999999999,0.314999999999999);
#101=TOROIDAL_SURFACE('',#3165,0.4,0.314999999999999);
#102=TOROIDAL_SURFACE('',#3169,0.400000000000001,0.314999999999999);
#103=TOROIDAL_SURFACE('',#3173,0.4,0.314999999999999);
#104=TOROIDAL_SURFACE('',#3177,0.399999999999999,0.314999999999999);
#105=TOROIDAL_SURFACE('',#3181,0.4,0.314999999999999);
#106=TOROIDAL_SURFACE('',#3185,0.400000000000001,0.314999999999999);
#107=TOROIDAL_SURFACE('',#3189,0.4,0.314999999999999);
#108=TOROIDAL_SURFACE('',#3193,0.399999999999999,0.314999999999999);
#109=TOROIDAL_SURFACE('',#3197,0.4,0.314999999999999);
#110=TOROIDAL_SURFACE('',#3201,0.400000000000001,0.314999999999999);
#111=TOROIDAL_SURFACE('',#3205,0.4,0.314999999999999);
#112=TOROIDAL_SURFACE('',#3209,0.399999999999999,0.314999999999999);
#113=TOROIDAL_SURFACE('',#3213,0.4,0.314999999999999);
#114=TOROIDAL_SURFACE('',#3217,0.400000000000001,0.314999999999999);
#115=TOROIDAL_SURFACE('',#3221,0.4,0.314999999999999);
#116=TOROIDAL_SURFACE('',#3225,0.399999999999999,0.314999999999999);
#117=TOROIDAL_SURFACE('',#3229,0.4,0.314999999999999);
#118=TOROIDAL_SURFACE('',#3233,0.400000000000001,0.314999999999999);
#119=TOROIDAL_SURFACE('',#3237,0.4,0.314999999999999);
#120=TOROIDAL_SURFACE('',#3241,0.399999999999999,0.314999999999999);
#121=TOROIDAL_SURFACE('',#3245,0.4,0.314999999999999);
#122=TOROIDAL_SURFACE('',#3249,0.400000000000001,0.314999999999999);
#123=TOROIDAL_SURFACE('',#3253,0.4,0.314999999999999);
#124=TOROIDAL_SURFACE('',#3257,0.399999999999999,0.314999999999999);
#125=TOROIDAL_SURFACE('',#3261,0.4,0.314999999999999);
#126=TOROIDAL_SURFACE('',#3265,0.400000000000001,0.314999999999999);
#127=TOROIDAL_SURFACE('',#3269,0.4,0.314999999999999);
#128=SHAPE_REPRESENTATION_RELATIONSHIP('','',#2815,#129);
#129=ADVANCED_BREP_SHAPE_REPRESENTATION('',(#2785,#2786,#2787,#2788,#2789,
#2790,#2791,#2792,#2793,#2794,#2795,#2796,#2797,#2798,#2799,#2800,#2801,
#2802,#2803,#2804,#2805,#2806,#2807,#2808,#2809,#2810,#2811,#2812,#2813),
#4859);
#130=PLANE('',#2823);
#131=PLANE('',#2824);
#132=PLANE('',#2980);
#133=PLANE('',#2981);
#134=ORIENTED_EDGE('',*,*,#586,.F.);
#135=ORIENTED_EDGE('',*,*,#587,.T.);
#136=ORIENTED_EDGE('',*,*,#588,.T.);
#137=ORIENTED_EDGE('',*,*,#589,.F.);
#138=ORIENTED_EDGE('',*,*,#586,.T.);
#139=ORIENTED_EDGE('',*,*,#588,.F.);
#140=ORIENTED_EDGE('',*,*,#587,.F.);
#141=ORIENTED_EDGE('',*,*,#589,.T.);
#142=ORIENTED_EDGE('',*,*,#590,.T.);
#143=ORIENTED_EDGE('',*,*,#591,.F.);
#144=ORIENTED_EDGE('',*,*,#592,.T.);
#145=ORIENTED_EDGE('',*,*,#590,.F.);
#146=ORIENTED_EDGE('',*,*,#593,.T.);
#147=ORIENTED_EDGE('',*,*,#592,.F.);
#148=ORIENTED_EDGE('',*,*,#594,.T.);
#149=ORIENTED_EDGE('',*,*,#593,.F.);
#150=ORIENTED_EDGE('',*,*,#595,.T.);
#151=ORIENTED_EDGE('',*,*,#594,.F.);
#152=ORIENTED_EDGE('',*,*,#596,.T.);
#153=ORIENTED_EDGE('',*,*,#595,.F.);
#154=ORIENTED_EDGE('',*,*,#597,.T.);
#155=ORIENTED_EDGE('',*,*,#596,.F.);
#156=ORIENTED_EDGE('',*,*,#591,.T.);
#157=ORIENTED_EDGE('',*,*,#597,.F.);
#158=ORIENTED_EDGE('',*,*,#598,.T.);
#159=ORIENTED_EDGE('',*,*,#599,.F.);
#160=ORIENTED_EDGE('',*,*,#600,.T.);
#161=ORIENTED_EDGE('',*,*,#598,.F.);
#162=ORIENTED_EDGE('',*,*,#601,.T.);
#163=ORIENTED_EDGE('',*,*,#600,.F.);
#164=ORIENTED_EDGE('',*,*,#602,.T.);
#165=ORIENTED_EDGE('',*,*,#601,.F.);
#166=ORIENTED_EDGE('',*,*,#603,.T.);
#167=ORIENTED_EDGE('',*,*,#602,.F.);
#168=ORIENTED_EDGE('',*,*,#604,.T.);
#169=ORIENTED_EDGE('',*,*,#603,.F.);
#170=ORIENTED_EDGE('',*,*,#605,.T.);
#171=ORIENTED_EDGE('',*,*,#604,.F.);
#172=ORIENTED_EDGE('',*,*,#599,.T.);
#173=ORIENTED_EDGE('',*,*,#605,.F.);
#174=ORIENTED_EDGE('',*,*,#606,.T.);
#175=ORIENTED_EDGE('',*,*,#607,.F.);
#176=ORIENTED_EDGE('',*,*,#608,.T.);
#177=ORIENTED_EDGE('',*,*,#606,.F.);
#178=ORIENTED_EDGE('',*,*,#609,.T.);
#179=ORIENTED_EDGE('',*,*,#608,.F.);
#180=ORIENTED_EDGE('',*,*,#610,.T.);
#181=ORIENTED_EDGE('',*,*,#609,.F.);
#182=ORIENTED_EDGE('',*,*,#611,.T.);
#183=ORIENTED_EDGE('',*,*,#610,.F.);
#184=ORIENTED_EDGE('',*,*,#612,.T.);
#185=ORIENTED_EDGE('',*,*,#611,.F.);
#186=ORIENTED_EDGE('',*,*,#613,.T.);
#187=ORIENTED_EDGE('',*,*,#612,.F.);
#188=ORIENTED_EDGE('',*,*,#607,.T.);
#189=ORIENTED_EDGE('',*,*,#613,.F.);
#190=ORIENTED_EDGE('',*,*,#614,.T.);
#191=ORIENTED_EDGE('',*,*,#615,.F.);
#192=ORIENTED_EDGE('',*,*,#616,.T.);
#193=ORIENTED_EDGE('',*,*,#614,.F.);
#194=ORIENTED_EDGE('',*,*,#617,.T.);
#195=ORIENTED_EDGE('',*,*,#616,.F.);
#196=ORIENTED_EDGE('',*,*,#618,.T.);
#197=ORIENTED_EDGE('',*,*,#617,.F.);
#198=ORIENTED_EDGE('',*,*,#619,.T.);
#199=ORIENTED_EDGE('',*,*,#618,.F.);
#200=ORIENTED_EDGE('',*,*,#620,.T.);
#201=ORIENTED_EDGE('',*,*,#619,.F.);
#202=ORIENTED_EDGE('',*,*,#621,.T.);
#203=ORIENTED_EDGE('',*,*,#620,.F.);
#204=ORIENTED_EDGE('',*,*,#615,.T.);
#205=ORIENTED_EDGE('',*,*,#621,.F.);
#206=ORIENTED_EDGE('',*,*,#622,.T.);
#207=ORIENTED_EDGE('',*,*,#623,.F.);
#208=ORIENTED_EDGE('',*,*,#624,.T.);
#209=ORIENTED_EDGE('',*,*,#622,.F.);
#210=ORIENTED_EDGE('',*,*,#625,.T.);
#211=ORIENTED_EDGE('',*,*,#624,.F.);
#212=ORIENTED_EDGE('',*,*,#626,.T.);
#213=ORIENTED_EDGE('',*,*,#625,.F.);
#214=ORIENTED_EDGE('',*,*,#627,.T.);
#215=ORIENTED_EDGE('',*,*,#626,.F.);
#216=ORIENTED_EDGE('',*,*,#628,.T.);
#217=ORIENTED_EDGE('',*,*,#627,.F.);
#218=ORIENTED_EDGE('',*,*,#629,.T.);
#219=ORIENTED_EDGE('',*,*,#628,.F.);
#220=ORIENTED_EDGE('',*,*,#623,.T.);
#221=ORIENTED_EDGE('',*,*,#629,.F.);
#222=ORIENTED_EDGE('',*,*,#630,.T.);
#223=ORIENTED_EDGE('',*,*,#631,.F.);
#224=ORIENTED_EDGE('',*,*,#632,.T.);
#225=ORIENTED_EDGE('',*,*,#630,.F.);
#226=ORIENTED_EDGE('',*,*,#633,.T.);
#227=ORIENTED_EDGE('',*,*,#632,.F.);
#228=ORIENTED_EDGE('',*,*,#634,.T.);
#229=ORIENTED_EDGE('',*,*,#633,.F.);
#230=ORIENTED_EDGE('',*,*,#635,.T.);
#231=ORIENTED_EDGE('',*,*,#634,.F.);
#232=ORIENTED_EDGE('',*,*,#636,.T.);
#233=ORIENTED_EDGE('',*,*,#635,.F.);
#234=ORIENTED_EDGE('',*,*,#637,.T.);
#235=ORIENTED_EDGE('',*,*,#636,.F.);
#236=ORIENTED_EDGE('',*,*,#631,.T.);
#237=ORIENTED_EDGE('',*,*,#637,.F.);
#238=ORIENTED_EDGE('',*,*,#638,.T.);
#239=ORIENTED_EDGE('',*,*,#639,.F.);
#240=ORIENTED_EDGE('',*,*,#640,.T.);
#241=ORIENTED_EDGE('',*,*,#638,.F.);
#242=ORIENTED_EDGE('',*,*,#641,.T.);
#243=ORIENTED_EDGE('',*,*,#640,.F.);
#244=ORIENTED_EDGE('',*,*,#642,.T.);
#245=ORIENTED_EDGE('',*,*,#641,.F.);
#246=ORIENTED_EDGE('',*,*,#643,.T.);
#247=ORIENTED_EDGE('',*,*,#642,.F.);
#248=ORIENTED_EDGE('',*,*,#644,.T.);
#249=ORIENTED_EDGE('',*,*,#643,.F.);
#250=ORIENTED_EDGE('',*,*,#645,.T.);
#251=ORIENTED_EDGE('',*,*,#644,.F.);
#252=ORIENTED_EDGE('',*,*,#639,.T.);
#253=ORIENTED_EDGE('',*,*,#645,.F.);
#254=ORIENTED_EDGE('',*,*,#646,.T.);
#255=ORIENTED_EDGE('',*,*,#647,.F.);
#256=ORIENTED_EDGE('',*,*,#648,.T.);
#257=ORIENTED_EDGE('',*,*,#646,.F.);
#258=ORIENTED_EDGE('',*,*,#649,.T.);
#259=ORIENTED_EDGE('',*,*,#648,.F.);
#260=ORIENTED_EDGE('',*,*,#650,.T.);
#261=ORIENTED_EDGE('',*,*,#649,.F.);
#262=ORIENTED_EDGE('',*,*,#651,.T.);
#263=ORIENTED_EDGE('',*,*,#650,.F.);
#264=ORIENTED_EDGE('',*,*,#652,.T.);
#265=ORIENTED_EDGE('',*,*,#651,.F.);
#266=ORIENTED_EDGE('',*,*,#653,.T.);
#267=ORIENTED_EDGE('',*,*,#652,.F.);
#268=ORIENTED_EDGE('',*,*,#647,.T.);
#269=ORIENTED_EDGE('',*,*,#653,.F.);
#270=ORIENTED_EDGE('',*,*,#654,.T.);
#271=ORIENTED_EDGE('',*,*,#655,.F.);
#272=ORIENTED_EDGE('',*,*,#656,.T.);
#273=ORIENTED_EDGE('',*,*,#654,.F.);
#274=ORIENTED_EDGE('',*,*,#657,.T.);
#275=ORIENTED_EDGE('',*,*,#656,.F.);
#276=ORIENTED_EDGE('',*,*,#658,.T.);
#277=ORIENTED_EDGE('',*,*,#657,.F.);
#278=ORIENTED_EDGE('',*,*,#659,.T.);
#279=ORIENTED_EDGE('',*,*,#658,.F.);
#280=ORIENTED_EDGE('',*,*,#660,.T.);
#281=ORIENTED_EDGE('',*,*,#659,.F.);
#282=ORIENTED_EDGE('',*,*,#661,.T.);
#283=ORIENTED_EDGE('',*,*,#660,.F.);
#284=ORIENTED_EDGE('',*,*,#655,.T.);
#285=ORIENTED_EDGE('',*,*,#661,.F.);
#286=ORIENTED_EDGE('',*,*,#662,.T.);
#287=ORIENTED_EDGE('',*,*,#663,.T.);
#288=ORIENTED_EDGE('',*,*,#664,.T.);
#289=ORIENTED_EDGE('',*,*,#662,.F.);
#290=ORIENTED_EDGE('',*,*,#665,.T.);
#291=ORIENTED_EDGE('',*,*,#664,.F.);
#292=ORIENTED_EDGE('',*,*,#666,.T.);
#293=ORIENTED_EDGE('',*,*,#665,.F.);
#294=ORIENTED_EDGE('',*,*,#666,.F.);
#295=ORIENTED_EDGE('',*,*,#667,.T.);
#296=ORIENTED_EDGE('',*,*,#663,.F.);
#297=ORIENTED_EDGE('',*,*,#667,.F.);
#298=ORIENTED_EDGE('',*,*,#668,.T.);
#299=ORIENTED_EDGE('',*,*,#669,.F.);
#300=ORIENTED_EDGE('',*,*,#670,.T.);
#301=ORIENTED_EDGE('',*,*,#668,.F.);
#302=ORIENTED_EDGE('',*,*,#671,.T.);
#303=ORIENTED_EDGE('',*,*,#670,.F.);
#304=ORIENTED_EDGE('',*,*,#672,.T.);
#305=ORIENTED_EDGE('',*,*,#671,.F.);
#306=ORIENTED_EDGE('',*,*,#673,.T.);
#307=ORIENTED_EDGE('',*,*,#672,.F.);
#308=ORIENTED_EDGE('',*,*,#674,.T.);
#309=ORIENTED_EDGE('',*,*,#673,.F.);
#310=ORIENTED_EDGE('',*,*,#675,.T.);
#311=ORIENTED_EDGE('',*,*,#674,.F.);
#312=ORIENTED_EDGE('',*,*,#669,.T.);
#313=ORIENTED_EDGE('',*,*,#675,.F.);
#314=ORIENTED_EDGE('',*,*,#676,.T.);
#315=ORIENTED_EDGE('',*,*,#677,.F.);
#316=ORIENTED_EDGE('',*,*,#678,.T.);
#317=ORIENTED_EDGE('',*,*,#676,.F.);
#318=ORIENTED_EDGE('',*,*,#679,.T.);
#319=ORIENTED_EDGE('',*,*,#678,.F.);
#320=ORIENTED_EDGE('',*,*,#680,.T.);
#321=ORIENTED_EDGE('',*,*,#679,.F.);
#322=ORIENTED_EDGE('',*,*,#681,.T.);
#323=ORIENTED_EDGE('',*,*,#680,.F.);
#324=ORIENTED_EDGE('',*,*,#682,.T.);
#325=ORIENTED_EDGE('',*,*,#681,.F.);
#326=ORIENTED_EDGE('',*,*,#683,.T.);
#327=ORIENTED_EDGE('',*,*,#682,.F.);
#328=ORIENTED_EDGE('',*,*,#677,.T.);
#329=ORIENTED_EDGE('',*,*,#683,.F.);
#330=ORIENTED_EDGE('',*,*,#684,.T.);
#331=ORIENTED_EDGE('',*,*,#685,.F.);
#332=ORIENTED_EDGE('',*,*,#686,.T.);
#333=ORIENTED_EDGE('',*,*,#684,.F.);
#334=ORIENTED_EDGE('',*,*,#687,.T.);
#335=ORIENTED_EDGE('',*,*,#686,.F.);
#336=ORIENTED_EDGE('',*,*,#688,.T.);
#337=ORIENTED_EDGE('',*,*,#687,.F.);
#338=ORIENTED_EDGE('',*,*,#689,.T.);
#339=ORIENTED_EDGE('',*,*,#688,.F.);
#340=ORIENTED_EDGE('',*,*,#690,.T.);
#341=ORIENTED_EDGE('',*,*,#689,.F.);
#342=ORIENTED_EDGE('',*,*,#691,.T.);
#343=ORIENTED_EDGE('',*,*,#690,.F.);
#344=ORIENTED_EDGE('',*,*,#685,.T.);
#345=ORIENTED_EDGE('',*,*,#691,.F.);
#346=ORIENTED_EDGE('',*,*,#692,.T.);
#347=ORIENTED_EDGE('',*,*,#693,.F.);
#348=ORIENTED_EDGE('',*,*,#694,.T.);
#349=ORIENTED_EDGE('',*,*,#692,.F.);
#350=ORIENTED_EDGE('',*,*,#695,.T.);
#351=ORIENTED_EDGE('',*,*,#694,.F.);
#352=ORIENTED_EDGE('',*,*,#696,.T.);
#353=ORIENTED_EDGE('',*,*,#695,.F.);
#354=ORIENTED_EDGE('',*,*,#697,.T.);
#355=ORIENTED_EDGE('',*,*,#696,.F.);
#356=ORIENTED_EDGE('',*,*,#698,.T.);
#357=ORIENTED_EDGE('',*,*,#697,.F.);
#358=ORIENTED_EDGE('',*,*,#699,.T.);
#359=ORIENTED_EDGE('',*,*,#698,.F.);
#360=ORIENTED_EDGE('',*,*,#693,.T.);
#361=ORIENTED_EDGE('',*,*,#699,.F.);
#362=ORIENTED_EDGE('',*,*,#700,.T.);
#363=ORIENTED_EDGE('',*,*,#701,.F.);
#364=ORIENTED_EDGE('',*,*,#702,.T.);
#365=ORIENTED_EDGE('',*,*,#700,.F.);
#366=ORIENTED_EDGE('',*,*,#703,.T.);
#367=ORIENTED_EDGE('',*,*,#702,.F.);
#368=ORIENTED_EDGE('',*,*,#704,.T.);
#369=ORIENTED_EDGE('',*,*,#703,.F.);
#370=ORIENTED_EDGE('',*,*,#705,.T.);
#371=ORIENTED_EDGE('',*,*,#704,.F.);
#372=ORIENTED_EDGE('',*,*,#706,.T.);
#373=ORIENTED_EDGE('',*,*,#705,.F.);
#374=ORIENTED_EDGE('',*,*,#707,.T.);
#375=ORIENTED_EDGE('',*,*,#706,.F.);
#376=ORIENTED_EDGE('',*,*,#701,.T.);
#377=ORIENTED_EDGE('',*,*,#707,.F.);
#378=ORIENTED_EDGE('',*,*,#708,.T.);
#379=ORIENTED_EDGE('',*,*,#709,.F.);
#380=ORIENTED_EDGE('',*,*,#710,.T.);
#381=ORIENTED_EDGE('',*,*,#708,.F.);
#382=ORIENTED_EDGE('',*,*,#711,.T.);
#383=ORIENTED_EDGE('',*,*,#710,.F.);
#384=ORIENTED_EDGE('',*,*,#712,.T.);
#385=ORIENTED_EDGE('',*,*,#711,.F.);
#386=ORIENTED_EDGE('',*,*,#713,.T.);
#387=ORIENTED_EDGE('',*,*,#712,.F.);
#388=ORIENTED_EDGE('',*,*,#714,.T.);
#389=ORIENTED_EDGE('',*,*,#713,.F.);
#390=ORIENTED_EDGE('',*,*,#715,.T.);
#391=ORIENTED_EDGE('',*,*,#714,.F.);
#392=ORIENTED_EDGE('',*,*,#709,.T.);
#393=ORIENTED_EDGE('',*,*,#715,.F.);
#394=ORIENTED_EDGE('',*,*,#716,.T.);
#395=ORIENTED_EDGE('',*,*,#717,.F.);
#396=ORIENTED_EDGE('',*,*,#718,.T.);
#397=ORIENTED_EDGE('',*,*,#716,.F.);
#398=ORIENTED_EDGE('',*,*,#719,.T.);
#399=ORIENTED_EDGE('',*,*,#718,.F.);
#400=ORIENTED_EDGE('',*,*,#720,.T.);
#401=ORIENTED_EDGE('',*,*,#719,.F.);
#402=ORIENTED_EDGE('',*,*,#721,.T.);
#403=ORIENTED_EDGE('',*,*,#720,.F.);
#404=ORIENTED_EDGE('',*,*,#722,.T.);
#405=ORIENTED_EDGE('',*,*,#721,.F.);
#406=ORIENTED_EDGE('',*,*,#723,.T.);
#407=ORIENTED_EDGE('',*,*,#722,.F.);
#408=ORIENTED_EDGE('',*,*,#717,.T.);
#409=ORIENTED_EDGE('',*,*,#723,.F.);
#410=ORIENTED_EDGE('',*,*,#724,.T.);
#411=ORIENTED_EDGE('',*,*,#725,.F.);
#412=ORIENTED_EDGE('',*,*,#726,.T.);
#413=ORIENTED_EDGE('',*,*,#724,.F.);
#414=ORIENTED_EDGE('',*,*,#727,.T.);
#415=ORIENTED_EDGE('',*,*,#726,.F.);
#416=ORIENTED_EDGE('',*,*,#728,.T.);
#417=ORIENTED_EDGE('',*,*,#727,.F.);
#418=ORIENTED_EDGE('',*,*,#729,.T.);
#419=ORIENTED_EDGE('',*,*,#728,.F.);
#420=ORIENTED_EDGE('',*,*,#730,.T.);
#421=ORIENTED_EDGE('',*,*,#729,.F.);
#422=ORIENTED_EDGE('',*,*,#731,.T.);
#423=ORIENTED_EDGE('',*,*,#730,.F.);
#424=ORIENTED_EDGE('',*,*,#725,.T.);
#425=ORIENTED_EDGE('',*,*,#731,.F.);
#426=ORIENTED_EDGE('',*,*,#732,.T.);
#427=ORIENTED_EDGE('',*,*,#733,.F.);
#428=ORIENTED_EDGE('',*,*,#734,.T.);
#429=ORIENTED_EDGE('',*,*,#732,.F.);
#430=ORIENTED_EDGE('',*,*,#735,.T.);
#431=ORIENTED_EDGE('',*,*,#734,.F.);
#432=ORIENTED_EDGE('',*,*,#736,.T.);
#433=ORIENTED_EDGE('',*,*,#735,.F.);
#434=ORIENTED_EDGE('',*,*,#737,.T.);
#435=ORIENTED_EDGE('',*,*,#736,.F.);
#436=ORIENTED_EDGE('',*,*,#738,.T.);
#437=ORIENTED_EDGE('',*,*,#737,.F.);
#438=ORIENTED_EDGE('',*,*,#739,.T.);
#439=ORIENTED_EDGE('',*,*,#738,.F.);
#440=ORIENTED_EDGE('',*,*,#733,.T.);
#441=ORIENTED_EDGE('',*,*,#739,.F.);
#442=ORIENTED_EDGE('',*,*,#740,.T.);
#443=ORIENTED_EDGE('',*,*,#741,.F.);
#444=ORIENTED_EDGE('',*,*,#742,.T.);
#445=ORIENTED_EDGE('',*,*,#740,.F.);
#446=ORIENTED_EDGE('',*,*,#743,.T.);
#447=ORIENTED_EDGE('',*,*,#742,.F.);
#448=ORIENTED_EDGE('',*,*,#744,.T.);
#449=ORIENTED_EDGE('',*,*,#743,.F.);
#450=ORIENTED_EDGE('',*,*,#745,.T.);
#451=ORIENTED_EDGE('',*,*,#744,.F.);
#452=ORIENTED_EDGE('',*,*,#746,.T.);
#453=ORIENTED_EDGE('',*,*,#745,.F.);
#454=ORIENTED_EDGE('',*,*,#747,.T.);
#455=ORIENTED_EDGE('',*,*,#746,.F.);
#456=ORIENTED_EDGE('',*,*,#741,.T.);
#457=ORIENTED_EDGE('',*,*,#747,.F.);
#458=ORIENTED_EDGE('',*,*,#748,.T.);
#459=ORIENTED_EDGE('',*,*,#749,.F.);
#460=ORIENTED_EDGE('',*,*,#750,.T.);
#461=ORIENTED_EDGE('',*,*,#748,.F.);
#462=ORIENTED_EDGE('',*,*,#751,.T.);
#463=ORIENTED_EDGE('',*,*,#750,.F.);
#464=ORIENTED_EDGE('',*,*,#752,.T.);
#465=ORIENTED_EDGE('',*,*,#751,.F.);
#466=ORIENTED_EDGE('',*,*,#753,.T.);
#467=ORIENTED_EDGE('',*,*,#752,.F.);
#468=ORIENTED_EDGE('',*,*,#754,.T.);
#469=ORIENTED_EDGE('',*,*,#753,.F.);
#470=ORIENTED_EDGE('',*,*,#755,.T.);
#471=ORIENTED_EDGE('',*,*,#754,.F.);
#472=ORIENTED_EDGE('',*,*,#749,.T.);
#473=ORIENTED_EDGE('',*,*,#755,.F.);
#474=ORIENTED_EDGE('',*,*,#756,.T.);
#475=ORIENTED_EDGE('',*,*,#757,.F.);
#476=ORIENTED_EDGE('',*,*,#758,.T.);
#477=ORIENTED_EDGE('',*,*,#756,.F.);
#478=ORIENTED_EDGE('',*,*,#759,.T.);
#479=ORIENTED_EDGE('',*,*,#758,.F.);
#480=ORIENTED_EDGE('',*,*,#760,.T.);
#481=ORIENTED_EDGE('',*,*,#759,.F.);
#482=ORIENTED_EDGE('',*,*,#761,.T.);
#483=ORIENTED_EDGE('',*,*,#760,.F.);
#484=ORIENTED_EDGE('',*,*,#762,.T.);
#485=ORIENTED_EDGE('',*,*,#761,.F.);
#486=ORIENTED_EDGE('',*,*,#763,.T.);
#487=ORIENTED_EDGE('',*,*,#762,.F.);
#488=ORIENTED_EDGE('',*,*,#757,.T.);
#489=ORIENTED_EDGE('',*,*,#763,.F.);
#490=ORIENTED_EDGE('',*,*,#764,.T.);
#491=ORIENTED_EDGE('',*,*,#765,.F.);
#492=ORIENTED_EDGE('',*,*,#766,.T.);
#493=ORIENTED_EDGE('',*,*,#764,.F.);
#494=ORIENTED_EDGE('',*,*,#767,.T.);
#495=ORIENTED_EDGE('',*,*,#766,.F.);
#496=ORIENTED_EDGE('',*,*,#768,.T.);
#497=ORIENTED_EDGE('',*,*,#767,.F.);
#498=ORIENTED_EDGE('',*,*,#769,.T.);
#499=ORIENTED_EDGE('',*,*,#768,.F.);
#500=ORIENTED_EDGE('',*,*,#770,.T.);
#501=ORIENTED_EDGE('',*,*,#769,.F.);
#502=ORIENTED_EDGE('',*,*,#771,.T.);
#503=ORIENTED_EDGE('',*,*,#770,.F.);
#504=ORIENTED_EDGE('',*,*,#765,.T.);
#505=ORIENTED_EDGE('',*,*,#771,.F.);
#506=ORIENTED_EDGE('',*,*,#772,.T.);
#507=ORIENTED_EDGE('',*,*,#773,.F.);
#508=ORIENTED_EDGE('',*,*,#774,.T.);
#509=ORIENTED_EDGE('',*,*,#772,.F.);
#510=ORIENTED_EDGE('',*,*,#775,.T.);
#511=ORIENTED_EDGE('',*,*,#774,.F.);
#512=ORIENTED_EDGE('',*,*,#776,.T.);
#513=ORIENTED_EDGE('',*,*,#775,.F.);
#514=ORIENTED_EDGE('',*,*,#777,.T.);
#515=ORIENTED_EDGE('',*,*,#776,.F.);
#516=ORIENTED_EDGE('',*,*,#778,.T.);
#517=ORIENTED_EDGE('',*,*,#777,.F.);
#518=ORIENTED_EDGE('',*,*,#779,.T.);
#519=ORIENTED_EDGE('',*,*,#778,.F.);
#520=ORIENTED_EDGE('',*,*,#773,.T.);
#521=ORIENTED_EDGE('',*,*,#779,.F.);
#522=ORIENTED_EDGE('',*,*,#780,.T.);
#523=ORIENTED_EDGE('',*,*,#781,.F.);
#524=ORIENTED_EDGE('',*,*,#782,.T.);
#525=ORIENTED_EDGE('',*,*,#780,.F.);
#526=ORIENTED_EDGE('',*,*,#783,.T.);
#527=ORIENTED_EDGE('',*,*,#782,.F.);
#528=ORIENTED_EDGE('',*,*,#784,.T.);
#529=ORIENTED_EDGE('',*,*,#783,.F.);
#530=ORIENTED_EDGE('',*,*,#785,.T.);
#531=ORIENTED_EDGE('',*,*,#784,.F.);
#532=ORIENTED_EDGE('',*,*,#786,.T.);
#533=ORIENTED_EDGE('',*,*,#785,.F.);
#534=ORIENTED_EDGE('',*,*,#787,.T.);
#535=ORIENTED_EDGE('',*,*,#786,.F.);
#536=ORIENTED_EDGE('',*,*,#781,.T.);
#537=ORIENTED_EDGE('',*,*,#787,.F.);
#538=ORIENTED_EDGE('',*,*,#788,.T.);
#539=ORIENTED_EDGE('',*,*,#789,.F.);
#540=ORIENTED_EDGE('',*,*,#790,.T.);
#541=ORIENTED_EDGE('',*,*,#788,.F.);
#542=ORIENTED_EDGE('',*,*,#791,.T.);
#543=ORIENTED_EDGE('',*,*,#790,.F.);
#544=ORIENTED_EDGE('',*,*,#792,.T.);
#545=ORIENTED_EDGE('',*,*,#791,.F.);
#546=ORIENTED_EDGE('',*,*,#793,.T.);
#547=ORIENTED_EDGE('',*,*,#792,.F.);
#548=ORIENTED_EDGE('',*,*,#794,.T.);
#549=ORIENTED_EDGE('',*,*,#793,.F.);
#550=ORIENTED_EDGE('',*,*,#795,.T.);
#551=ORIENTED_EDGE('',*,*,#794,.F.);
#552=ORIENTED_EDGE('',*,*,#789,.T.);
#553=ORIENTED_EDGE('',*,*,#795,.F.);
#554=ORIENTED_EDGE('',*,*,#796,.T.);
#555=ORIENTED_EDGE('',*,*,#797,.F.);
#556=ORIENTED_EDGE('',*,*,#798,.T.);
#557=ORIENTED_EDGE('',*,*,#796,.F.);
#558=ORIENTED_EDGE('',*,*,#799,.T.);
#559=ORIENTED_EDGE('',*,*,#798,.F.);
#560=ORIENTED_EDGE('',*,*,#800,.T.);
#561=ORIENTED_EDGE('',*,*,#799,.F.);
#562=ORIENTED_EDGE('',*,*,#801,.T.);
#563=ORIENTED_EDGE('',*,*,#800,.F.);
#564=ORIENTED_EDGE('',*,*,#802,.T.);
#565=ORIENTED_EDGE('',*,*,#801,.F.);
#566=ORIENTED_EDGE('',*,*,#803,.T.);
#567=ORIENTED_EDGE('',*,*,#802,.F.);
#568=ORIENTED_EDGE('',*,*,#797,.T.);
#569=ORIENTED_EDGE('',*,*,#803,.F.);
#570=ORIENTED_EDGE('',*,*,#804,.T.);
#571=ORIENTED_EDGE('',*,*,#805,.F.);
#572=ORIENTED_EDGE('',*,*,#806,.T.);
#573=ORIENTED_EDGE('',*,*,#804,.F.);
#574=ORIENTED_EDGE('',*,*,#807,.T.);
#575=ORIENTED_EDGE('',*,*,#806,.F.);
#576=ORIENTED_EDGE('',*,*,#808,.T.);
#577=ORIENTED_EDGE('',*,*,#807,.F.);
#578=ORIENTED_EDGE('',*,*,#809,.T.);
#579=ORIENTED_EDGE('',*,*,#808,.F.);
#580=ORIENTED_EDGE('',*,*,#810,.T.);
#581=ORIENTED_EDGE('',*,*,#809,.F.);
#582=ORIENTED_EDGE('',*,*,#811,.T.);
#583=ORIENTED_EDGE('',*,*,#810,.F.);
#584=ORIENTED_EDGE('',*,*,#805,.T.);
#585=ORIENTED_EDGE('',*,*,#811,.F.);
#586=EDGE_CURVE('',#812,#812,#1038,.T.);
#587=EDGE_CURVE('',#813,#813,#1039,.T.);
#588=EDGE_CURVE('',#814,#814,#1040,.T.);
#589=EDGE_CURVE('',#815,#815,#1041,.T.);
#590=EDGE_CURVE('',#816,#816,#1042,.F.);
#591=EDGE_CURVE('',#817,#817,#1043,.F.);
#592=EDGE_CURVE('',#818,#818,#1044,.F.);
#593=EDGE_CURVE('',#819,#819,#1045,.F.);
#594=EDGE_CURVE('',#820,#820,#1046,.F.);
#595=EDGE_CURVE('',#821,#821,#1047,.F.);
#596=EDGE_CURVE('',#822,#822,#1048,.F.);
#597=EDGE_CURVE('',#823,#823,#1049,.F.);
#598=EDGE_CURVE('',#824,#824,#1050,.F.);
#599=EDGE_CURVE('',#825,#825,#1051,.F.);
#600=EDGE_CURVE('',#826,#826,#1052,.F.);
#601=EDGE_CURVE('',#827,#827,#1053,.F.);
#602=EDGE_CURVE('',#828,#828,#1054,.F.);
#603=EDGE_CURVE('',#829,#829,#1055,.F.);
#604=EDGE_CURVE('',#830,#830,#1056,.F.);
#605=EDGE_CURVE('',#831,#831,#1057,.F.);
#606=EDGE_CURVE('',#832,#832,#1058,.F.);
#607=EDGE_CURVE('',#833,#833,#1059,.F.);
#608=EDGE_CURVE('',#834,#834,#1060,.F.);
#609=EDGE_CURVE('',#835,#835,#1061,.F.);
#610=EDGE_CURVE('',#836,#836,#1062,.F.);
#611=EDGE_CURVE('',#837,#837,#1063,.F.);
#612=EDGE_CURVE('',#838,#838,#1064,.F.);
#613=EDGE_CURVE('',#839,#839,#1065,.F.);
#614=EDGE_CURVE('',#840,#840,#1066,.F.);
#615=EDGE_CURVE('',#841,#841,#1067,.F.);
#616=EDGE_CURVE('',#842,#842,#1068,.F.);
#617=EDGE_CURVE('',#843,#843,#1069,.F.);
#618=EDGE_CURVE('',#844,#844,#1070,.F.);
#619=EDGE_CURVE('',#845,#845,#1071,.F.);
#620=EDGE_CURVE('',#846,#846,#1072,.F.);
#621=EDGE_CURVE('',#847,#847,#1073,.F.);
#622=EDGE_CURVE('',#848,#848,#1074,.F.);
#623=EDGE_CURVE('',#849,#849,#1075,.F.);
#624=EDGE_CURVE('',#850,#850,#1076,.F.);
#625=EDGE_CURVE('',#851,#851,#1077,.F.);
#626=EDGE_CURVE('',#852,#852,#1078,.F.);
#627=EDGE_CURVE('',#853,#853,#1079,.F.);
#628=EDGE_CURVE('',#854,#854,#1080,.F.);
#629=EDGE_CURVE('',#855,#855,#1081,.F.);
#630=EDGE_CURVE('',#856,#856,#1082,.F.);
#631=EDGE_CURVE('',#857,#857,#1083,.F.);
#632=EDGE_CURVE('',#858,#858,#1084,.F.);
#633=EDGE_CURVE('',#859,#859,#1085,.F.);
#634=EDGE_CURVE('',#860,#860,#1086,.F.);
#635=EDGE_CURVE('',#861,#861,#1087,.F.);
#636=EDGE_CURVE('',#862,#862,#1088,.F.);
#637=EDGE_CURVE('',#863,#863,#1089,.F.);
#638=EDGE_CURVE('',#864,#864,#1090,.F.);
#639=EDGE_CURVE('',#865,#865,#1091,.F.);
#640=EDGE_CURVE('',#866,#866,#1092,.F.);
#641=EDGE_CURVE('',#867,#867,#1093,.F.);
#642=EDGE_CURVE('',#868,#868,#1094,.F.);
#643=EDGE_CURVE('',#869,#869,#1095,.F.);
#644=EDGE_CURVE('',#870,#870,#1096,.F.);
#645=EDGE_CURVE('',#871,#871,#1097,.F.);
#646=EDGE_CURVE('',#872,#872,#1098,.F.);
#647=EDGE_CURVE('',#873,#873,#1099,.F.);
#648=EDGE_CURVE('',#874,#874,#1100,.F.);
#649=EDGE_CURVE('',#875,#875,#1101,.F.);
#650=EDGE_CURVE('',#876,#876,#1102,.F.);
#651=EDGE_CURVE('',#877,#877,#1103,.F.);
#652=EDGE_CURVE('',#878,#878,#1104,.F.);
#653=EDGE_CURVE('',#879,#879,#1105,.F.);
#654=EDGE_CURVE('',#880,#880,#1106,.F.);
#655=EDGE_CURVE('',#881,#881,#1107,.F.);
#656=EDGE_CURVE('',#882,#882,#1108,.F.);
#657=EDGE_CURVE('',#883,#883,#1109,.F.);
#658=EDGE_CURVE('',#884,#884,#1110,.F.);
#659=EDGE_CURVE('',#885,#885,#1111,.F.);
#660=EDGE_CURVE('',#886,#886,#1112,.F.);
#661=EDGE_CURVE('',#887,#887,#1113,.F.);
#662=EDGE_CURVE('',#888,#888,#1114,.F.);
#663=EDGE_CURVE('',#889,#889,#1115,.T.);
#664=EDGE_CURVE('',#890,#890,#1116,.F.);
#665=EDGE_CURVE('',#891,#891,#1117,.F.);
#666=EDGE_CURVE('',#892,#892,#1118,.F.);
#667=EDGE_CURVE('',#893,#893,#1119,.T.);
#668=EDGE_CURVE('',#894,#894,#1120,.F.);
#669=EDGE_CURVE('',#895,#895,#1121,.F.);
#670=EDGE_CURVE('',#896,#896,#1122,.F.);
#671=EDGE_CURVE('',#897,#897,#1123,.F.);
#672=EDGE_CURVE('',#898,#898,#1124,.F.);
#673=EDGE_CURVE('',#899,#899,#1125,.F.);
#674=EDGE_CURVE('',#900,#900,#1126,.F.);
#675=EDGE_CURVE('',#901,#901,#1127,.F.);
#676=EDGE_CURVE('',#902,#902,#1128,.F.);
#677=EDGE_CURVE('',#903,#903,#1129,.F.);
#678=EDGE_CURVE('',#904,#904,#1130,.F.);
#679=EDGE_CURVE('',#905,#905,#1131,.F.);
#680=EDGE_CURVE('',#906,#906,#1132,.F.);
#681=EDGE_CURVE('',#907,#907,#1133,.F.);
#682=EDGE_CURVE('',#908,#908,#1134,.F.);
#683=EDGE_CURVE('',#909,#909,#1135,.F.);
#684=EDGE_CURVE('',#910,#910,#1136,.F.);
#685=EDGE_CURVE('',#911,#911,#1137,.F.);
#686=EDGE_CURVE('',#912,#912,#1138,.F.);
#687=EDGE_CURVE('',#913,#913,#1139,.F.);
#688=EDGE_CURVE('',#914,#914,#1140,.F.);
#689=EDGE_CURVE('',#915,#915,#1141,.F.);
#690=EDGE_CURVE('',#916,#916,#1142,.F.);
#691=EDGE_CURVE('',#917,#917,#1143,.F.);
#692=EDGE_CURVE('',#918,#918,#1144,.F.);
#693=EDGE_CURVE('',#919,#919,#1145,.F.);
#694=EDGE_CURVE('',#920,#920,#1146,.F.);
#695=EDGE_CURVE('',#921,#921,#1147,.F.);
#696=EDGE_CURVE('',#922,#922,#1148,.F.);
#697=EDGE_CURVE('',#923,#923,#1149,.F.);
#698=EDGE_CURVE('',#924,#924,#1150,.F.);
#699=EDGE_CURVE('',#925,#925,#1151,.F.);
#700=EDGE_CURVE('',#926,#926,#1152,.F.);
#701=EDGE_CURVE('',#927,#927,#1153,.F.);
#702=EDGE_CURVE('',#928,#928,#1154,.F.);
#703=EDGE_CURVE('',#929,#929,#1155,.F.);
#704=EDGE_CURVE('',#930,#930,#1156,.F.);
#705=EDGE_CURVE('',#931,#931,#1157,.F.);
#706=EDGE_CURVE('',#932,#932,#1158,.F.);
#707=EDGE_CURVE('',#933,#933,#1159,.F.);
#708=EDGE_CURVE('',#934,#934,#1160,.F.);
#709=EDGE_CURVE('',#935,#935,#1161,.F.);
#710=EDGE_CURVE('',#936,#936,#1162,.F.);
#711=EDGE_CURVE('',#937,#937,#1163,.F.);
#712=EDGE_CURVE('',#938,#938,#1164,.F.);
#713=EDGE_CURVE('',#939,#939,#1165,.F.);
#714=EDGE_CURVE('',#940,#940,#1166,.F.);
#715=EDGE_CURVE('',#941,#941,#1167,.F.);
#716=EDGE_CURVE('',#942,#942,#1168,.F.);
#717=EDGE_CURVE('',#943,#943,#1169,.F.);
#718=EDGE_CURVE('',#944,#944,#1170,.F.);
#719=EDGE_CURVE('',#945,#945,#1171,.F.);
#720=EDGE_CURVE('',#946,#946,#1172,.F.);
#721=EDGE_CURVE('',#947,#947,#1173,.F.);
#722=EDGE_CURVE('',#948,#948,#1174,.F.);
#723=EDGE_CURVE('',#949,#949,#1175,.F.);
#724=EDGE_CURVE('',#950,#950,#1176,.F.);
#725=EDGE_CURVE('',#951,#951,#1177,.F.);
#726=EDGE_CURVE('',#952,#952,#1178,.F.);
#727=EDGE_CURVE('',#953,#953,#1179,.F.);
#728=EDGE_CURVE('',#954,#954,#1180,.F.);
#729=EDGE_CURVE('',#955,#955,#1181,.F.);
#730=EDGE_CURVE('',#956,#956,#1182,.F.);
#731=EDGE_CURVE('',#957,#957,#1183,.F.);
#732=EDGE_CURVE('',#958,#958,#1184,.F.);
#733=EDGE_CURVE('',#959,#959,#1185,.F.);
#734=EDGE_CURVE('',#960,#960,#1186,.F.);
#735=EDGE_CURVE('',#961,#961,#1187,.F.);
#736=EDGE_CURVE('',#962,#962,#1188,.F.);
#737=EDGE_CURVE('',#963,#963,#1189,.F.);
#738=EDGE_CURVE('',#964,#964,#1190,.F.);
#739=EDGE_CURVE('',#965,#965,#1191,.F.);
#740=EDGE_CURVE('',#966,#966,#1192,.F.);
#741=EDGE_CURVE('',#967,#967,#1193,.F.);
#742=EDGE_CURVE('',#968,#968,#1194,.F.);
#743=EDGE_CURVE('',#969,#969,#1195,.F.);
#744=EDGE_CURVE('',#970,#970,#1196,.F.);
#745=EDGE_CURVE('',#971,#971,#1197,.F.);
#746=EDGE_CURVE('',#972,#972,#1198,.F.);
#747=EDGE_CURVE('',#973,#973,#1199,.F.);
#748=EDGE_CURVE('',#974,#974,#1200,.F.);
#749=EDGE_CURVE('',#975,#975,#1201,.F.);
#750=EDGE_CURVE('',#976,#976,#1202,.F.);
#751=EDGE_CURVE('',#977,#977,#1203,.F.);
#752=EDGE_CURVE('',#978,#978,#1204,.F.);
#753=EDGE_CURVE('',#979,#979,#1205,.F.);
#754=EDGE_CURVE('',#980,#980,#1206,.F.);
#755=EDGE_CURVE('',#981,#981,#1207,.F.);
#756=EDGE_CURVE('',#982,#982,#1208,.F.);
#757=EDGE_CURVE('',#983,#983,#1209,.F.);
#758=EDGE_CURVE('',#984,#984,#1210,.F.);
#759=EDGE_CURVE('',#985,#985,#1211,.F.);
#760=EDGE_CURVE('',#986,#986,#1212,.F.);
#761=EDGE_CURVE('',#987,#987,#1213,.F.);
#762=EDGE_CURVE('',#988,#988,#1214,.F.);
#763=EDGE_CURVE('',#989,#989,#1215,.F.);
#764=EDGE_CURVE('',#990,#990,#1216,.F.);
#765=EDGE_CURVE('',#991,#991,#1217,.F.);
#766=EDGE_CURVE('',#992,#992,#1218,.F.);
#767=EDGE_CURVE('',#993,#993,#1219,.F.);
#768=EDGE_CURVE('',#994,#994,#1220,.F.);
#769=EDGE_CURVE('',#995,#995,#1221,.F.);
#770=EDGE_CURVE('',#996,#996,#1222,.F.);
#771=EDGE_CURVE('',#997,#997,#1223,.F.);
#772=EDGE_CURVE('',#998,#998,#1224,.F.);
#773=EDGE_CURVE('',#999,#999,#1225,.F.);
#774=EDGE_CURVE('',#1000,#1000,#1226,.F.);
#775=EDGE_CURVE('',#1001,#1001,#1227,.F.);
#776=EDGE_CURVE('',#1002,#1002,#1228,.F.);
#777=EDGE_CURVE('',#1003,#1003,#1229,.F.);
#778=EDGE_CURVE('',#1004,#1004,#1230,.F.);
#779=EDGE_CURVE('',#1005,#1005,#1231,.F.);
#780=EDGE_CURVE('',#1006,#1006,#1232,.F.);
#781=EDGE_CURVE('',#1007,#1007,#1233,.F.);
#782=EDGE_CURVE('',#1008,#1008,#1234,.F.);
#783=EDGE_CURVE('',#1009,#1009,#1235,.F.);
#784=EDGE_CURVE('',#1010,#1010,#1236,.F.);
#785=EDGE_CURVE('',#1011,#1011,#1237,.F.);
#786=EDGE_CURVE('',#1012,#1012,#1238,.F.);
#787=EDGE_CURVE('',#1013,#1013,#1239,.F.);
#788=EDGE_CURVE('',#1014,#1014,#1240,.F.);
#789=EDGE_CURVE('',#1015,#1015,#1241,.F.);
#790=EDGE_CURVE('',#1016,#1016,#1242,.F.);
#791=EDGE_CURVE('',#1017,#1017,#1243,.F.);
#792=EDGE_CURVE('',#1018,#1018,#1244,.F.);
#793=EDGE_CURVE('',#1019,#1019,#1245,.F.);
#794=EDGE_CURVE('',#1020,#1020,#1246,.F.);
#795=EDGE_CURVE('',#1021,#1021,#1247,.F.);
#796=EDGE_CURVE('',#1022,#1022,#1248,.F.);
#797=EDGE_CURVE('',#1023,#1023,#1249,.F.);
#798=EDGE_CURVE('',#1024,#1024,#1250,.F.);
#799=EDGE_CURVE('',#1025,#1025,#1251,.F.);
#800=EDGE_CURVE('',#1026,#1026,#1252,.F.);
#801=EDGE_CURVE('',#1027,#1027,#1253,.F.);
#802=EDGE_CURVE('',#1028,#1028,#1254,.F.);
#803=EDGE_CURVE('',#1029,#1029,#1255,.F.);
#804=EDGE_CURVE('',#1030,#1030,#1256,.F.);
#805=EDGE_CURVE('',#1031,#1031,#1257,.F.);
#806=EDGE_CURVE('',#1032,#1032,#1258,.F.);
#807=EDGE_CURVE('',#1033,#1033,#1259,.F.);
#808=EDGE_CURVE('',#1034,#1034,#1260,.F.);
#809=EDGE_CURVE('',#1035,#1035,#1261,.F.);
#810=EDGE_CURVE('',#1036,#1036,#1262,.F.);
#811=EDGE_CURVE('',#1037,#1037,#1263,.F.);
#812=VERTEX_POINT('',#4181);
#813=VERTEX_POINT('',#4183);
#814=VERTEX_POINT('',#4186);
#815=VERTEX_POINT('',#4188);
#816=VERTEX_POINT('',#4193);
#817=VERTEX_POINT('',#4195);
#818=VERTEX_POINT('',#4198);
#819=VERTEX_POINT('',#4201);
#820=VERTEX_POINT('',#4204);
#821=VERTEX_POINT('',#4207);
#822=VERTEX_POINT('',#4210);
#823=VERTEX_POINT('',#4213);
#824=VERTEX_POINT('',#4217);
#825=VERTEX_POINT('',#4219);
#826=VERTEX_POINT('',#4222);
#827=VERTEX_POINT('',#4225);
#828=VERTEX_POINT('',#4228);
#829=VERTEX_POINT('',#4231);
#830=VERTEX_POINT('',#4234);
#831=VERTEX_POINT('',#4237);
#832=VERTEX_POINT('',#4241);
#833=VERTEX_POINT('',#4243);
#834=VERTEX_POINT('',#4246);
#835=VERTEX_POINT('',#4249);
#836=VERTEX_POINT('',#4252);
#837=VERTEX_POINT('',#4255);
#838=VERTEX_POINT('',#4258);
#839=VERTEX_POINT('',#4261);
#840=VERTEX_POINT('',#4265);
#841=VERTEX_POINT('',#4267);
#842=VERTEX_POINT('',#4270);
#843=VERTEX_POINT('',#4273);
#844=VERTEX_POINT('',#4276);
#845=VERTEX_POINT('',#4279);
#846=VERTEX_POINT('',#4282);
#847=VERTEX_POINT('',#4285);
#848=VERTEX_POINT('',#4289);
#849=VERTEX_POINT('',#4291);
#850=VERTEX_POINT('',#4294);
#851=VERTEX_POINT('',#4297);
#852=VERTEX_POINT('',#4300);
#853=VERTEX_POINT('',#4303);
#854=VERTEX_POINT('',#4306);
#855=VERTEX_POINT('',#4309);
#856=VERTEX_POINT('',#4313);
#857=VERTEX_POINT('',#4315);
#858=VERTEX_POINT('',#4318);
#859=VERTEX_POINT('',#4321);
#860=VERTEX_POINT('',#4324);
#861=VERTEX_POINT('',#4327);
#862=VERTEX_POINT('',#4330);
#863=VERTEX_POINT('',#4333);
#864=VERTEX_POINT('',#4337);
#865=VERTEX_POINT('',#4339);
#866=VERTEX_POINT('',#4342);
#867=VERTEX_POINT('',#4345);
#868=VERTEX_POINT('',#4348);
#869=VERTEX_POINT('',#4351);
#870=VERTEX_POINT('',#4354);
#871=VERTEX_POINT('',#4357);
#872=VERTEX_POINT('',#4361);
#873=VERTEX_POINT('',#4363);
#874=VERTEX_POINT('',#4366);
#875=VERTEX_POINT('',#4369);
#876=VERTEX_POINT('',#4372);
#877=VERTEX_POINT('',#4375);
#878=VERTEX_POINT('',#4378);
#879=VERTEX_POINT('',#4381);
#880=VERTEX_POINT('',#4385);
#881=VERTEX_POINT('',#4387);
#882=VERTEX_POINT('',#4390);
#883=VERTEX_POINT('',#4393);
#884=VERTEX_POINT('',#4396);
#885=VERTEX_POINT('',#4399);
#886=VERTEX_POINT('',#4402);
#887=VERTEX_POINT('',#4405);
#888=VERTEX_POINT('',#4409);
#889=VERTEX_POINT('',#4411);
#890=VERTEX_POINT('',#4414);
#891=VERTEX_POINT('',#4417);
#892=VERTEX_POINT('',#4420);
#893=VERTEX_POINT('',#4423);
#894=VERTEX_POINT('',#4428);
#895=VERTEX_POINT('',#4430);
#896=VERTEX_POINT('',#4433);
#897=VERTEX_POINT('',#4436);
#898=VERTEX_POINT('',#4439);
#899=VERTEX_POINT('',#4442);
#900=VERTEX_POINT('',#4445);
#901=VERTEX_POINT('',#4448);
#902=VERTEX_POINT('',#4452);
#903=VERTEX_POINT('',#4454);
#904=VERTEX_POINT('',#4457);
#905=VERTEX_POINT('',#4460);
#906=VERTEX_POINT('',#4463);
#907=VERTEX_POINT('',#4466);
#908=VERTEX_POINT('',#4469);
#909=VERTEX_POINT('',#4472);
#910=VERTEX_POINT('',#4476);
#911=VERTEX_POINT('',#4478);
#912=VERTEX_POINT('',#4481);
#913=VERTEX_POINT('',#4484);
#914=VERTEX_POINT('',#4487);
#915=VERTEX_POINT('',#4490);
#916=VERTEX_POINT('',#4493);
#917=VERTEX_POINT('',#4496);
#918=VERTEX_POINT('',#4500);
#919=VERTEX_POINT('',#4502);
#920=VERTEX_POINT('',#4505);
#921=VERTEX_POINT('',#4508);
#922=VERTEX_POINT('',#4511);
#923=VERTEX_POINT('',#4514);
#924=VERTEX_POINT('',#4517);
#925=VERTEX_POINT('',#4520);
#926=VERTEX_POINT('',#4524);
#927=VERTEX_POINT('',#4526);
#928=VERTEX_POINT('',#4529);
#929=VERTEX_POINT('',#4532);
#930=VERTEX_POINT('',#4535);
#931=VERTEX_POINT('',#4538);
#932=VERTEX_POINT('',#4541);
#933=VERTEX_POINT('',#4544);
#934=VERTEX_POINT('',#4548);
#935=VERTEX_POINT('',#4550);
#936=VERTEX_POINT('',#4553);
#937=VERTEX_POINT('',#4556);
#938=VERTEX_POINT('',#4559);
#939=VERTEX_POINT('',#4562);
#940=VERTEX_POINT('',#4565);
#941=VERTEX_POINT('',#4568);
#942=VERTEX_POINT('',#4572);
#943=VERTEX_POINT('',#4574);
#944=VERTEX_POINT('',#4577);
#945=VERTEX_POINT('',#4580);
#946=VERTEX_POINT('',#4583);
#947=VERTEX_POINT('',#4586);
#948=VERTEX_POINT('',#4589);
#949=VERTEX_POINT('',#4592);
#950=VERTEX_POINT('',#4596);
#951=VERTEX_POINT('',#4598);
#952=VERTEX_POINT('',#4601);
#953=VERTEX_POINT('',#4604);
#954=VERTEX_POINT('',#4607);
#955=VERTEX_POINT('',#4610);
#956=VERTEX_POINT('',#4613);
#957=VERTEX_POINT('',#4616);
#958=VERTEX_POINT('',#4620);
#959=VERTEX_POINT('',#4622);
#960=VERTEX_POINT('',#4625);
#961=VERTEX_POINT('',#4628);
#962=VERTEX_POINT('',#4631);
#963=VERTEX_POINT('',#4634);
#964=VERTEX_POINT('',#4637);
#965=VERTEX_POINT('',#4640);
#966=VERTEX_POINT('',#4644);
#967=VERTEX_POINT('',#4646);
#968=VERTEX_POINT('',#4649);
#969=VERTEX_POINT('',#4652);
#970=VERTEX_POINT('',#4655);
#971=VERTEX_POINT('',#4658);
#972=VERTEX_POINT('',#4661);
#973=VERTEX_POINT('',#4664);
#974=VERTEX_POINT('',#4668);
#975=VERTEX_POINT('',#4670);
#976=VERTEX_POINT('',#4673);
#977=VERTEX_POINT('',#4676);
#978=VERTEX_POINT('',#4679);
#979=VERTEX_POINT('',#4682);
#980=VERTEX_POINT('',#4685);
#981=VERTEX_POINT('',#4688);
#982=VERTEX_POINT('',#4692);
#983=VERTEX_POINT('',#4694);
#984=VERTEX_POINT('',#4697);
#985=VERTEX_POINT('',#4700);
#986=VERTEX_POINT('',#4703);
#987=VERTEX_POINT('',#4706);
#988=VERTEX_POINT('',#4709);
#989=VERTEX_POINT('',#4712);
#990=VERTEX_POINT('',#4716);
#991=VERTEX_POINT('',#4718);
#992=VERTEX_POINT('',#4721);
#993=VERTEX_POINT('',#4724);
#994=VERTEX_POINT('',#4727);
#995=VERTEX_POINT('',#4730);
#996=VERTEX_POINT('',#4733);
#997=VERTEX_POINT('',#4736);
#998=VERTEX_POINT('',#4740);
#999=VERTEX_POINT('',#4742);
#1000=VERTEX_POINT('',#4745);
#1001=VERTEX_POINT('',#4748);
#1002=VERTEX_POINT('',#4751);
#1003=VERTEX_POINT('',#4754);
#1004=VERTEX_POINT('',#4757);
#1005=VERTEX_POINT('',#4760);
#1006=VERTEX_POINT('',#4764);
#1007=VERTEX_POINT('',#4766);
#1008=VERTEX_POINT('',#4769);
#1009=VERTEX_POINT('',#4772);
#1010=VERTEX_POINT('',#4775);
#1011=VERTEX_POINT('',#4778);
#1012=VERTEX_POINT('',#4781);
#1013=VERTEX_POINT('',#4784);
#1014=VERTEX_POINT('',#4788);
#1015=VERTEX_POINT('',#4790);
#1016=VERTEX_POINT('',#4793);
#1017=VERTEX_POINT('',#4796);
#1018=VERTEX_POINT('',#4799);
#1019=VERTEX_POINT('',#4802);
#1020=VERTEX_POINT('',#4805);
#1021=VERTEX_POINT('',#4808);
#1022=VERTEX_POINT('',#4812);
#1023=VERTEX_POINT('',#4814);
#1024=VERTEX_POINT('',#4817);
#1025=VERTEX_POINT('',#4820);
#1026=VERTEX_POINT('',#4823);
#1027=VERTEX_POINT('',#4826);
#1028=VERTEX_POINT('',#4829);
#1029=VERTEX_POINT('',#4832);
#1030=VERTEX_POINT('',#4836);
#1031=VERTEX_POINT('',#4838);
#1032=VERTEX_POINT('',#4841);
#1033=VERTEX_POINT('',#4844);
#1034=VERTEX_POINT('',#4847);
#1035=VERTEX_POINT('',#4850);
#1036=VERTEX_POINT('',#4853);
#1037=VERTEX_POINT('',#4856);
#1038=CIRCLE('',#2818,3.79096750665816);
#1039=CIRCLE('',#2819,3.79096750665816);
#1040=CIRCLE('',#2821,8.75);
#1041=CIRCLE('',#2822,8.75);
#1042=CIRCLE('',#2826,0.314999999999999);
#1043=CIRCLE('',#2827,0.314999999999999);
#1044=CIRCLE('',#2829,0.314999999999999);
#1045=CIRCLE('',#2831,0.314999999999999);
#1046=CIRCLE('',#2833,0.314999999999999);
#1047=CIRCLE('',#2835,0.314999999999999);
#1048=CIRCLE('',#2837,0.314999999999999);
#1049=CIRCLE('',#2839,0.314999999999999);
#1050=CIRCLE('',#2842,0.314999999999999);
#1051=CIRCLE('',#2843,0.314999999999999);
#1052=CIRCLE('',#2845,0.314999999999999);
#1053=CIRCLE('',#2847,0.314999999999999);
#1054=CIRCLE('',#2849,0.314999999999999);
#1055=CIRCLE('',#2851,0.314999999999999);
#1056=CIRCLE('',#2853,0.314999999999999);
#1057=CIRCLE('',#2855,0.314999999999999);
#1058=CIRCLE('',#2858,0.314999999999999);
#1059=CIRCLE('',#2859,0.314999999999999);
#1060=CIRCLE('',#2861,0.314999999999999);
#1061=CIRCLE('',#2863,0.314999999999999);
#1062=CIRCLE('',#2865,0.314999999999999);
#1063=CIRCLE('',#2867,0.314999999999999);
#1064=CIRCLE('',#2869,0.314999999999999);
#1065=CIRCLE('',#2871,0.314999999999999);
#1066=CIRCLE('',#2874,0.314999999999999);
#1067=CIRCLE('',#2875,0.314999999999999);
#1068=CIRCLE('',#2877,0.314999999999999);
#1069=CIRCLE('',#2879,0.314999999999999);
#1070=CIRCLE('',#2881,0.314999999999999);
#1071=CIRCLE('',#2883,0.314999999999999);
#1072=CIRCLE('',#2885,0.314999999999999);
#1073=CIRCLE('',#2887,0.314999999999999);
#1074=CIRCLE('',#2890,0.314999999999999);
#1075=CIRCLE('',#2891,0.314999999999999);
#1076=CIRCLE('',#2893,0.314999999999999);
#1077=CIRCLE('',#2895,0.314999999999999);
#1078=CIRCLE('',#2897,0.314999999999999);
#1079=CIRCLE('',#2899,0.314999999999999);
#1080=CIRCLE('',#2901,0.314999999999999);
#1081=CIRCLE('',#2903,0.314999999999999);
#1082=CIRCLE('',#2906,0.314999999999999);
#1083=CIRCLE('',#2907,0.314999999999999);
#1084=CIRCLE('',#2909,0.314999999999999);
#1085=CIRCLE('',#2911,0.314999999999999);
#1086=CIRCLE('',#2913,0.314999999999999);
#1087=CIRCLE('',#2915,0.314999999999999);
#1088=CIRCLE('',#2917,0.314999999999999);
#1089=CIRCLE('',#2919,0.314999999999999);
#1090=CIRCLE('',#2922,0.314999999999999);
#1091=CIRCLE('',#2923,0.314999999999999);
#1092=CIRCLE('',#2925,0.314999999999999);
#1093=CIRCLE('',#2927,0.314999999999999);
#1094=CIRCLE('',#2929,0.314999999999999);
#1095=CIRCLE('',#2931,0.314999999999999);
#1096=CIRCLE('',#2933,0.314999999999999);
#1097=CIRCLE('',#2935,0.314999999999999);
#1098=CIRCLE('',#2938,0.314999999999999);
#1099=CIRCLE('',#2939,0.314999999999999);
#1100=CIRCLE('',#2941,0.314999999999999);
#1101=CIRCLE('',#2943,0.314999999999999);
#1102=CIRCLE('',#2945,0.314999999999999);
#1103=CIRCLE('',#2947,0.314999999999999);
#1104=CIRCLE('',#2949,0.314999999999999);
#1105=CIRCLE('',#2951,0.314999999999999);
#1106=CIRCLE('',#2954,0.314999999999999);
#1107=CIRCLE('',#2955,0.314999999999999);
#1108=CIRCLE('',#2957,0.314999999999999);
#1109=CIRCLE('',#2959,0.314999999999999);
#1110=CIRCLE('',#2961,0.314999999999999);
#1111=CIRCLE('',#2963,0.314999999999999);
#1112=CIRCLE('',#2965,0.314999999999999);
#1113=CIRCLE('',#2967,0.314999999999999);
#1114=CIRCLE('',#2970,0.314999999999999);
#1115=CIRCLE('',#2971,0.314999999999999);
#1116=CIRCLE('',#2973,0.314999999999999);
#1117=CIRCLE('',#2975,0.314999999999999);
#1118=CIRCLE('',#2977,0.314999999999999);
#1119=CIRCLE('',#2979,0.314999999999999);
#1120=CIRCLE('',#2983,0.314999999999999);
#1121=CIRCLE('',#2984,0.314999999999999);
#1122=CIRCLE('',#2986,0.314999999999999);
#1123=CIRCLE('',#2988,0.314999999999999);
#1124=CIRCLE('',#2990,0.314999999999999);
#1125=CIRCLE('',#2992,0.314999999999999);
#1126=CIRCLE('',#2994,0.314999999999999);
#1127=CIRCLE('',#2996,0.314999999999999);
#1128=CIRCLE('',#2999,0.314999999999999);
#1129=CIRCLE('',#3000,0.314999999999999);
#1130=CIRCLE('',#3002,0.314999999999999);
#1131=CIRCLE('',#3004,0.314999999999999);
#1132=CIRCLE('',#3006,0.314999999999999);
#1133=CIRCLE('',#3008,0.314999999999999);
#1134=CIRCLE('',#3010,0.314999999999999);
#1135=CIRCLE('',#3012,0.314999999999999);
#1136=CIRCLE('',#3015,0.314999999999999);
#1137=CIRCLE('',#3016,0.314999999999999);
#1138=CIRCLE('',#3018,0.314999999999999);
#1139=CIRCLE('',#3020,0.314999999999999);
#1140=CIRCLE('',#3022,0.314999999999999);
#1141=CIRCLE('',#3024,0.314999999999999);
#1142=CIRCLE('',#3026,0.314999999999999);
#1143=CIRCLE('',#3028,0.314999999999999);
#1144=CIRCLE('',#3031,0.314999999999999);
#1145=CIRCLE('',#3032,0.314999999999999);
#1146=CIRCLE('',#3034,0.314999999999999);
#1147=CIRCLE('',#3036,0.314999999999999);
#1148=CIRCLE('',#3038,0.314999999999999);
#1149=CIRCLE('',#3040,0.314999999999999);
#1150=CIRCLE('',#3042,0.314999999999999);
#1151=CIRCLE('',#3044,0.314999999999999);
#1152=CIRCLE('',#3047,0.314999999999999);
#1153=CIRCLE('',#3048,0.314999999999999);
#1154=CIRCLE('',#3050,0.314999999999999);
#1155=CIRCLE('',#3052,0.314999999999999);
#1156=CIRCLE('',#3054,0.314999999999999);
#1157=CIRCLE('',#3056,0.314999999999999);
#1158=CIRCLE('',#3058,0.314999999999999);
#1159=CIRCLE('',#3060,0.314999999999999);
#1160=CIRCLE('',#3063,0.314999999999999);
#1161=CIRCLE('',#3064,0.314999999999999);
#1162=CIRCLE('',#3066,0.314999999999999);
#1163=CIRCLE('',#3068,0.314999999999999);
#1164=CIRCLE('',#3070,0.314999999999999);
#1165=CIRCLE('',#3072,0.314999999999999);
#1166=CIRCLE('',#3074,0.314999999999999);
#1167=CIRCLE('',#3076,0.314999999999999);
#1168=CIRCLE('',#3079,0.314999999999999);
#1169=CIRCLE('',#3080,0.314999999999999);
#1170=CIRCLE('',#3082,0.314999999999999);
#1171=CIRCLE('',#3084,0.314999999999999);
#1172=CIRCLE('',#3086,0.314999999999999);
#1173=CIRCLE('',#3088,0.314999999999999);
#1174=CIRCLE('',#3090,0.314999999999999);
#1175=CIRCLE('',#3092,0.314999999999999);
#1176=CIRCLE('',#3095,0.314999999999999);
#1177=CIRCLE('',#3096,0.314999999999999);
#1178=CIRCLE('',#3098,0.314999999999999);
#1179=CIRCLE('',#3100,0.314999999999999);
#1180=CIRCLE('',#3102,0.314999999999999);
#1181=CIRCLE('',#3104,0.314999999999999);
#1182=CIRCLE('',#3106,0.314999999999999);
#1183=CIRCLE('',#3108,0.314999999999999);
#1184=CIRCLE('',#3111,0.314999999999999);
#1185=CIRCLE('',#3112,0.314999999999999);
#1186=CIRCLE('',#3114,0.314999999999999);
#1187=CIRCLE('',#3116,0.314999999999999);
#1188=CIRCLE('',#3118,0.314999999999999);
#1189=CIRCLE('',#3120,0.314999999999999);
#1190=CIRCLE('',#3122,0.314999999999999);
#1191=CIRCLE('',#3124,0.314999999999999);
#1192=CIRCLE('',#3127,0.314999999999999);
#1193=CIRCLE('',#3128,0.314999999999999);
#1194=CIRCLE('',#3130,0.314999999999999);
#1195=CIRCLE('',#3132,0.314999999999999);
#1196=CIRCLE('',#3134,0.314999999999999);
#1197=CIRCLE('',#3136,0.314999999999999);
#1198=CIRCLE('',#3138,0.314999999999999);
#1199=CIRCLE('',#3140,0.314999999999999);
#1200=CIRCLE('',#3143,0.314999999999999);
#1201=CIRCLE('',#3144,0.314999999999999);
#1202=CIRCLE('',#3146,0.314999999999999);
#1203=CIRCLE('',#3148,0.314999999999999);
#1204=CIRCLE('',#3150,0.314999999999999);
#1205=CIRCLE('',#3152,0.314999999999999);
#1206=CIRCLE('',#3154,0.314999999999999);
#1207=CIRCLE('',#3156,0.314999999999999);
#1208=CIRCLE('',#3159,0.314999999999999);
#1209=CIRCLE('',#3160,0.314999999999999);
#1210=CIRCLE('',#3162,0.314999999999999);
#1211=CIRCLE('',#3164,0.314999999999999);
#1212=CIRCLE('',#3166,0.314999999999999);
#1213=CIRCLE('',#3168,0.314999999999999);
#1214=CIRCLE('',#3170,0.314999999999999);
#1215=CIRCLE('',#3172,0.314999999999999);
#1216=CIRCLE('',#3175,0.314999999999999);
#1217=CIRCLE('',#3176,0.314999999999999);
#1218=CIRCLE('',#3178,0.314999999999999);
#1219=CIRCLE('',#3180,0.314999999999999);
#1220=CIRCLE('',#3182,0.314999999999999);
#1221=CIRCLE('',#3184,0.314999999999999);
#1222=CIRCLE('',#3186,0.314999999999999);
#1223=CIRCLE('',#3188,0.314999999999999);
#1224=CIRCLE('',#3191,0.314999999999999);
#1225=CIRCLE('',#3192,0.314999999999999);
#1226=CIRCLE('',#3194,0.314999999999999);
#1227=CIRCLE('',#3196,0.314999999999999);
#1228=CIRCLE('',#3198,0.314999999999999);
#1229=CIRCLE('',#3200,0.314999999999999);
#1230=CIRCLE('',#3202,0.314999999999999);
#1231=CIRCLE('',#3204,0.314999999999999);
#1232=CIRCLE('',#3207,0.314999999999999);
#1233=CIRCLE('',#3208,0.314999999999999);
#1234=CIRCLE('',#3210,0.314999999999999);
#1235=CIRCLE('',#3212,0.314999999999999);
#1236=CIRCLE('',#3214,0.314999999999999);
#1237=CIRCLE('',#3216,0.314999999999999);
#1238=CIRCLE('',#3218,0.314999999999999);
#1239=CIRCLE('',#3220,0.314999999999999);
#1240=CIRCLE('',#3223,0.314999999999999);
#1241=CIRCLE('',#3224,0.314999999999999);
#1242=CIRCLE('',#3226,0.314999999999999);
#1243=CIRCLE('',#3228,0.314999999999999);
#1244=CIRCLE('',#3230,0.314999999999999);
#1245=CIRCLE('',#3232,0.314999999999999);
#1246=CIRCLE('',#3234,0.314999999999999);
#1247=CIRCLE('',#3236,0.314999999999999);
#1248=CIRCLE('',#3239,0.314999999999999);
#1249=CIRCLE('',#3240,0.314999999999999);
#1250=CIRCLE('',#3242,0.314999999999999);
#1251=CIRCLE('',#3244,0.314999999999999);
#1252=CIRCLE('',#3246,0.314999999999999);
#1253=CIRCLE('',#3248,0.314999999999999);
#1254=CIRCLE('',#3250,0.314999999999999);
#1255=CIRCLE('',#3252,0.314999999999999);
#1256=CIRCLE('',#3255,0.314999999999999);
#1257=CIRCLE('',#3256,0.314999999999999);
#1258=CIRCLE('',#3258,0.314999999999999);
#1259=CIRCLE('',#3260,0.314999999999999);
#1260=CIRCLE('',#3262,0.314999999999999);
#1261=CIRCLE('',#3264,0.314999999999999);
#1262=CIRCLE('',#3266,0.314999999999999);
#1263=CIRCLE('',#3268,0.314999999999999);
#1264=EDGE_LOOP('',(#134));
#1265=EDGE_LOOP('',(#135));
#1266=EDGE_LOOP('',(#136));
#1267=EDGE_LOOP('',(#137));
#1268=EDGE_LOOP('',(#138));
#1269=EDGE_LOOP('',(#139));
#1270=EDGE_LOOP('',(#140));
#1271=EDGE_LOOP('',(#141));
#1272=EDGE_LOOP('',(#142));
#1273=EDGE_LOOP('',(#143));
#1274=EDGE_LOOP('',(#144));
#1275=EDGE_LOOP('',(#145));
#1276=EDGE_LOOP('',(#146));
#1277=EDGE_LOOP('',(#147));
#1278=EDGE_LOOP('',(#148));
#1279=EDGE_LOOP('',(#149));
#1280=EDGE_LOOP('',(#150));
#1281=EDGE_LOOP('',(#151));
#1282=EDGE_LOOP('',(#152));
#1283=EDGE_LOOP('',(#153));
#1284=EDGE_LOOP('',(#154));
#1285=EDGE_LOOP('',(#155));
#1286=EDGE_LOOP('',(#156));
#1287=EDGE_LOOP('',(#157));
#1288=EDGE_LOOP('',(#158));
#1289=EDGE_LOOP('',(#159));
#1290=EDGE_LOOP('',(#160));
#1291=EDGE_LOOP('',(#161));
#1292=EDGE_LOOP('',(#162));
#1293=EDGE_LOOP('',(#163));
#1294=EDGE_LOOP('',(#164));
#1295=EDGE_LOOP('',(#165));
#1296=EDGE_LOOP('',(#166));
#1297=EDGE_LOOP('',(#167));
#1298=EDGE_LOOP('',(#168));
#1299=EDGE_LOOP('',(#169));
#1300=EDGE_LOOP('',(#170));
#1301=EDGE_LOOP('',(#171));
#1302=EDGE_LOOP('',(#172));
#1303=EDGE_LOOP('',(#173));
#1304=EDGE_LOOP('',(#174));
#1305=EDGE_LOOP('',(#175));
#1306=EDGE_LOOP('',(#176));
#1307=EDGE_LOOP('',(#177));
#1308=EDGE_LOOP('',(#178));
#1309=EDGE_LOOP('',(#179));
#1310=EDGE_LOOP('',(#180));
#1311=EDGE_LOOP('',(#181));
#1312=EDGE_LOOP('',(#182));
#1313=EDGE_LOOP('',(#183));
#1314=EDGE_LOOP('',(#184));
#1315=EDGE_LOOP('',(#185));
#1316=EDGE_LOOP('',(#186));
#1317=EDGE_LOOP('',(#187));
#1318=EDGE_LOOP('',(#188));
#1319=EDGE_LOOP('',(#189));
#1320=EDGE_LOOP('',(#190));
#1321=EDGE_LOOP('',(#191));
#1322=EDGE_LOOP('',(#192));
#1323=EDGE_LOOP('',(#193));
#1324=EDGE_LOOP('',(#194));
#1325=EDGE_LOOP('',(#195));
#1326=EDGE_LOOP('',(#196));
#1327=EDGE_LOOP('',(#197));
#1328=EDGE_LOOP('',(#198));
#1329=EDGE_LOOP('',(#199));
#1330=EDGE_LOOP('',(#200));
#1331=EDGE_LOOP('',(#201));
#1332=EDGE_LOOP('',(#202));
#1333=EDGE_LOOP('',(#203));
#1334=EDGE_LOOP('',(#204));
#1335=EDGE_LOOP('',(#205));
#1336=EDGE_LOOP('',(#206));
#1337=EDGE_LOOP('',(#207));
#1338=EDGE_LOOP('',(#208));
#1339=EDGE_LOOP('',(#209));
#1340=EDGE_LOOP('',(#210));
#1341=EDGE_LOOP('',(#211));
#1342=EDGE_LOOP('',(#212));
#1343=EDGE_LOOP('',(#213));
#1344=EDGE_LOOP('',(#214));
#1345=EDGE_LOOP('',(#215));
#1346=EDGE_LOOP('',(#216));
#1347=EDGE_LOOP('',(#217));
#1348=EDGE_LOOP('',(#218));
#1349=EDGE_LOOP('',(#219));
#1350=EDGE_LOOP('',(#220));
#1351=EDGE_LOOP('',(#221));
#1352=EDGE_LOOP('',(#222));
#1353=EDGE_LOOP('',(#223));
#1354=EDGE_LOOP('',(#224));
#1355=EDGE_LOOP('',(#225));
#1356=EDGE_LOOP('',(#226));
#1357=EDGE_LOOP('',(#227));
#1358=EDGE_LOOP('',(#228));
#1359=EDGE_LOOP('',(#229));
#1360=EDGE_LOOP('',(#230));
#1361=EDGE_LOOP('',(#231));
#1362=EDGE_LOOP('',(#232));
#1363=EDGE_LOOP('',(#233));
#1364=EDGE_LOOP('',(#234));
#1365=EDGE_LOOP('',(#235));
#1366=EDGE_LOOP('',(#236));
#1367=EDGE_LOOP('',(#237));
#1368=EDGE_LOOP('',(#238));
#1369=EDGE_LOOP('',(#239));
#1370=EDGE_LOOP('',(#240));
#1371=EDGE_LOOP('',(#241));
#1372=EDGE_LOOP('',(#242));
#1373=EDGE_LOOP('',(#243));
#1374=EDGE_LOOP('',(#244));
#1375=EDGE_LOOP('',(#245));
#1376=EDGE_LOOP('',(#246));
#1377=EDGE_LOOP('',(#247));
#1378=EDGE_LOOP('',(#248));
#1379=EDGE_LOOP('',(#249));
#1380=EDGE_LOOP('',(#250));
#1381=EDGE_LOOP('',(#251));
#1382=EDGE_LOOP('',(#252));
#1383=EDGE_LOOP('',(#253));
#1384=EDGE_LOOP('',(#254));
#1385=EDGE_LOOP('',(#255));
#1386=EDGE_LOOP('',(#256));
#1387=EDGE_LOOP('',(#257));
#1388=EDGE_LOOP('',(#258));
#1389=EDGE_LOOP('',(#259));
#1390=EDGE_LOOP('',(#260));
#1391=EDGE_LOOP('',(#261));
#1392=EDGE_LOOP('',(#262));
#1393=EDGE_LOOP('',(#263));
#1394=EDGE_LOOP('',(#264));
#1395=EDGE_LOOP('',(#265));
#1396=EDGE_LOOP('',(#266));
#1397=EDGE_LOOP('',(#267));
#1398=EDGE_LOOP('',(#268));
#1399=EDGE_LOOP('',(#269));
#1400=EDGE_LOOP('',(#270));
#1401=EDGE_LOOP('',(#271));
#1402=EDGE_LOOP('',(#272));
#1403=EDGE_LOOP('',(#273));
#1404=EDGE_LOOP('',(#274));
#1405=EDGE_LOOP('',(#275));
#1406=EDGE_LOOP('',(#276));
#1407=EDGE_LOOP('',(#277));
#1408=EDGE_LOOP('',(#278));
#1409=EDGE_LOOP('',(#279));
#1410=EDGE_LOOP('',(#280));
#1411=EDGE_LOOP('',(#281));
#1412=EDGE_LOOP('',(#282));
#1413=EDGE_LOOP('',(#283));
#1414=EDGE_LOOP('',(#284));
#1415=EDGE_LOOP('',(#285));
#1416=EDGE_LOOP('',(#286));
#1417=EDGE_LOOP('',(#287));
#1418=EDGE_LOOP('',(#288));
#1419=EDGE_LOOP('',(#289));
#1420=EDGE_LOOP('',(#290));
#1421=EDGE_LOOP('',(#291));
#1422=EDGE_LOOP('',(#292));
#1423=EDGE_LOOP('',(#293));
#1424=EDGE_LOOP('',(#294));
#1425=EDGE_LOOP('',(#295));
#1426=EDGE_LOOP('',(#296));
#1427=EDGE_LOOP('',(#297));
#1428=EDGE_LOOP('',(#298));
#1429=EDGE_LOOP('',(#299));
#1430=EDGE_LOOP('',(#300));
#1431=EDGE_LOOP('',(#301));
#1432=EDGE_LOOP('',(#302));
#1433=EDGE_LOOP('',(#303));
#1434=EDGE_LOOP('',(#304));
#1435=EDGE_LOOP('',(#305));
#1436=EDGE_LOOP('',(#306));
#1437=EDGE_LOOP('',(#307));
#1438=EDGE_LOOP('',(#308));
#1439=EDGE_LOOP('',(#309));
#1440=EDGE_LOOP('',(#310));
#1441=EDGE_LOOP('',(#311));
#1442=EDGE_LOOP('',(#312));
#1443=EDGE_LOOP('',(#313));
#1444=EDGE_LOOP('',(#314));
#1445=EDGE_LOOP('',(#315));
#1446=EDGE_LOOP('',(#316));
#1447=EDGE_LOOP('',(#317));
#1448=EDGE_LOOP('',(#318));
#1449=EDGE_LOOP('',(#319));
#1450=EDGE_LOOP('',(#320));
#1451=EDGE_LOOP('',(#321));
#1452=EDGE_LOOP('',(#322));
#1453=EDGE_LOOP('',(#323));
#1454=EDGE_LOOP('',(#324));
#1455=EDGE_LOOP('',(#325));
#1456=EDGE_LOOP('',(#326));
#1457=EDGE_LOOP('',(#327));
#1458=EDGE_LOOP('',(#328));
#1459=EDGE_LOOP('',(#329));
#1460=EDGE_LOOP('',(#330));
#1461=EDGE_LOOP('',(#331));
#1462=EDGE_LOOP('',(#332));
#1463=EDGE_LOOP('',(#333));
#1464=EDGE_LOOP('',(#334));
#1465=EDGE_LOOP('',(#335));
#1466=EDGE_LOOP('',(#336));
#1467=EDGE_LOOP('',(#337));
#1468=EDGE_LOOP('',(#338));
#1469=EDGE_LOOP('',(#339));
#1470=EDGE_LOOP('',(#340));
#1471=EDGE_LOOP('',(#341));
#1472=EDGE_LOOP('',(#342));
#1473=EDGE_LOOP('',(#343));
#1474=EDGE_LOOP('',(#344));
#1475=EDGE_LOOP('',(#345));
#1476=EDGE_LOOP('',(#346));
#1477=EDGE_LOOP('',(#347));
#1478=EDGE_LOOP('',(#348));
#1479=EDGE_LOOP('',(#349));
#1480=EDGE_LOOP('',(#350));
#1481=EDGE_LOOP('',(#351));
#1482=EDGE_LOOP('',(#352));
#1483=EDGE_LOOP('',(#353));
#1484=EDGE_LOOP('',(#354));
#1485=EDGE_LOOP('',(#355));
#1486=EDGE_LOOP('',(#356));
#1487=EDGE_LOOP('',(#357));
#1488=EDGE_LOOP('',(#358));
#1489=EDGE_LOOP('',(#359));
#1490=EDGE_LOOP('',(#360));
#1491=EDGE_LOOP('',(#361));
#1492=EDGE_LOOP('',(#362));
#1493=EDGE_LOOP('',(#363));
#1494=EDGE_LOOP('',(#364));
#1495=EDGE_LOOP('',(#365));
#1496=EDGE_LOOP('',(#366));
#1497=EDGE_LOOP('',(#367));
#1498=EDGE_LOOP('',(#368));
#1499=EDGE_LOOP('',(#369));
#1500=EDGE_LOOP('',(#370));
#1501=EDGE_LOOP('',(#371));
#1502=EDGE_LOOP('',(#372));
#1503=EDGE_LOOP('',(#373));
#1504=EDGE_LOOP('',(#374));
#1505=EDGE_LOOP('',(#375));
#1506=EDGE_LOOP('',(#376));
#1507=EDGE_LOOP('',(#377));
#1508=EDGE_LOOP('',(#378));
#1509=EDGE_LOOP('',(#379));
#1510=EDGE_LOOP('',(#380));
#1511=EDGE_LOOP('',(#381));
#1512=EDGE_LOOP('',(#382));
#1513=EDGE_LOOP('',(#383));
#1514=EDGE_LOOP('',(#384));
#1515=EDGE_LOOP('',(#385));
#1516=EDGE_LOOP('',(#386));
#1517=EDGE_LOOP('',(#387));
#1518=EDGE_LOOP('',(#388));
#1519=EDGE_LOOP('',(#389));
#1520=EDGE_LOOP('',(#390));
#1521=EDGE_LOOP('',(#391));
#1522=EDGE_LOOP('',(#392));
#1523=EDGE_LOOP('',(#393));
#1524=EDGE_LOOP('',(#394));
#1525=EDGE_LOOP('',(#395));
#1526=EDGE_LOOP('',(#396));
#1527=EDGE_LOOP('',(#397));
#1528=EDGE_LOOP('',(#398));
#1529=EDGE_LOOP('',(#399));
#1530=EDGE_LOOP('',(#400));
#1531=EDGE_LOOP('',(#401));
#1532=EDGE_LOOP('',(#402));
#1533=EDGE_LOOP('',(#403));
#1534=EDGE_LOOP('',(#404));
#1535=EDGE_LOOP('',(#405));
#1536=EDGE_LOOP('',(#406));
#1537=EDGE_LOOP('',(#407));
#1538=EDGE_LOOP('',(#408));
#1539=EDGE_LOOP('',(#409));
#1540=EDGE_LOOP('',(#410));
#1541=EDGE_LOOP('',(#411));
#1542=EDGE_LOOP('',(#412));
#1543=EDGE_LOOP('',(#413));
#1544=EDGE_LOOP('',(#414));
#1545=EDGE_LOOP('',(#415));
#1546=EDGE_LOOP('',(#416));
#1547=EDGE_LOOP('',(#417));
#1548=EDGE_LOOP('',(#418));
#1549=EDGE_LOOP('',(#419));
#1550=EDGE_LOOP('',(#420));
#1551=EDGE_LOOP('',(#421));
#1552=EDGE_LOOP('',(#422));
#1553=EDGE_LOOP('',(#423));
#1554=EDGE_LOOP('',(#424));
#1555=EDGE_LOOP('',(#425));
#1556=EDGE_LOOP('',(#426));
#1557=EDGE_LOOP('',(#427));
#1558=EDGE_LOOP('',(#428));
#1559=EDGE_LOOP('',(#429));
#1560=EDGE_LOOP('',(#430));
#1561=EDGE_LOOP('',(#431));
#1562=EDGE_LOOP('',(#432));
#1563=EDGE_LOOP('',(#433));
#1564=EDGE_LOOP('',(#434));
#1565=EDGE_LOOP('',(#435));
#1566=EDGE_LOOP('',(#436));
#1567=EDGE_LOOP('',(#437));
#1568=EDGE_LOOP('',(#438));
#1569=EDGE_LOOP('',(#439));
#1570=EDGE_LOOP('',(#440));
#1571=EDGE_LOOP('',(#441));
#1572=EDGE_LOOP('',(#442));
#1573=EDGE_LOOP('',(#443));
#1574=EDGE_LOOP('',(#444));
#1575=EDGE_LOOP('',(#445));
#1576=EDGE_LOOP('',(#446));
#1577=EDGE_LOOP('',(#447));
#1578=EDGE_LOOP('',(#448));
#1579=EDGE_LOOP('',(#449));
#1580=EDGE_LOOP('',(#450));
#1581=EDGE_LOOP('',(#451));
#1582=EDGE_LOOP('',(#452));
#1583=EDGE_LOOP('',(#453));
#1584=EDGE_LOOP('',(#454));
#1585=EDGE_LOOP('',(#455));
#1586=EDGE_LOOP('',(#456));
#1587=EDGE_LOOP('',(#457));
#1588=EDGE_LOOP('',(#458));
#1589=EDGE_LOOP('',(#459));
#1590=EDGE_LOOP('',(#460));
#1591=EDGE_LOOP('',(#461));
#1592=EDGE_LOOP('',(#462));
#1593=EDGE_LOOP('',(#463));
#1594=EDGE_LOOP('',(#464));
#1595=EDGE_LOOP('',(#465));
#1596=EDGE_LOOP('',(#466));
#1597=EDGE_LOOP('',(#467));
#1598=EDGE_LOOP('',(#468));
#1599=EDGE_LOOP('',(#469));
#1600=EDGE_LOOP('',(#470));
#1601=EDGE_LOOP('',(#471));
#1602=EDGE_LOOP('',(#472));
#1603=EDGE_LOOP('',(#473));
#1604=EDGE_LOOP('',(#474));
#1605=EDGE_LOOP('',(#475));
#1606=EDGE_LOOP('',(#476));
#1607=EDGE_LOOP('',(#477));
#1608=EDGE_LOOP('',(#478));
#1609=EDGE_LOOP('',(#479));
#1610=EDGE_LOOP('',(#480));
#1611=EDGE_LOOP('',(#481));
#1612=EDGE_LOOP('',(#482));
#1613=EDGE_LOOP('',(#483));
#1614=EDGE_LOOP('',(#484));
#1615=EDGE_LOOP('',(#485));
#1616=EDGE_LOOP('',(#486));
#1617=EDGE_LOOP('',(#487));
#1618=EDGE_LOOP('',(#488));
#1619=EDGE_LOOP('',(#489));
#1620=EDGE_LOOP('',(#490));
#1621=EDGE_LOOP('',(#491));
#1622=EDGE_LOOP('',(#492));
#1623=EDGE_LOOP('',(#493));
#1624=EDGE_LOOP('',(#494));
#1625=EDGE_LOOP('',(#495));
#1626=EDGE_LOOP('',(#496));
#1627=EDGE_LOOP('',(#497));
#1628=EDGE_LOOP('',(#498));
#1629=EDGE_LOOP('',(#499));
#1630=EDGE_LOOP('',(#500));
#1631=EDGE_LOOP('',(#501));
#1632=EDGE_LOOP('',(#502));
#1633=EDGE_LOOP('',(#503));
#1634=EDGE_LOOP('',(#504));
#1635=EDGE_LOOP('',(#505));
#1636=EDGE_LOOP('',(#506));
#1637=EDGE_LOOP('',(#507));
#1638=EDGE_LOOP('',(#508));
#1639=EDGE_LOOP('',(#509));
#1640=EDGE_LOOP('',(#510));
#1641=EDGE_LOOP('',(#511));
#1642=EDGE_LOOP('',(#512));
#1643=EDGE_LOOP('',(#513));
#1644=EDGE_LOOP('',(#514));
#1645=EDGE_LOOP('',(#515));
#1646=EDGE_LOOP('',(#516));
#1647=EDGE_LOOP('',(#517));
#1648=EDGE_LOOP('',(#518));
#1649=EDGE_LOOP('',(#519));
#1650=EDGE_LOOP('',(#520));
#1651=EDGE_LOOP('',(#521));
#1652=EDGE_LOOP('',(#522));
#1653=EDGE_LOOP('',(#523));
#1654=EDGE_LOOP('',(#524));
#1655=EDGE_LOOP('',(#525));
#1656=EDGE_LOOP('',(#526));
#1657=EDGE_LOOP('',(#527));
#1658=EDGE_LOOP('',(#528));
#1659=EDGE_LOOP('',(#529));
#1660=EDGE_LOOP('',(#530));
#1661=EDGE_LOOP('',(#531));
#1662=EDGE_LOOP('',(#532));
#1663=EDGE_LOOP('',(#533));
#1664=EDGE_LOOP('',(#534));
#1665=EDGE_LOOP('',(#535));
#1666=EDGE_LOOP('',(#536));
#1667=EDGE_LOOP('',(#537));
#1668=EDGE_LOOP('',(#538));
#1669=EDGE_LOOP('',(#539));
#1670=EDGE_LOOP('',(#540));
#1671=EDGE_LOOP('',(#541));
#1672=EDGE_LOOP('',(#542));
#1673=EDGE_LOOP('',(#543));
#1674=EDGE_LOOP('',(#544));
#1675=EDGE_LOOP('',(#545));
#1676=EDGE_LOOP('',(#546));
#1677=EDGE_LOOP('',(#547));
#1678=EDGE_LOOP('',(#548));
#1679=EDGE_LOOP('',(#549));
#1680=EDGE_LOOP('',(#550));
#1681=EDGE_LOOP('',(#551));
#1682=EDGE_LOOP('',(#552));
#1683=EDGE_LOOP('',(#553));
#1684=EDGE_LOOP('',(#554));
#1685=EDGE_LOOP('',(#555));
#1686=EDGE_LOOP('',(#556));
#1687=EDGE_LOOP('',(#557));
#1688=EDGE_LOOP('',(#558));
#1689=EDGE_LOOP('',(#559));
#1690=EDGE_LOOP('',(#560));
#1691=EDGE_LOOP('',(#561));
#1692=EDGE_LOOP('',(#562));
#1693=EDGE_LOOP('',(#563));
#1694=EDGE_LOOP('',(#564));
#1695=EDGE_LOOP('',(#565));
#1696=EDGE_LOOP('',(#566));
#1697=EDGE_LOOP('',(#567));
#1698=EDGE_LOOP('',(#568));
#1699=EDGE_LOOP('',(#569));
#1700=EDGE_LOOP('',(#570));
#1701=EDGE_LOOP('',(#571));
#1702=EDGE_LOOP('',(#572));
#1703=EDGE_LOOP('',(#573));
#1704=EDGE_LOOP('',(#574));
#1705=EDGE_LOOP('',(#575));
#1706=EDGE_LOOP('',(#576));
#1707=EDGE_LOOP('',(#577));
#1708=EDGE_LOOP('',(#578));
#1709=EDGE_LOOP('',(#579));
#1710=EDGE_LOOP('',(#580));
#1711=EDGE_LOOP('',(#581));
#1712=EDGE_LOOP('',(#582));
#1713=EDGE_LOOP('',(#583));
#1714=EDGE_LOOP('',(#584));
#1715=EDGE_LOOP('',(#585));
#1716=FACE_BOUND('',#1264,.T.);
#1717=FACE_BOUND('',#1265,.T.);
#1718=FACE_BOUND('',#1266,.T.);
#1719=FACE_BOUND('',#1267,.T.);
#1720=FACE_BOUND('',#1268,.T.);
#1721=FACE_BOUND('',#1269,.T.);
#1722=FACE_BOUND('',#1270,.T.);
#1723=FACE_BOUND('',#1271,.T.);
#1724=FACE_BOUND('',#1272,.T.);
#1725=FACE_BOUND('',#1273,.T.);
#1726=FACE_BOUND('',#1274,.T.);
#1727=FACE_BOUND('',#1275,.T.);
#1728=FACE_BOUND('',#1276,.T.);
#1729=FACE_BOUND('',#1277,.T.);
#1730=FACE_BOUND('',#1278,.T.);
#1731=FACE_BOUND('',#1279,.T.);
#1732=FACE_BOUND('',#1280,.T.);
#1733=FACE_BOUND('',#1281,.T.);
#1734=FACE_BOUND('',#1282,.T.);
#1735=FACE_BOUND('',#1283,.T.);
#1736=FACE_BOUND('',#1284,.T.);
#1737=FACE_BOUND('',#1285,.T.);
#1738=FACE_BOUND('',#1286,.T.);
#1739=FACE_BOUND('',#1287,.T.);
#1740=FACE_BOUND('',#1288,.T.);
#1741=FACE_BOUND('',#1289,.T.);
#1742=FACE_BOUND('',#1290,.T.);
#1743=FACE_BOUND('',#1291,.T.);
#1744=FACE_BOUND('',#1292,.T.);
#1745=FACE_BOUND('',#1293,.T.);
#1746=FACE_BOUND('',#1294,.T.);
#1747=FACE_BOUND('',#1295,.T.);
#1748=FACE_BOUND('',#1296,.T.);
#1749=FACE_BOUND('',#1297,.T.);
#1750=FACE_BOUND('',#1298,.T.);
#1751=FACE_BOUND('',#1299,.T.);
#1752=FACE_BOUND('',#1300,.T.);
#1753=FACE_BOUND('',#1301,.T.);
#1754=FACE_BOUND('',#1302,.T.);
#1755=FACE_BOUND('',#1303,.T.);
#1756=FACE_BOUND('',#1304,.T.);
#1757=FACE_BOUND('',#1305,.T.);
#1758=FACE_BOUND('',#1306,.T.);
#1759=FACE_BOUND('',#1307,.T.);
#1760=FACE_BOUND('',#1308,.T.);
#1761=FACE_BOUND('',#1309,.T.);
#1762=FACE_BOUND('',#1310,.T.);
#1763=FACE_BOUND('',#1311,.T.);
#1764=FACE_BOUND('',#1312,.T.);
#1765=FACE_BOUND('',#1313,.T.);
#1766=FACE_BOUND('',#1314,.T.);
#1767=FACE_BOUND('',#1315,.T.);
#1768=FACE_BOUND('',#1316,.T.);
#1769=FACE_BOUND('',#1317,.T.);
#1770=FACE_BOUND('',#1318,.T.);
#1771=FACE_BOUND('',#1319,.T.);
#1772=FACE_BOUND('',#1320,.T.);
#1773=FACE_BOUND('',#1321,.T.);
#1774=FACE_BOUND('',#1322,.T.);
#1775=FACE_BOUND('',#1323,.T.);
#1776=FACE_BOUND('',#1324,.T.);
#1777=FACE_BOUND('',#1325,.T.);
#1778=FACE_BOUND('',#1326,.T.);
#1779=FACE_BOUND('',#1327,.T.);
#1780=FACE_BOUND('',#1328,.T.);
#1781=FACE_BOUND('',#1329,.T.);
#1782=FACE_BOUND('',#1330,.T.);
#1783=FACE_BOUND('',#1331,.T.);
#1784=FACE_BOUND('',#1332,.T.);
#1785=FACE_BOUND('',#1333,.T.);
#1786=FACE_BOUND('',#1334,.T.);
#1787=FACE_BOUND('',#1335,.T.);
#1788=FACE_BOUND('',#1336,.T.);
#1789=FACE_BOUND('',#1337,.T.);
#1790=FACE_BOUND('',#1338,.T.);
#1791=FACE_BOUND('',#1339,.T.);
#1792=FACE_BOUND('',#1340,.T.);
#1793=FACE_BOUND('',#1341,.T.);
#1794=FACE_BOUND('',#1342,.T.);
#1795=FACE_BOUND('',#1343,.T.);
#1796=FACE_BOUND('',#1344,.T.);
#1797=FACE_BOUND('',#1345,.T.);
#1798=FACE_BOUND('',#1346,.T.);
#1799=FACE_BOUND('',#1347,.T.);
#1800=FACE_BOUND('',#1348,.T.);
#1801=FACE_BOUND('',#1349,.T.);
#1802=FACE_BOUND('',#1350,.T.);
#1803=FACE_BOUND('',#1351,.T.);
#1804=FACE_BOUND('',#1352,.T.);
#1805=FACE_BOUND('',#1353,.T.);
#1806=FACE_BOUND('',#1354,.T.);
#1807=FACE_BOUND('',#1355,.T.);
#1808=FACE_BOUND('',#1356,.T.);
#1809=FACE_BOUND('',#1357,.T.);
#1810=FACE_BOUND('',#1358,.T.);
#1811=FACE_BOUND('',#1359,.T.);
#1812=FACE_BOUND('',#1360,.T.);
#1813=FACE_BOUND('',#1361,.T.);
#1814=FACE_BOUND('',#1362,.T.);
#1815=FACE_BOUND('',#1363,.T.);
#1816=FACE_BOUND('',#1364,.T.);
#1817=FACE_BOUND('',#1365,.T.);
#1818=FACE_BOUND('',#1366,.T.);
#1819=FACE_BOUND('',#1367,.T.);
#1820=FACE_BOUND('',#1368,.T.);
#1821=FACE_BOUND('',#1369,.T.);
#1822=FACE_BOUND('',#1370,.T.);
#1823=FACE_BOUND('',#1371,.T.);
#1824=FACE_BOUND('',#1372,.T.);
#1825=FACE_BOUND('',#1373,.T.);
#1826=FACE_BOUND('',#1374,.T.);
#1827=FACE_BOUND('',#1375,.T.);
#1828=FACE_BOUND('',#1376,.T.);
#1829=FACE_BOUND('',#1377,.T.);
#1830=FACE_BOUND('',#1378,.T.);
#1831=FACE_BOUND('',#1379,.T.);
#1832=FACE_BOUND('',#1380,.T.);
#1833=FACE_BOUND('',#1381,.T.);
#1834=FACE_BOUND('',#1382,.T.);
#1835=FACE_BOUND('',#1383,.T.);
#1836=FACE_BOUND('',#1384,.T.);
#1837=FACE_BOUND('',#1385,.T.);
#1838=FACE_BOUND('',#1386,.T.);
#1839=FACE_BOUND('',#1387,.T.);
#1840=FACE_BOUND('',#1388,.T.);
#1841=FACE_BOUND('',#1389,.T.);
#1842=FACE_BOUND('',#1390,.T.);
#1843=FACE_BOUND('',#1391,.T.);
#1844=FACE_BOUND('',#1392,.T.);
#1845=FACE_BOUND('',#1393,.T.);
#1846=FACE_BOUND('',#1394,.T.);
#1847=FACE_BOUND('',#1395,.T.);
#1848=FACE_BOUND('',#1396,.T.);
#1849=FACE_BOUND('',#1397,.T.);
#1850=FACE_BOUND('',#1398,.T.);
#1851=FACE_BOUND('',#1399,.T.);
#1852=FACE_BOUND('',#1400,.T.);
#1853=FACE_BOUND('',#1401,.T.);
#1854=FACE_BOUND('',#1402,.T.);
#1855=FACE_BOUND('',#1403,.T.);
#1856=FACE_BOUND('',#1404,.T.);
#1857=FACE_BOUND('',#1405,.T.);
#1858=FACE_BOUND('',#1406,.T.);
#1859=FACE_BOUND('',#1407,.T.);
#1860=FACE_BOUND('',#1408,.T.);
#1861=FACE_BOUND('',#1409,.T.);
#1862=FACE_BOUND('',#1410,.T.);
#1863=FACE_BOUND('',#1411,.T.);
#1864=FACE_BOUND('',#1412,.T.);
#1865=FACE_BOUND('',#1413,.T.);
#1866=FACE_BOUND('',#1414,.T.);
#1867=FACE_BOUND('',#1415,.T.);
#1868=FACE_BOUND('',#1416,.T.);
#1869=FACE_BOUND('',#1417,.T.);
#1870=FACE_BOUND('',#1418,.T.);
#1871=FACE_BOUND('',#1419,.T.);
#1872=FACE_BOUND('',#1420,.T.);
#1873=FACE_BOUND('',#1421,.T.);
#1874=FACE_BOUND('',#1422,.T.);
#1875=FACE_BOUND('',#1423,.T.);
#1876=FACE_BOUND('',#1424,.T.);
#1877=FACE_BOUND('',#1425,.T.);
#1878=FACE_BOUND('',#1426,.T.);
#1879=FACE_BOUND('',#1427,.T.);
#1880=FACE_BOUND('',#1428,.T.);
#1881=FACE_BOUND('',#1429,.T.);
#1882=FACE_BOUND('',#1430,.T.);
#1883=FACE_BOUND('',#1431,.T.);
#1884=FACE_BOUND('',#1432,.T.);
#1885=FACE_BOUND('',#1433,.T.);
#1886=FACE_BOUND('',#1434,.T.);
#1887=FACE_BOUND('',#1435,.T.);
#1888=FACE_BOUND('',#1436,.T.);
#1889=FACE_BOUND('',#1437,.T.);
#1890=FACE_BOUND('',#1438,.T.);
#1891=FACE_BOUND('',#1439,.T.);
#1892=FACE_BOUND('',#1440,.T.);
#1893=FACE_BOUND('',#1441,.T.);
#1894=FACE_BOUND('',#1442,.T.);
#1895=FACE_BOUND('',#1443,.T.);
#1896=FACE_BOUND('',#1444,.T.);
#1897=FACE_BOUND('',#1445,.T.);
#1898=FACE_BOUND('',#1446,.T.);
#1899=FACE_BOUND('',#1447,.T.);
#1900=FACE_BOUND('',#1448,.T.);
#1901=FACE_BOUND('',#1449,.T.);
#1902=FACE_BOUND('',#1450,.T.);
#1903=FACE_BOUND('',#1451,.T.);
#1904=FACE_BOUND('',#1452,.T.);
#1905=FACE_BOUND('',#1453,.T.);
#1906=FACE_BOUND('',#1454,.T.);
#1907=FACE_BOUND('',#1455,.T.);
#1908=FACE_BOUND('',#1456,.T.);
#1909=FACE_BOUND('',#1457,.T.);
#1910=FACE_BOUND('',#1458,.T.);
#1911=FACE_BOUND('',#1459,.T.);
#1912=FACE_BOUND('',#1460,.T.);
#1913=FACE_BOUND('',#1461,.T.);
#1914=FACE_BOUND('',#1462,.T.);
#1915=FACE_BOUND('',#1463,.T.);
#1916=FACE_BOUND('',#1464,.T.);
#1917=FACE_BOUND('',#1465,.T.);
#1918=FACE_BOUND('',#1466,.T.);
#1919=FACE_BOUND('',#1467,.T.);
#1920=FACE_BOUND('',#1468,.T.);
#1921=FACE_BOUND('',#1469,.T.);
#1922=FACE_BOUND('',#1470,.T.);
#1923=FACE_BOUND('',#1471,.T.);
#1924=FACE_BOUND('',#1472,.T.);
#1925=FACE_BOUND('',#1473,.T.);
#1926=FACE_BOUND('',#1474,.T.);
#1927=FACE_BOUND('',#1475,.T.);
#1928=FACE_BOUND('',#1476,.T.);
#1929=FACE_BOUND('',#1477,.T.);
#1930=FACE_BOUND('',#1478,.T.);
#1931=FACE_BOUND('',#1479,.T.);
#1932=FACE_BOUND('',#1480,.T.);
#1933=FACE_BOUND('',#1481,.T.);
#1934=FACE_BOUND('',#1482,.T.);
#1935=FACE_BOUND('',#1483,.T.);
#1936=FACE_BOUND('',#1484,.T.);
#1937=FACE_BOUND('',#1485,.T.);
#1938=FACE_BOUND('',#1486,.T.);
#1939=FACE_BOUND('',#1487,.T.);
#1940=FACE_BOUND('',#1488,.T.);
#1941=FACE_BOUND('',#1489,.T.);
#1942=FACE_BOUND('',#1490,.T.);
#1943=FACE_BOUND('',#1491,.T.);
#1944=FACE_BOUND('',#1492,.T.);
#1945=FACE_BOUND('',#1493,.T.);
#1946=FACE_BOUND('',#1494,.T.);
#1947=FACE_BOUND('',#1495,.T.);
#1948=FACE_BOUND('',#1496,.T.);
#1949=FACE_BOUND('',#1497,.T.);
#1950=FACE_BOUND('',#1498,.T.);
#1951=FACE_BOUND('',#1499,.T.);
#1952=FACE_BOUND('',#1500,.T.);
#1953=FACE_BOUND('',#1501,.T.);
#1954=FACE_BOUND('',#1502,.T.);
#1955=FACE_BOUND('',#1503,.T.);
#1956=FACE_BOUND('',#1504,.T.);
#1957=FACE_BOUND('',#1505,.T.);
#1958=FACE_BOUND('',#1506,.T.);
#1959=FACE_BOUND('',#1507,.T.);
#1960=FACE_BOUND('',#1508,.T.);
#1961=FACE_BOUND('',#1509,.T.);
#1962=FACE_BOUND('',#1510,.T.);
#1963=FACE_BOUND('',#1511,.T.);
#1964=FACE_BOUND('',#1512,.T.);
#1965=FACE_BOUND('',#1513,.T.);
#1966=FACE_BOUND('',#1514,.T.);
#1967=FACE_BOUND('',#1515,.T.);
#1968=FACE_BOUND('',#1516,.T.);
#1969=FACE_BOUND('',#1517,.T.);
#1970=FACE_BOUND('',#1518,.T.);
#1971=FACE_BOUND('',#1519,.T.);
#1972=FACE_BOUND('',#1520,.T.);
#1973=FACE_BOUND('',#1521,.T.);
#1974=FACE_BOUND('',#1522,.T.);
#1975=FACE_BOUND('',#1523,.T.);
#1976=FACE_BOUND('',#1524,.T.);
#1977=FACE_BOUND('',#1525,.T.);
#1978=FACE_BOUND('',#1526,.T.);
#1979=FACE_BOUND('',#1527,.T.);
#1980=FACE_BOUND('',#1528,.T.);
#1981=FACE_BOUND('',#1529,.T.);
#1982=FACE_BOUND('',#1530,.T.);
#1983=FACE_BOUND('',#1531,.T.);
#1984=FACE_BOUND('',#1532,.T.);
#1985=FACE_BOUND('',#1533,.T.);
#1986=FACE_BOUND('',#1534,.T.);
#1987=FACE_BOUND('',#1535,.T.);
#1988=FACE_BOUND('',#1536,.T.);
#1989=FACE_BOUND('',#1537,.T.);
#1990=FACE_BOUND('',#1538,.T.);
#1991=FACE_BOUND('',#1539,.T.);
#1992=FACE_BOUND('',#1540,.T.);
#1993=FACE_BOUND('',#1541,.T.);
#1994=FACE_BOUND('',#1542,.T.);
#1995=FACE_BOUND('',#1543,.T.);
#1996=FACE_BOUND('',#1544,.T.);
#1997=FACE_BOUND('',#1545,.T.);
#1998=FACE_BOUND('',#1546,.T.);
#1999=FACE_BOUND('',#1547,.T.);
#2000=FACE_BOUND('',#1548,.T.);
#2001=FACE_BOUND('',#1549,.T.);
#2002=FACE_BOUND('',#1550,.T.);
#2003=FACE_BOUND('',#1551,.T.);
#2004=FACE_BOUND('',#1552,.T.);
#2005=FACE_BOUND('',#1553,.T.);
#2006=FACE_BOUND('',#1554,.T.);
#2007=FACE_BOUND('',#1555,.T.);
#2008=FACE_BOUND('',#1556,.T.);
#2009=FACE_BOUND('',#1557,.T.);
#2010=FACE_BOUND('',#1558,.T.);
#2011=FACE_BOUND('',#1559,.T.);
#2012=FACE_BOUND('',#1560,.T.);
#2013=FACE_BOUND('',#1561,.T.);
#2014=FACE_BOUND('',#1562,.T.);
#2015=FACE_BOUND('',#1563,.T.);
#2016=FACE_BOUND('',#1564,.T.);
#2017=FACE_BOUND('',#1565,.T.);
#2018=FACE_BOUND('',#1566,.T.);
#2019=FACE_BOUND('',#1567,.T.);
#2020=FACE_BOUND('',#1568,.T.);
#2021=FACE_BOUND('',#1569,.T.);
#2022=FACE_BOUND('',#1570,.T.);
#2023=FACE_BOUND('',#1571,.T.);
#2024=FACE_BOUND('',#1572,.T.);
#2025=FACE_BOUND('',#1573,.T.);
#2026=FACE_BOUND('',#1574,.T.);
#2027=FACE_BOUND('',#1575,.T.);
#2028=FACE_BOUND('',#1576,.T.);
#2029=FACE_BOUND('',#1577,.T.);
#2030=FACE_BOUND('',#1578,.T.);
#2031=FACE_BOUND('',#1579,.T.);
#2032=FACE_BOUND('',#1580,.T.);
#2033=FACE_BOUND('',#1581,.T.);
#2034=FACE_BOUND('',#1582,.T.);
#2035=FACE_BOUND('',#1583,.T.);
#2036=FACE_BOUND('',#1584,.T.);
#2037=FACE_BOUND('',#1585,.T.);
#2038=FACE_BOUND('',#1586,.T.);
#2039=FACE_BOUND('',#1587,.T.);
#2040=FACE_BOUND('',#1588,.T.);
#2041=FACE_BOUND('',#1589,.T.);
#2042=FACE_BOUND('',#1590,.T.);
#2043=FACE_BOUND('',#1591,.T.);
#2044=FACE_BOUND('',#1592,.T.);
#2045=FACE_BOUND('',#1593,.T.);
#2046=FACE_BOUND('',#1594,.T.);
#2047=FACE_BOUND('',#1595,.T.);
#2048=FACE_BOUND('',#1596,.T.);
#2049=FACE_BOUND('',#1597,.T.);
#2050=FACE_BOUND('',#1598,.T.);
#2051=FACE_BOUND('',#1599,.T.);
#2052=FACE_BOUND('',#1600,.T.);
#2053=FACE_BOUND('',#1601,.T.);
#2054=FACE_BOUND('',#1602,.T.);
#2055=FACE_BOUND('',#1603,.T.);
#2056=FACE_BOUND('',#1604,.T.);
#2057=FACE_BOUND('',#1605,.T.);
#2058=FACE_BOUND('',#1606,.T.);
#2059=FACE_BOUND('',#1607,.T.);
#2060=FACE_BOUND('',#1608,.T.);
#2061=FACE_BOUND('',#1609,.T.);
#2062=FACE_BOUND('',#1610,.T.);
#2063=FACE_BOUND('',#1611,.T.);
#2064=FACE_BOUND('',#1612,.T.);
#2065=FACE_BOUND('',#1613,.T.);
#2066=FACE_BOUND('',#1614,.T.);
#2067=FACE_BOUND('',#1615,.T.);
#2068=FACE_BOUND('',#1616,.T.);
#2069=FACE_BOUND('',#1617,.T.);
#2070=FACE_BOUND('',#1618,.T.);
#2071=FACE_BOUND('',#1619,.T.);
#2072=FACE_BOUND('',#1620,.T.);
#2073=FACE_BOUND('',#1621,.T.);
#2074=FACE_BOUND('',#1622,.T.);
#2075=FACE_BOUND('',#1623,.T.);
#2076=FACE_BOUND('',#1624,.T.);
#2077=FACE_BOUND('',#1625,.T.);
#2078=FACE_BOUND('',#1626,.T.);
#2079=FACE_BOUND('',#1627,.T.);
#2080=FACE_BOUND('',#1628,.T.);
#2081=FACE_BOUND('',#1629,.T.);
#2082=FACE_BOUND('',#1630,.T.);
#2083=FACE_BOUND('',#1631,.T.);
#2084=FACE_BOUND('',#1632,.T.);
#2085=FACE_BOUND('',#1633,.T.);
#2086=FACE_BOUND('',#1634,.T.);
#2087=FACE_BOUND('',#1635,.T.);
#2088=FACE_BOUND('',#1636,.T.);
#2089=FACE_BOUND('',#1637,.T.);
#2090=FACE_BOUND('',#1638,.T.);
#2091=FACE_BOUND('',#1639,.T.);
#2092=FACE_BOUND('',#1640,.T.);
#2093=FACE_BOUND('',#1641,.T.);
#2094=FACE_BOUND('',#1642,.T.);
#2095=FACE_BOUND('',#1643,.T.);
#2096=FACE_BOUND('',#1644,.T.);
#2097=FACE_BOUND('',#1645,.T.);
#2098=FACE_BOUND('',#1646,.T.);
#2099=FACE_BOUND('',#1647,.T.);
#2100=FACE_BOUND('',#1648,.T.);
#2101=FACE_BOUND('',#1649,.T.);
#2102=FACE_BOUND('',#1650,.T.);
#2103=FACE_BOUND('',#1651,.T.);
#2104=FACE_BOUND('',#1652,.T.);
#2105=FACE_BOUND('',#1653,.T.);
#2106=FACE_BOUND('',#1654,.T.);
#2107=FACE_BOUND('',#1655,.T.);
#2108=FACE_BOUND('',#1656,.T.);
#2109=FACE_BOUND('',#1657,.T.);
#2110=FACE_BOUND('',#1658,.T.);
#2111=FACE_BOUND('',#1659,.T.);
#2112=FACE_BOUND('',#1660,.T.);
#2113=FACE_BOUND('',#1661,.T.);
#2114=FACE_BOUND('',#1662,.T.);
#2115=FACE_BOUND('',#1663,.T.);
#2116=FACE_BOUND('',#1664,.T.);
#2117=FACE_BOUND('',#1665,.T.);
#2118=FACE_BOUND('',#1666,.T.);
#2119=FACE_BOUND('',#1667,.T.);
#2120=FACE_BOUND('',#1668,.T.);
#2121=FACE_BOUND('',#1669,.T.);
#2122=FACE_BOUND('',#1670,.T.);
#2123=FACE_BOUND('',#1671,.T.);
#2124=FACE_BOUND('',#1672,.T.);
#2125=FACE_BOUND('',#1673,.T.);
#2126=FACE_BOUND('',#1674,.T.);
#2127=FACE_BOUND('',#1675,.T.);
#2128=FACE_BOUND('',#1676,.T.);
#2129=FACE_BOUND('',#1677,.T.);
#2130=FACE_BOUND('',#1678,.T.);
#2131=FACE_BOUND('',#1679,.T.);
#2132=FACE_BOUND('',#1680,.T.);
#2133=FACE_BOUND('',#1681,.T.);
#2134=FACE_BOUND('',#1682,.T.);
#2135=FACE_BOUND('',#1683,.T.);
#2136=FACE_BOUND('',#1684,.T.);
#2137=FACE_BOUND('',#1685,.T.);
#2138=FACE_BOUND('',#1686,.T.);
#2139=FACE_BOUND('',#1687,.T.);
#2140=FACE_BOUND('',#1688,.T.);
#2141=FACE_BOUND('',#1689,.T.);
#2142=FACE_BOUND('',#1690,.T.);
#2143=FACE_BOUND('',#1691,.T.);
#2144=FACE_BOUND('',#1692,.T.);
#2145=FACE_BOUND('',#1693,.T.);
#2146=FACE_BOUND('',#1694,.T.);
#2147=FACE_BOUND('',#1695,.T.);
#2148=FACE_BOUND('',#1696,.T.);
#2149=FACE_BOUND('',#1697,.T.);
#2150=FACE_BOUND('',#1698,.T.);
#2151=FACE_BOUND('',#1699,.T.);
#2152=FACE_BOUND('',#1700,.T.);
#2153=FACE_BOUND('',#1701,.T.);
#2154=FACE_BOUND('',#1702,.T.);
#2155=FACE_BOUND('',#1703,.T.);
#2156=FACE_BOUND('',#1704,.T.);
#2157=FACE_BOUND('',#1705,.T.);
#2158=FACE_BOUND('',#1706,.T.);
#2159=FACE_BOUND('',#1707,.T.);
#2160=FACE_BOUND('',#1708,.T.);
#2161=FACE_BOUND('',#1709,.T.);
#2162=FACE_BOUND('',#1710,.T.);
#2163=FACE_BOUND('',#1711,.T.);
#2164=FACE_BOUND('',#1712,.T.);
#2165=FACE_BOUND('',#1713,.T.);
#2166=FACE_BOUND('',#1714,.T.);
#2167=FACE_BOUND('',#1715,.T.);
#2168=CYLINDRICAL_SURFACE('',#2817,3.79096750665816);
#2169=CYLINDRICAL_SURFACE('',#2820,8.75);
#2170=CYLINDRICAL_SURFACE('',#2825,0.314999999999999);
#2171=CYLINDRICAL_SURFACE('',#2830,0.314999999999999);
#2172=CYLINDRICAL_SURFACE('',#2834,0.314999999999999);
#2173=CYLINDRICAL_SURFACE('',#2838,0.314999999999999);
#2174=CYLINDRICAL_SURFACE('',#2841,0.314999999999999);
#2175=CYLINDRICAL_SURFACE('',#2846,0.314999999999999);
#2176=CYLINDRICAL_SURFACE('',#2850,0.314999999999999);
#2177=CYLINDRICAL_SURFACE('',#2854,0.314999999999999);
#2178=CYLINDRICAL_SURFACE('',#2857,0.314999999999999);
#2179=CYLINDRICAL_SURFACE('',#2862,0.314999999999999);
#2180=CYLINDRICAL_SURFACE('',#2866,0.314999999999999);
#2181=CYLINDRICAL_SURFACE('',#2870,0.314999999999999);
#2182=CYLINDRICAL_SURFACE('',#2873,0.314999999999999);
#2183=CYLINDRICAL_SURFACE('',#2878,0.314999999999999);
#2184=CYLINDRICAL_SURFACE('',#2882,0.314999999999999);
#2185=CYLINDRICAL_SURFACE('',#2886,0.314999999999999);
#2186=CYLINDRICAL_SURFACE('',#2889,0.314999999999999);
#2187=CYLINDRICAL_SURFACE('',#2894,0.314999999999999);
#2188=CYLINDRICAL_SURFACE('',#2898,0.314999999999999);
#2189=CYLINDRICAL_SURFACE('',#2902,0.314999999999999);
#2190=CYLINDRICAL_SURFACE('',#2905,0.314999999999999);
#2191=CYLINDRICAL_SURFACE('',#2910,0.314999999999999);
#2192=CYLINDRICAL_SURFACE('',#2914,0.314999999999999);
#2193=CYLINDRICAL_SURFACE('',#2918,0.314999999999999);
#2194=CYLINDRICAL_SURFACE('',#2921,0.314999999999999);
#2195=CYLINDRICAL_SURFACE('',#2926,0.314999999999999);
#2196=CYLINDRICAL_SURFACE('',#2930,0.314999999999999);
#2197=CYLINDRICAL_SURFACE('',#2934,0.314999999999999);
#2198=CYLINDRICAL_SURFACE('',#2937,0.314999999999999);
#2199=CYLINDRICAL_SURFACE('',#2942,0.314999999999999);
#2200=CYLINDRICAL_SURFACE('',#2946,0.314999999999999);
#2201=CYLINDRICAL_SURFACE('',#2950,0.314999999999999);
#2202=CYLINDRICAL_SURFACE('',#2953,0.314999999999999);
#2203=CYLINDRICAL_SURFACE('',#2958,0.314999999999999);
#2204=CYLINDRICAL_SURFACE('',#2962,0.314999999999999);
#2205=CYLINDRICAL_SURFACE('',#2966,0.314999999999999);
#2206=CYLINDRICAL_SURFACE('',#2969,0.314999999999999);
#2207=CYLINDRICAL_SURFACE('',#2974,0.314999999999999);
#2208=CYLINDRICAL_SURFACE('',#2978,0.314999999999999);
#2209=CYLINDRICAL_SURFACE('',#2982,0.314999999999999);
#2210=CYLINDRICAL_SURFACE('',#2987,0.314999999999999);
#2211=CYLINDRICAL_SURFACE('',#2991,0.314999999999999);
#2212=CYLINDRICAL_SURFACE('',#2995,0.314999999999999);
#2213=CYLINDRICAL_SURFACE('',#2998,0.314999999999999);
#2214=CYLINDRICAL_SURFACE('',#3003,0.314999999999999);
#2215=CYLINDRICAL_SURFACE('',#3007,0.314999999999999);
#2216=CYLINDRICAL_SURFACE('',#3011,0.314999999999999);
#2217=CYLINDRICAL_SURFACE('',#3014,0.314999999999999);
#2218=CYLINDRICAL_SURFACE('',#3019,0.314999999999999);
#2219=CYLINDRICAL_SURFACE('',#3023,0.314999999999999);
#2220=CYLINDRICAL_SURFACE('',#3027,0.314999999999999);
#2221=CYLINDRICAL_SURFACE('',#3030,0.314999999999999);
#2222=CYLINDRICAL_SURFACE('',#3035,0.314999999999999);
#2223=CYLINDRICAL_SURFACE('',#3039,0.314999999999999);
#2224=CYLINDRICAL_SURFACE('',#3043,0.314999999999999);
#2225=CYLINDRICAL_SURFACE('',#3046,0.314999999999999);
#2226=CYLINDRICAL_SURFACE('',#3051,0.314999999999999);
#2227=CYLINDRICAL_SURFACE('',#3055,0.314999999999999);
#2228=CYLINDRICAL_SURFACE('',#3059,0.314999999999999);
#2229=CYLINDRICAL_SURFACE('',#3062,0.314999999999999);
#2230=CYLINDRICAL_SURFACE('',#3067,0.314999999999999);
#2231=CYLINDRICAL_SURFACE('',#3071,0.314999999999999);
#2232=CYLINDRICAL_SURFACE('',#3075,0.314999999999999);
#2233=CYLINDRICAL_SURFACE('',#3078,0.314999999999999);
#2234=CYLINDRICAL_SURFACE('',#3083,0.314999999999999);
#2235=CYLINDRICAL_SURFACE('',#3087,0.314999999999999);
#2236=CYLINDRICAL_SURFACE('',#3091,0.314999999999999);
#2237=CYLINDRICAL_SURFACE('',#3094,0.314999999999999);
#2238=CYLINDRICAL_SURFACE('',#3099,0.314999999999999);
#2239=CYLINDRICAL_SURFACE('',#3103,0.314999999999999);
#2240=CYLINDRICAL_SURFACE('',#3107,0.314999999999999);
#2241=CYLINDRICAL_SURFACE('',#3110,0.314999999999999);
#2242=CYLINDRICAL_SURFACE('',#3115,0.314999999999999);
#2243=CYLINDRICAL_SURFACE('',#3119,0.314999999999999);
#2244=CYLINDRICAL_SURFACE('',#3123,0.314999999999999);
#2245=CYLINDRICAL_SURFACE('',#3126,0.314999999999999);
#2246=CYLINDRICAL_SURFACE('',#3131,0.314999999999999);
#2247=CYLINDRICAL_SURFACE('',#3135,0.314999999999999);
#2248=CYLINDRICAL_SURFACE('',#3139,0.314999999999999);
#2249=CYLINDRICAL_SURFACE('',#3142,0.314999999999999);
#2250=CYLINDRICAL_SURFACE('',#3147,0.314999999999999);
#2251=CYLINDRICAL_SURFACE('',#3151,0.314999999999999);
#2252=CYLINDRICAL_SURFACE('',#3155,0.314999999999999);
#2253=CYLINDRICAL_SURFACE('',#3158,0.314999999999999);
#2254=CYLINDRICAL_SURFACE('',#3163,0.314999999999999);
#2255=CYLINDRICAL_SURFACE('',#3167,0.314999999999999);
#2256=CYLINDRICAL_SURFACE('',#3171,0.314999999999999);
#2257=CYLINDRICAL_SURFACE('',#3174,0.314999999999999);
#2258=CYLINDRICAL_SURFACE('',#3179,0.314999999999999);
#2259=CYLINDRICAL_SURFACE('',#3183,0.314999999999999);
#2260=CYLINDRICAL_SURFACE('',#3187,0.314999999999999);
#2261=CYLINDRICAL_SURFACE('',#3190,0.314999999999999);
#2262=CYLINDRICAL_SURFACE('',#3195,0.314999999999999);
#2263=CYLINDRICAL_SURFACE('',#3199,0.314999999999999);
#2264=CYLINDRICAL_SURFACE('',#3203,0.314999999999999);
#2265=CYLINDRICAL_SURFACE('',#3206,0.314999999999999);
#2266=CYLINDRICAL_SURFACE('',#3211,0.314999999999999);
#2267=CYLINDRICAL_SURFACE('',#3215,0.314999999999999);
#2268=CYLINDRICAL_SURFACE('',#3219,0.314999999999999);
#2269=CYLINDRICAL_SURFACE('',#3222,0.314999999999999);
#2270=CYLINDRICAL_SURFACE('',#3227,0.314999999999999);
#2271=CYLINDRICAL_SURFACE('',#3231,0.314999999999999);
#2272=CYLINDRICAL_SURFACE('',#3235,0.314999999999999);
#2273=CYLINDRICAL_SURFACE('',#3238,0.314999999999999);
#2274=CYLINDRICAL_SURFACE('',#3243,0.314999999999999);
#2275=CYLINDRICAL_SURFACE('',#3247,0.314999999999999);
#2276=CYLINDRICAL_SURFACE('',#3251,0.314999999999999);
#2277=CYLINDRICAL_SURFACE('',#3254,0.314999999999999);
#2278=CYLINDRICAL_SURFACE('',#3259,0.314999999999999);
#2279=CYLINDRICAL_SURFACE('',#3263,0.314999999999999);
#2280=CYLINDRICAL_SURFACE('',#3267,0.314999999999999);
#2281=ADVANCED_FACE('',(#1716,#1717),#2168,.F.);
#2282=ADVANCED_FACE('',(#1718,#1719),#2169,.T.);
#2283=ADVANCED_FACE('',(#1720,#1721),#130,.F.);
#2284=ADVANCED_FACE('',(#1722,#1723),#131,.T.);
#2285=ADVANCED_FACE('',(#1724,#1725),#2170,.T.);
#2286=ADVANCED_FACE('',(#1726,#1727),#18,.T.);
#2287=ADVANCED_FACE('',(#1728,#1729),#2171,.T.);
#2288=ADVANCED_FACE('',(#1730,#1731),#19,.T.);
#2289=ADVANCED_FACE('',(#1732,#1733),#2172,.T.);
#2290=ADVANCED_FACE('',(#1734,#1735),#20,.T.);
#2291=ADVANCED_FACE('',(#1736,#1737),#2173,.T.);
#2292=ADVANCED_FACE('',(#1738,#1739),#21,.T.);
#2293=ADVANCED_FACE('',(#1740,#1741),#2174,.T.);
#2294=ADVANCED_FACE('',(#1742,#1743),#22,.T.);
#2295=ADVANCED_FACE('',(#1744,#1745),#2175,.T.);
#2296=ADVANCED_FACE('',(#1746,#1747),#23,.T.);
#2297=ADVANCED_FACE('',(#1748,#1749),#2176,.T.);
#2298=ADVANCED_FACE('',(#1750,#1751),#24,.T.);
#2299=ADVANCED_FACE('',(#1752,#1753),#2177,.T.);
#2300=ADVANCED_FACE('',(#1754,#1755),#25,.T.);
#2301=ADVANCED_FACE('',(#1756,#1757),#2178,.T.);
#2302=ADVANCED_FACE('',(#1758,#1759),#26,.T.);
#2303=ADVANCED_FACE('',(#1760,#1761),#2179,.T.);
#2304=ADVANCED_FACE('',(#1762,#1763),#27,.T.);
#2305=ADVANCED_FACE('',(#1764,#1765),#2180,.T.);
#2306=ADVANCED_FACE('',(#1766,#1767),#28,.T.);
#2307=ADVANCED_FACE('',(#1768,#1769),#2181,.T.);
#2308=ADVANCED_FACE('',(#1770,#1771),#29,.T.);
#2309=ADVANCED_FACE('',(#1772,#1773),#2182,.T.);
#2310=ADVANCED_FACE('',(#1774,#1775),#30,.T.);
#2311=ADVANCED_FACE('',(#1776,#1777),#2183,.T.);
#2312=ADVANCED_FACE('',(#1778,#1779),#31,.T.);
#2313=ADVANCED_FACE('',(#1780,#1781),#2184,.T.);
#2314=ADVANCED_FACE('',(#1782,#1783),#32,.T.);
#2315=ADVANCED_FACE('',(#1784,#1785),#2185,.T.);
#2316=ADVANCED_FACE('',(#1786,#1787),#33,.T.);
#2317=ADVANCED_FACE('',(#1788,#1789),#2186,.T.);
#2318=ADVANCED_FACE('',(#1790,#1791),#34,.T.);
#2319=ADVANCED_FACE('',(#1792,#1793),#2187,.T.);
#2320=ADVANCED_FACE('',(#1794,#1795),#35,.T.);
#2321=ADVANCED_FACE('',(#1796,#1797),#2188,.T.);
#2322=ADVANCED_FACE('',(#1798,#1799),#36,.T.);
#2323=ADVANCED_FACE('',(#1800,#1801),#2189,.T.);
#2324=ADVANCED_FACE('',(#1802,#1803),#37,.T.);
#2325=ADVANCED_FACE('',(#1804,#1805),#2190,.T.);
#2326=ADVANCED_FACE('',(#1806,#1807),#38,.T.);
#2327=ADVANCED_FACE('',(#1808,#1809),#2191,.T.);
#2328=ADVANCED_FACE('',(#1810,#1811),#39,.T.);
#2329=ADVANCED_FACE('',(#1812,#1813),#2192,.T.);
#2330=ADVANCED_FACE('',(#1814,#1815),#40,.T.);
#2331=ADVANCED_FACE('',(#1816,#1817),#2193,.T.);
#2332=ADVANCED_FACE('',(#1818,#1819),#41,.T.);
#2333=ADVANCED_FACE('',(#1820,#1821),#2194,.T.);
#2334=ADVANCED_FACE('',(#1822,#1823),#42,.T.);
#2335=ADVANCED_FACE('',(#1824,#1825),#2195,.T.);
#2336=ADVANCED_FACE('',(#1826,#1827),#43,.T.);
#2337=ADVANCED_FACE('',(#1828,#1829),#2196,.T.);
#2338=ADVANCED_FACE('',(#1830,#1831),#44,.T.);
#2339=ADVANCED_FACE('',(#1832,#1833),#2197,.T.);
#2340=ADVANCED_FACE('',(#1834,#1835),#45,.T.);
#2341=ADVANCED_FACE('',(#1836,#1837),#2198,.T.);
#2342=ADVANCED_FACE('',(#1838,#1839),#46,.T.);
#2343=ADVANCED_FACE('',(#1840,#1841),#2199,.T.);
#2344=ADVANCED_FACE('',(#1842,#1843),#47,.T.);
#2345=ADVANCED_FACE('',(#1844,#1845),#2200,.T.);
#2346=ADVANCED_FACE('',(#1846,#1847),#48,.T.);
#2347=ADVANCED_FACE('',(#1848,#1849),#2201,.T.);
#2348=ADVANCED_FACE('',(#1850,#1851),#49,.T.);
#2349=ADVANCED_FACE('',(#1852,#1853),#2202,.T.);
#2350=ADVANCED_FACE('',(#1854,#1855),#50,.T.);
#2351=ADVANCED_FACE('',(#1856,#1857),#2203,.T.);
#2352=ADVANCED_FACE('',(#1858,#1859),#51,.T.);
#2353=ADVANCED_FACE('',(#1860,#1861),#2204,.T.);
#2354=ADVANCED_FACE('',(#1862,#1863),#52,.T.);
#2355=ADVANCED_FACE('',(#1864,#1865),#2205,.T.);
#2356=ADVANCED_FACE('',(#1866,#1867),#53,.T.);
#2357=ADVANCED_FACE('',(#1868,#1869),#2206,.T.);
#2358=ADVANCED_FACE('',(#1870,#1871),#54,.T.);
#2359=ADVANCED_FACE('',(#1872,#1873),#2207,.T.);
#2360=ADVANCED_FACE('',(#1874,#1875),#55,.T.);
#2361=ADVANCED_FACE('',(#1876,#1877),#2208,.T.);
#2362=ADVANCED_FACE('',(#1878),#132,.F.);
#2363=ADVANCED_FACE('',(#1879),#133,.F.);
#2364=ADVANCED_FACE('',(#1880,#1881),#2209,.T.);
#2365=ADVANCED_FACE('',(#1882,#1883),#56,.T.);
#2366=ADVANCED_FACE('',(#1884,#1885),#2210,.T.);
#2367=ADVANCED_FACE('',(#1886,#1887),#57,.T.);
#2368=ADVANCED_FACE('',(#1888,#1889),#2211,.T.);
#2369=ADVANCED_FACE('',(#1890,#1891),#58,.T.);
#2370=ADVANCED_FACE('',(#1892,#1893),#2212,.T.);
#2371=ADVANCED_FACE('',(#1894,#1895),#59,.T.);
#2372=ADVANCED_FACE('',(#1896,#1897),#2213,.T.);
#2373=ADVANCED_FACE('',(#1898,#1899),#60,.T.);
#2374=ADVANCED_FACE('',(#1900,#1901),#2214,.T.);
#2375=ADVANCED_FACE('',(#1902,#1903),#61,.T.);
#2376=ADVANCED_FACE('',(#1904,#1905),#2215,.T.);
#2377=ADVANCED_FACE('',(#1906,#1907),#62,.T.);
#2378=ADVANCED_FACE('',(#1908,#1909),#2216,.T.);
#2379=ADVANCED_FACE('',(#1910,#1911),#63,.T.);
#2380=ADVANCED_FACE('',(#1912,#1913),#2217,.T.);
#2381=ADVANCED_FACE('',(#1914,#1915),#64,.T.);
#2382=ADVANCED_FACE('',(#1916,#1917),#2218,.T.);
#2383=ADVANCED_FACE('',(#1918,#1919),#65,.T.);
#2384=ADVANCED_FACE('',(#1920,#1921),#2219,.T.);
#2385=ADVANCED_FACE('',(#1922,#1923),#66,.T.);
#2386=ADVANCED_FACE('',(#1924,#1925),#2220,.T.);
#2387=ADVANCED_FACE('',(#1926,#1927),#67,.T.);
#2388=ADVANCED_FACE('',(#1928,#1929),#2221,.T.);
#2389=ADVANCED_FACE('',(#1930,#1931),#68,.T.);
#2390=ADVANCED_FACE('',(#1932,#1933),#2222,.T.);
#2391=ADVANCED_FACE('',(#1934,#1935),#69,.T.);
#2392=ADVANCED_FACE('',(#1936,#1937),#2223,.T.);
#2393=ADVANCED_FACE('',(#1938,#1939),#70,.T.);
#2394=ADVANCED_FACE('',(#1940,#1941),#2224,.T.);
#2395=ADVANCED_FACE('',(#1942,#1943),#71,.T.);
#2396=ADVANCED_FACE('',(#1944,#1945),#2225,.T.);
#2397=ADVANCED_FACE('',(#1946,#1947),#72,.T.);
#2398=ADVANCED_FACE('',(#1948,#1949),#2226,.T.);
#2399=ADVANCED_FACE('',(#1950,#1951),#73,.T.);
#2400=ADVANCED_FACE('',(#1952,#1953),#2227,.T.);
#2401=ADVANCED_FACE('',(#1954,#1955),#74,.T.);
#2402=ADVANCED_FACE('',(#1956,#1957),#2228,.T.);
#2403=ADVANCED_FACE('',(#1958,#1959),#75,.T.);
#2404=ADVANCED_FACE('',(#1960,#1961),#2229,.T.);
#2405=ADVANCED_FACE('',(#1962,#1963),#76,.T.);
#2406=ADVANCED_FACE('',(#1964,#1965),#2230,.T.);
#2407=ADVANCED_FACE('',(#1966,#1967),#77,.T.);
#2408=ADVANCED_FACE('',(#1968,#1969),#2231,.T.);
#2409=ADVANCED_FACE('',(#1970,#1971),#78,.T.);
#2410=ADVANCED_FACE('',(#1972,#1973),#2232,.T.);
#2411=ADVANCED_FACE('',(#1974,#1975),#79,.T.);
#2412=ADVANCED_FACE('',(#1976,#1977),#2233,.T.);
#2413=ADVANCED_FACE('',(#1978,#1979),#80,.T.);
#2414=ADVANCED_FACE('',(#1980,#1981),#2234,.T.);
#2415=ADVANCED_FACE('',(#1982,#1983),#81,.T.);
#2416=ADVANCED_FACE('',(#1984,#1985),#2235,.T.);
#2417=ADVANCED_FACE('',(#1986,#1987),#82,.T.);
#2418=ADVANCED_FACE('',(#1988,#1989),#2236,.T.);
#2419=ADVANCED_FACE('',(#1990,#1991),#83,.T.);
#2420=ADVANCED_FACE('',(#1992,#1993),#2237,.T.);
#2421=ADVANCED_FACE('',(#1994,#1995),#84,.T.);
#2422=ADVANCED_FACE('',(#1996,#1997),#2238,.T.);
#2423=ADVANCED_FACE('',(#1998,#1999),#85,.T.);
#2424=ADVANCED_FACE('',(#2000,#2001),#2239,.T.);
#2425=ADVANCED_FACE('',(#2002,#2003),#86,.T.);
#2426=ADVANCED_FACE('',(#2004,#2005),#2240,.T.);
#2427=ADVANCED_FACE('',(#2006,#2007),#87,.T.);
#2428=ADVANCED_FACE('',(#2008,#2009),#2241,.T.);
#2429=ADVANCED_FACE('',(#2010,#2011),#88,.T.);
#2430=ADVANCED_FACE('',(#2012,#2013),#2242,.T.);
#2431=ADVANCED_FACE('',(#2014,#2015),#89,.T.);
#2432=ADVANCED_FACE('',(#2016,#2017),#2243,.T.);
#2433=ADVANCED_FACE('',(#2018,#2019),#90,.T.);
#2434=ADVANCED_FACE('',(#2020,#2021),#2244,.T.);
#2435=ADVANCED_FACE('',(#2022,#2023),#91,.T.);
#2436=ADVANCED_FACE('',(#2024,#2025),#2245,.T.);
#2437=ADVANCED_FACE('',(#2026,#2027),#92,.T.);
#2438=ADVANCED_FACE('',(#2028,#2029),#2246,.T.);
#2439=ADVANCED_FACE('',(#2030,#2031),#93,.T.);
#2440=ADVANCED_FACE('',(#2032,#2033),#2247,.T.);
#2441=ADVANCED_FACE('',(#2034,#2035),#94,.T.);
#2442=ADVANCED_FACE('',(#2036,#2037),#2248,.T.);
#2443=ADVANCED_FACE('',(#2038,#2039),#95,.T.);
#2444=ADVANCED_FACE('',(#2040,#2041),#2249,.T.);
#2445=ADVANCED_FACE('',(#2042,#2043),#96,.T.);
#2446=ADVANCED_FACE('',(#2044,#2045),#2250,.T.);
#2447=ADVANCED_FACE('',(#2046,#2047),#97,.T.);
#2448=ADVANCED_FACE('',(#2048,#2049),#2251,.T.);
#2449=ADVANCED_FACE('',(#2050,#2051),#98,.T.);
#2450=ADVANCED_FACE('',(#2052,#2053),#2252,.T.);
#2451=ADVANCED_FACE('',(#2054,#2055),#99,.T.);
#2452=ADVANCED_FACE('',(#2056,#2057),#2253,.T.);
#2453=ADVANCED_FACE('',(#2058,#2059),#100,.T.);
#2454=ADVANCED_FACE('',(#2060,#2061),#2254,.T.);
#2455=ADVANCED_FACE('',(#2062,#2063),#101,.T.);
#2456=ADVANCED_FACE('',(#2064,#2065),#2255,.T.);
#2457=ADVANCED_FACE('',(#2066,#2067),#102,.T.);
#2458=ADVANCED_FACE('',(#2068,#2069),#2256,.T.);
#2459=ADVANCED_FACE('',(#2070,#2071),#103,.T.);
#2460=ADVANCED_FACE('',(#2072,#2073),#2257,.T.);
#2461=ADVANCED_FACE('',(#2074,#2075),#104,.T.);
#2462=ADVANCED_FACE('',(#2076,#2077),#2258,.T.);
#2463=ADVANCED_FACE('',(#2078,#2079),#105,.T.);
#2464=ADVANCED_FACE('',(#2080,#2081),#2259,.T.);
#2465=ADVANCED_FACE('',(#2082,#2083),#106,.T.);
#2466=ADVANCED_FACE('',(#2084,#2085),#2260,.T.);
#2467=ADVANCED_FACE('',(#2086,#2087),#107,.T.);
#2468=ADVANCED_FACE('',(#2088,#2089),#2261,.T.);
#2469=ADVANCED_FACE('',(#2090,#2091),#108,.T.);
#2470=ADVANCED_FACE('',(#2092,#2093),#2262,.T.);
#2471=ADVANCED_FACE('',(#2094,#2095),#109,.T.);
#2472=ADVANCED_FACE('',(#2096,#2097),#2263,.T.);
#2473=ADVANCED_FACE('',(#2098,#2099),#110,.T.);
#2474=ADVANCED_FACE('',(#2100,#2101),#2264,.T.);
#2475=ADVANCED_FACE('',(#2102,#2103),#111,.T.);
#2476=ADVANCED_FACE('',(#2104,#2105),#2265,.T.);
#2477=ADVANCED_FACE('',(#2106,#2107),#112,.T.);
#2478=ADVANCED_FACE('',(#2108,#2109),#2266,.T.);
#2479=ADVANCED_FACE('',(#2110,#2111),#113,.T.);
#2480=ADVANCED_FACE('',(#2112,#2113),#2267,.T.);
#2481=ADVANCED_FACE('',(#2114,#2115),#114,.T.);
#2482=ADVANCED_FACE('',(#2116,#2117),#2268,.T.);
#2483=ADVANCED_FACE('',(#2118,#2119),#115,.T.);
#2484=ADVANCED_FACE('',(#2120,#2121),#2269,.T.);
#2485=ADVANCED_FACE('',(#2122,#2123),#116,.T.);
#2486=ADVANCED_FACE('',(#2124,#2125),#2270,.T.);
#2487=ADVANCED_FACE('',(#2126,#2127),#117,.T.);
#2488=ADVANCED_FACE('',(#2128,#2129),#2271,.T.);
#2489=ADVANCED_FACE('',(#2130,#2131),#118,.T.);
#2490=ADVANCED_FACE('',(#2132,#2133),#2272,.T.);
#2491=ADVANCED_FACE('',(#2134,#2135),#119,.T.);
#2492=ADVANCED_FACE('',(#2136,#2137),#2273,.T.);
#2493=ADVANCED_FACE('',(#2138,#2139),#120,.T.);
#2494=ADVANCED_FACE('',(#2140,#2141),#2274,.T.);
#2495=ADVANCED_FACE('',(#2142,#2143),#121,.T.);
#2496=ADVANCED_FACE('',(#2144,#2145),#2275,.T.);
#2497=ADVANCED_FACE('',(#2146,#2147),#122,.T.);
#2498=ADVANCED_FACE('',(#2148,#2149),#2276,.T.);
#2499=ADVANCED_FACE('',(#2150,#2151),#123,.T.);
#2500=ADVANCED_FACE('',(#2152,#2153),#2277,.T.);
#2501=ADVANCED_FACE('',(#2154,#2155),#124,.T.);
#2502=ADVANCED_FACE('',(#2156,#2157),#2278,.T.);
#2503=ADVANCED_FACE('',(#2158,#2159),#125,.T.);
#2504=ADVANCED_FACE('',(#2160,#2161),#2279,.T.);
#2505=ADVANCED_FACE('',(#2162,#2163),#126,.T.);
#2506=ADVANCED_FACE('',(#2164,#2165),#2280,.T.);
#2507=ADVANCED_FACE('',(#2166,#2167),#127,.T.);
#2508=CLOSED_SHELL('',(#2281,#2282,#2283,#2284));
#2509=CLOSED_SHELL('',(#2285,#2286,#2287,#2288,#2289,#2290,#2291,#2292));
#2510=CLOSED_SHELL('',(#2293,#2294,#2295,#2296,#2297,#2298,#2299,#2300));
#2511=CLOSED_SHELL('',(#2301,#2302,#2303,#2304,#2305,#2306,#2307,#2308));
#2512=CLOSED_SHELL('',(#2309,#2310,#2311,#2312,#2313,#2314,#2315,#2316));
#2513=CLOSED_SHELL('',(#2317,#2318,#2319,#2320,#2321,#2322,#2323,#2324));
#2514=CLOSED_SHELL('',(#2325,#2326,#2327,#2328,#2329,#2330,#2331,#2332));
#2515=CLOSED_SHELL('',(#2333,#2334,#2335,#2336,#2337,#2338,#2339,#2340));
#2516=CLOSED_SHELL('',(#2341,#2342,#2343,#2344,#2345,#2346,#2347,#2348));
#2517=CLOSED_SHELL('',(#2349,#2350,#2351,#2352,#2353,#2354,#2355,#2356));
#2518=CLOSED_SHELL('',(#2357,#2358,#2359,#2360,#2361,#2362,#2363));
#2519=CLOSED_SHELL('',(#2364,#2365,#2366,#2367,#2368,#2369,#2370,#2371));
#2520=CLOSED_SHELL('',(#2372,#2373,#2374,#2375,#2376,#2377,#2378,#2379));
#2521=CLOSED_SHELL('',(#2380,#2381,#2382,#2383,#2384,#2385,#2386,#2387));
#2522=CLOSED_SHELL('',(#2388,#2389,#2390,#2391,#2392,#2393,#2394,#2395));
#2523=CLOSED_SHELL('',(#2396,#2397,#2398,#2399,#2400,#2401,#2402,#2403));
#2524=CLOSED_SHELL('',(#2404,#2405,#2406,#2407,#2408,#2409,#2410,#2411));
#2525=CLOSED_SHELL('',(#2412,#2413,#2414,#2415,#2416,#2417,#2418,#2419));
#2526=CLOSED_SHELL('',(#2420,#2421,#2422,#2423,#2424,#2425,#2426,#2427));
#2527=CLOSED_SHELL('',(#2428,#2429,#2430,#2431,#2432,#2433,#2434,#2435));
#2528=CLOSED_SHELL('',(#2436,#2437,#2438,#2439,#2440,#2441,#2442,#2443));
#2529=CLOSED_SHELL('',(#2444,#2445,#2446,#2447,#2448,#2449,#2450,#2451));
#2530=CLOSED_SHELL('',(#2452,#2453,#2454,#2455,#2456,#2457,#2458,#2459));
#2531=CLOSED_SHELL('',(#2460,#2461,#2462,#2463,#2464,#2465,#2466,#2467));
#2532=CLOSED_SHELL('',(#2468,#2469,#2470,#2471,#2472,#2473,#2474,#2475));
#2533=CLOSED_SHELL('',(#2476,#2477,#2478,#2479,#2480,#2481,#2482,#2483));
#2534=CLOSED_SHELL('',(#2484,#2485,#2486,#2487,#2488,#2489,#2490,#2491));
#2535=CLOSED_SHELL('',(#2492,#2493,#2494,#2495,#2496,#2497,#2498,#2499));
#2536=CLOSED_SHELL('',(#2500,#2501,#2502,#2503,#2504,#2505,#2506,#2507));
#2537=STYLED_ITEM('',(#2572),#2785);
#2538=STYLED_ITEM('',(#2573),#2786);
#2539=STYLED_ITEM('',(#2574),#2787);
#2540=STYLED_ITEM('',(#2575),#2788);
#2541=STYLED_ITEM('',(#2576),#2789);
#2542=STYLED_ITEM('',(#2577),#2790);
#2543=STYLED_ITEM('',(#2578),#2791);
#2544=STYLED_ITEM('',(#2579),#2792);
#2545=STYLED_ITEM('',(#2580),#2793);
#2546=STYLED_ITEM('',(#2581),#2794);
#2547=STYLED_ITEM('',(#2582),#2357);
#2548=STYLED_ITEM('',(#2583),#2358);
#2549=STYLED_ITEM('',(#2584),#2359);
#2550=STYLED_ITEM('',(#2585),#2360);
#2551=STYLED_ITEM('',(#2586),#2361);
#2552=STYLED_ITEM('',(#2587),#2362);
#2553=STYLED_ITEM('',(#2588),#2363);
#2554=STYLED_ITEM('',(#2589),#2796);
#2555=STYLED_ITEM('',(#2590),#2797);
#2556=STYLED_ITEM('',(#2591),#2798);
#2557=STYLED_ITEM('',(#2592),#2799);
#2558=STYLED_ITEM('',(#2593),#2800);
#2559=STYLED_ITEM('',(#2594),#2801);
#2560=STYLED_ITEM('',(#2595),#2802);
#2561=STYLED_ITEM('',(#2596),#2803);
#2562=STYLED_ITEM('',(#2597),#2804);
#2563=STYLED_ITEM('',(#2598),#2805);
#2564=STYLED_ITEM('',(#2599),#2806);
#2565=STYLED_ITEM('',(#2600),#2807);
#2566=STYLED_ITEM('',(#2601),#2808);
#2567=STYLED_ITEM('',(#2602),#2809);
#2568=STYLED_ITEM('',(#2603),#2810);
#2569=STYLED_ITEM('',(#2604),#2811);
#2570=STYLED_ITEM('',(#2605),#2812);
#2571=STYLED_ITEM('',(#2606),#2813);
#2572=PRESENTATION_STYLE_ASSIGNMENT((#2607));
#2573=PRESENTATION_STYLE_ASSIGNMENT((#2608));
#2574=PRESENTATION_STYLE_ASSIGNMENT((#2609));
#2575=PRESENTATION_STYLE_ASSIGNMENT((#2610));
#2576=PRESENTATION_STYLE_ASSIGNMENT((#2611));
#2577=PRESENTATION_STYLE_ASSIGNMENT((#2612));
#2578=PRESENTATION_STYLE_ASSIGNMENT((#2613));
#2579=PRESENTATION_STYLE_ASSIGNMENT((#2614));
#2580=PRESENTATION_STYLE_ASSIGNMENT((#2615));
#2581=PRESENTATION_STYLE_ASSIGNMENT((#2616));
#2582=PRESENTATION_STYLE_ASSIGNMENT((#2617));
#2583=PRESENTATION_STYLE_ASSIGNMENT((#2618));
#2584=PRESENTATION_STYLE_ASSIGNMENT((#2619));
#2585=PRESENTATION_STYLE_ASSIGNMENT((#2620));
#2586=PRESENTATION_STYLE_ASSIGNMENT((#2621));
#2587=PRESENTATION_STYLE_ASSIGNMENT((#2622));
#2588=PRESENTATION_STYLE_ASSIGNMENT((#2623));
#2589=PRESENTATION_STYLE_ASSIGNMENT((#2624));
#2590=PRESENTATION_STYLE_ASSIGNMENT((#2625));
#2591=PRESENTATION_STYLE_ASSIGNMENT((#2626));
#2592=PRESENTATION_STYLE_ASSIGNMENT((#2627));
#2593=PRESENTATION_STYLE_ASSIGNMENT((#2628));
#2594=PRESENTATION_STYLE_ASSIGNMENT((#2629));
#2595=PRESENTATION_STYLE_ASSIGNMENT((#2630));
#2596=PRESENTATION_STYLE_ASSIGNMENT((#2631));
#2597=PRESENTATION_STYLE_ASSIGNMENT((#2632));
#2598=PRESENTATION_STYLE_ASSIGNMENT((#2633));
#2599=PRESENTATION_STYLE_ASSIGNMENT((#2634));
#2600=PRESENTATION_STYLE_ASSIGNMENT((#2635));
#2601=PRESENTATION_STYLE_ASSIGNMENT((#2636));
#2602=PRESENTATION_STYLE_ASSIGNMENT((#2637));
#2603=PRESENTATION_STYLE_ASSIGNMENT((#2638));
#2604=PRESENTATION_STYLE_ASSIGNMENT((#2639));
#2605=PRESENTATION_STYLE_ASSIGNMENT((#2640));
#2606=PRESENTATION_STYLE_ASSIGNMENT((#2641));
#2607=SURFACE_STYLE_USAGE(.BOTH.,#2642);
#2608=SURFACE_STYLE_USAGE(.BOTH.,#2643);
#2609=SURFACE_STYLE_USAGE(.BOTH.,#2644);
#2610=SURFACE_STYLE_USAGE(.BOTH.,#2645);
#2611=SURFACE_STYLE_USAGE(.BOTH.,#2646);
#2612=SURFACE_STYLE_USAGE(.BOTH.,#2647);
#2613=SURFACE_STYLE_USAGE(.BOTH.,#2648);
#2614=SURFACE_STYLE_USAGE(.BOTH.,#2649);
#2615=SURFACE_STYLE_USAGE(.BOTH.,#2650);
#2616=SURFACE_STYLE_USAGE(.BOTH.,#2651);
#2617=SURFACE_STYLE_USAGE(.BOTH.,#2652);
#2618=SURFACE_STYLE_USAGE(.BOTH.,#2653);
#2619=SURFACE_STYLE_USAGE(.BOTH.,#2654);
#2620=SURFACE_STYLE_USAGE(.BOTH.,#2655);
#2621=SURFACE_STYLE_USAGE(.BOTH.,#2656);
#2622=SURFACE_STYLE_USAGE(.BOTH.,#2657);
#2623=SURFACE_STYLE_USAGE(.BOTH.,#2658);
#2624=SURFACE_STYLE_USAGE(.BOTH.,#2659);
#2625=SURFACE_STYLE_USAGE(.BOTH.,#2660);
#2626=SURFACE_STYLE_USAGE(.BOTH.,#2661);
#2627=SURFACE_STYLE_USAGE(.BOTH.,#2662);
#2628=SURFACE_STYLE_USAGE(.BOTH.,#2663);
#2629=SURFACE_STYLE_USAGE(.BOTH.,#2664);
#2630=SURFACE_STYLE_USAGE(.BOTH.,#2665);
#2631=SURFACE_STYLE_USAGE(.BOTH.,#2666);
#2632=SURFACE_STYLE_USAGE(.BOTH.,#2667);
#2633=SURFACE_STYLE_USAGE(.BOTH.,#2668);
#2634=SURFACE_STYLE_USAGE(.BOTH.,#2669);
#2635=SURFACE_STYLE_USAGE(.BOTH.,#2670);
#2636=SURFACE_STYLE_USAGE(.BOTH.,#2671);
#2637=SURFACE_STYLE_USAGE(.BOTH.,#2672);
#2638=SURFACE_STYLE_USAGE(.BOTH.,#2673);
#2639=SURFACE_STYLE_USAGE(.BOTH.,#2674);
#2640=SURFACE_STYLE_USAGE(.BOTH.,#2675);
#2641=SURFACE_STYLE_USAGE(.BOTH.,#2676);
#2642=SURFACE_SIDE_STYLE('',(#2677));
#2643=SURFACE_SIDE_STYLE('',(#2678));
#2644=SURFACE_SIDE_STYLE('',(#2679));
#2645=SURFACE_SIDE_STYLE('',(#2680));
#2646=SURFACE_SIDE_STYLE('',(#2681));
#2647=SURFACE_SIDE_STYLE('',(#2682));
#2648=SURFACE_SIDE_STYLE('',(#2683));
#2649=SURFACE_SIDE_STYLE('',(#2684));
#2650=SURFACE_SIDE_STYLE('',(#2685));
#2651=SURFACE_SIDE_STYLE('',(#2686));
#2652=SURFACE_SIDE_STYLE('',(#2687));
#2653=SURFACE_SIDE_STYLE('',(#2688));
#2654=SURFACE_SIDE_STYLE('',(#2689));
#2655=SURFACE_SIDE_STYLE('',(#2690));
#2656=SURFACE_SIDE_STYLE('',(#2691));
#2657=SURFACE_SIDE_STYLE('',(#2692));
#2658=SURFACE_SIDE_STYLE('',(#2693));
#2659=SURFACE_SIDE_STYLE('',(#2694));
#2660=SURFACE_SIDE_STYLE('',(#2695));
#2661=SURFACE_SIDE_STYLE('',(#2696));
#2662=SURFACE_SIDE_STYLE('',(#2697));
#2663=SURFACE_SIDE_STYLE('',(#2698));
#2664=SURFACE_SIDE_STYLE('',(#2699));
#2665=SURFACE_SIDE_STYLE('',(#2700));
#2666=SURFACE_SIDE_STYLE('',(#2701));
#2667=SURFACE_SIDE_STYLE('',(#2702));
#2668=SURFACE_SIDE_STYLE('',(#2703));
#2669=SURFACE_SIDE_STYLE('',(#2704));
#2670=SURFACE_SIDE_STYLE('',(#2705));
#2671=SURFACE_SIDE_STYLE('',(#2706));
#2672=SURFACE_SIDE_STYLE('',(#2707));
#2673=SURFACE_SIDE_STYLE('',(#2708));
#2674=SURFACE_SIDE_STYLE('',(#2709));
#2675=SURFACE_SIDE_STYLE('',(#2710));
#2676=SURFACE_SIDE_STYLE('',(#2711));
#2677=SURFACE_STYLE_FILL_AREA(#2712);
#2678=SURFACE_STYLE_FILL_AREA(#2713);
#2679=SURFACE_STYLE_FILL_AREA(#2714);
#2680=SURFACE_STYLE_FILL_AREA(#2715);
#2681=SURFACE_STYLE_FILL_AREA(#2716);
#2682=SURFACE_STYLE_FILL_AREA(#2717);
#2683=SURFACE_STYLE_FILL_AREA(#2718);
#2684=SURFACE_STYLE_FILL_AREA(#2719);
#2685=SURFACE_STYLE_FILL_AREA(#2720);
#2686=SURFACE_STYLE_FILL_AREA(#2721);
#2687=SURFACE_STYLE_FILL_AREA(#2722);
#2688=SURFACE_STYLE_FILL_AREA(#2723);
#2689=SURFACE_STYLE_FILL_AREA(#2724);
#2690=SURFACE_STYLE_FILL_AREA(#2725);
#2691=SURFACE_STYLE_FILL_AREA(#2726);
#2692=SURFACE_STYLE_FILL_AREA(#2727);
#2693=SURFACE_STYLE_FILL_AREA(#2728);
#2694=SURFACE_STYLE_FILL_AREA(#2729);
#2695=SURFACE_STYLE_FILL_AREA(#2730);
#2696=SURFACE_STYLE_FILL_AREA(#2731);
#2697=SURFACE_STYLE_FILL_AREA(#2732);
#2698=SURFACE_STYLE_FILL_AREA(#2733);
#2699=SURFACE_STYLE_FILL_AREA(#2734);
#2700=SURFACE_STYLE_FILL_AREA(#2735);
#2701=SURFACE_STYLE_FILL_AREA(#2736);
#2702=SURFACE_STYLE_FILL_AREA(#2737);
#2703=SURFACE_STYLE_FILL_AREA(#2738);
#2704=SURFACE_STYLE_FILL_AREA(#2739);
#2705=SURFACE_STYLE_FILL_AREA(#2740);
#2706=SURFACE_STYLE_FILL_AREA(#2741);
#2707=SURFACE_STYLE_FILL_AREA(#2742);
#2708=SURFACE_STYLE_FILL_AREA(#2743);
#2709=SURFACE_STYLE_FILL_AREA(#2744);
#2710=SURFACE_STYLE_FILL_AREA(#2745);
#2711=SURFACE_STYLE_FILL_AREA(#2746);
#2712=FILL_AREA_STYLE('',(#2747));
#2713=FILL_AREA_STYLE('',(#2748));
#2714=FILL_AREA_STYLE('',(#2749));
#2715=FILL_AREA_STYLE('',(#2750));
#2716=FILL_AREA_STYLE('',(#2751));
#2717=FILL_AREA_STYLE('',(#2752));
#2718=FILL_AREA_STYLE('',(#2753));
#2719=FILL_AREA_STYLE('',(#2754));
#2720=FILL_AREA_STYLE('',(#2755));
#2721=FILL_AREA_STYLE('',(#2756));
#2722=FILL_AREA_STYLE('',(#2757));
#2723=FILL_AREA_STYLE('',(#2758));
#2724=FILL_AREA_STYLE('',(#2759));
#2725=FILL_AREA_STYLE('',(#2760));
#2726=FILL_AREA_STYLE('',(#2761));
#2727=FILL_AREA_STYLE('',(#2762));
#2728=FILL_AREA_STYLE('',(#2763));
#2729=FILL_AREA_STYLE('',(#2764));
#2730=FILL_AREA_STYLE('',(#2765));
#2731=FILL_AREA_STYLE('',(#2766));
#2732=FILL_AREA_STYLE('',(#2767));
#2733=FILL_AREA_STYLE('',(#2768));
#2734=FILL_AREA_STYLE('',(#2769));
#2735=FILL_AREA_STYLE('',(#2770));
#2736=FILL_AREA_STYLE('',(#2771));
#2737=FILL_AREA_STYLE('',(#2772));
#2738=FILL_AREA_STYLE('',(#2773));
#2739=FILL_AREA_STYLE('',(#2774));
#2740=FILL_AREA_STYLE('',(#2775));
#2741=FILL_AREA_STYLE('',(#2776));
#2742=FILL_AREA_STYLE('',(#2777));
#2743=FILL_AREA_STYLE('',(#2778));
#2744=FILL_AREA_STYLE('',(#2779));
#2745=FILL_AREA_STYLE('',(#2780));
#2746=FILL_AREA_STYLE('',(#2781));
#2747=FILL_AREA_STYLE_COLOUR('',#2782);
#2748=FILL_AREA_STYLE_COLOUR('',#2783);
#2749=FILL_AREA_STYLE_COLOUR('',#2783);
#2750=FILL_AREA_STYLE_COLOUR('',#2783);
#2751=FILL_AREA_STYLE_COLOUR('',#2783);
#2752=FILL_AREA_STYLE_COLOUR('',#2783);
#2753=FILL_AREA_STYLE_COLOUR('',#2783);
#2754=FILL_AREA_STYLE_COLOUR('',#2783);
#2755=FILL_AREA_STYLE_COLOUR('',#2783);
#2756=FILL_AREA_STYLE_COLOUR('',#2783);
#2757=FILL_AREA_STYLE_COLOUR('',#2783);
#2758=FILL_AREA_STYLE_COLOUR('',#2783);
#2759=FILL_AREA_STYLE_COLOUR('',#2783);
#2760=FILL_AREA_STYLE_COLOUR('',#2783);
#2761=FILL_AREA_STYLE_COLOUR('',#2783);
#2762=FILL_AREA_STYLE_COLOUR('',#2784);
#2763=FILL_AREA_STYLE_COLOUR('',#2784);
#2764=FILL_AREA_STYLE_COLOUR('',#2783);
#2765=FILL_AREA_STYLE_COLOUR('',#2783);
#2766=FILL_AREA_STYLE_COLOUR('',#2783);
#2767=FILL_AREA_STYLE_COLOUR('',#2783);
#2768=FILL_AREA_STYLE_COLOUR('',#2783);
#2769=FILL_AREA_STYLE_COLOUR('',#2783);
#2770=FILL_AREA_STYLE_COLOUR('',#2783);
#2771=FILL_AREA_STYLE_COLOUR('',#2783);
#2772=FILL_AREA_STYLE_COLOUR('',#2783);
#2773=FILL_AREA_STYLE_COLOUR('',#2783);
#2774=FILL_AREA_STYLE_COLOUR('',#2783);
#2775=FILL_AREA_STYLE_COLOUR('',#2783);
#2776=FILL_AREA_STYLE_COLOUR('',#2783);
#2777=FILL_AREA_STYLE_COLOUR('',#2783);
#2778=FILL_AREA_STYLE_COLOUR('',#2783);
#2779=FILL_AREA_STYLE_COLOUR('',#2783);
#2780=FILL_AREA_STYLE_COLOUR('',#2783);
#2781=FILL_AREA_STYLE_COLOUR('',#2783);
#2782=COLOUR_RGB('',0.800000011920929,0.760330617427826,0.);
#2783=COLOUR_RGB('',0.550000011920929,0.311243504285812,0.21841649711132);
#2784=COLOUR_RGB('',0.506983280181885,0.531564235687256,0.550000011920929);
#2785=MANIFOLD_SOLID_BREP('',#2508);
#2786=MANIFOLD_SOLID_BREP('',#2509);
#2787=MANIFOLD_SOLID_BREP('',#2510);
#2788=MANIFOLD_SOLID_BREP('',#2511);
#2789=MANIFOLD_SOLID_BREP('',#2512);
#2790=MANIFOLD_SOLID_BREP('',#2513);
#2791=MANIFOLD_SOLID_BREP('',#2514);
#2792=MANIFOLD_SOLID_BREP('',#2515);
#2793=MANIFOLD_SOLID_BREP('',#2516);
#2794=MANIFOLD_SOLID_BREP('',#2517);
#2795=MANIFOLD_SOLID_BREP('',#2518);
#2796=MANIFOLD_SOLID_BREP('',#2519);
#2797=MANIFOLD_SOLID_BREP('',#2520);
#2798=MANIFOLD_SOLID_BREP('',#2521);
#2799=MANIFOLD_SOLID_BREP('',#2522);
#2800=MANIFOLD_SOLID_BREP('',#2523);
#2801=MANIFOLD_SOLID_BREP('',#2524);
#2802=MANIFOLD_SOLID_BREP('',#2525);
#2803=MANIFOLD_SOLID_BREP('',#2526);
#2804=MANIFOLD_SOLID_BREP('',#2527);
#2805=MANIFOLD_SOLID_BREP('',#2528);
#2806=MANIFOLD_SOLID_BREP('',#2529);
#2807=MANIFOLD_SOLID_BREP('',#2530);
#2808=MANIFOLD_SOLID_BREP('',#2531);
#2809=MANIFOLD_SOLID_BREP('',#2532);
#2810=MANIFOLD_SOLID_BREP('',#2533);
#2811=MANIFOLD_SOLID_BREP('',#2534);
#2812=MANIFOLD_SOLID_BREP('',#2535);
#2813=MANIFOLD_SOLID_BREP('',#2536);
#2814=SHAPE_DEFINITION_REPRESENTATION(#4864,#2815);
#2815=SHAPE_REPRESENTATION('DPO-3.0-33',(#2816),#4859);
#2816=AXIS2_PLACEMENT_3D('',#4178,#3270,#3271);
#2817=AXIS2_PLACEMENT_3D('',#4179,#3272,#3273);
#2818=AXIS2_PLACEMENT_3D('',#4180,#3274,#3275);
#2819=AXIS2_PLACEMENT_3D('',#4182,#3276,#3277);
#2820=AXIS2_PLACEMENT_3D('',#4184,#3278,#3279);
#2821=AXIS2_PLACEMENT_3D('',#4185,#3280,#3281);
#2822=AXIS2_PLACEMENT_3D('',#4187,#3282,#3283);
#2823=AXIS2_PLACEMENT_3D('',#4189,#3284,#3285);
#2824=AXIS2_PLACEMENT_3D('',#4190,#3286,#3287);
#2825=AXIS2_PLACEMENT_3D('',#4191,#3288,#3289);
#2826=AXIS2_PLACEMENT_3D('',#4192,#3290,#3291);
#2827=AXIS2_PLACEMENT_3D('',#4194,#3292,#3293);
#2828=AXIS2_PLACEMENT_3D('',#4196,#3294,#3295);
#2829=AXIS2_PLACEMENT_3D('',#4197,#3296,#3297);
#2830=AXIS2_PLACEMENT_3D('',#4199,#3298,#3299);
#2831=AXIS2_PLACEMENT_3D('',#4200,#3300,#3301);
#2832=AXIS2_PLACEMENT_3D('',#4202,#3302,#3303);
#2833=AXIS2_PLACEMENT_3D('',#4203,#3304,#3305);
#2834=AXIS2_PLACEMENT_3D('',#4205,#3306,#3307);
#2835=AXIS2_PLACEMENT_3D('',#4206,#3308,#3309);
#2836=AXIS2_PLACEMENT_3D('',#4208,#3310,#3311);
#2837=AXIS2_PLACEMENT_3D('',#4209,#3312,#3313);
#2838=AXIS2_PLACEMENT_3D('',#4211,#3314,#3315);
#2839=AXIS2_PLACEMENT_3D('',#4212,#3316,#3317);
#2840=AXIS2_PLACEMENT_3D('',#4214,#3318,#3319);
#2841=AXIS2_PLACEMENT_3D('',#4215,#3320,#3321);
#2842=AXIS2_PLACEMENT_3D('',#4216,#3322,#3323);
#2843=AXIS2_PLACEMENT_3D('',#4218,#3324,#3325);
#2844=AXIS2_PLACEMENT_3D('',#4220,#3326,#3327);
#2845=AXIS2_PLACEMENT_3D('',#4221,#3328,#3329);
#2846=AXIS2_PLACEMENT_3D('',#4223,#3330,#3331);
#2847=AXIS2_PLACEMENT_3D('',#4224,#3332,#3333);
#2848=AXIS2_PLACEMENT_3D('',#4226,#3334,#3335);
#2849=AXIS2_PLACEMENT_3D('',#4227,#3336,#3337);
#2850=AXIS2_PLACEMENT_3D('',#4229,#3338,#3339);
#2851=AXIS2_PLACEMENT_3D('',#4230,#3340,#3341);
#2852=AXIS2_PLACEMENT_3D('',#4232,#3342,#3343);
#2853=AXIS2_PLACEMENT_3D('',#4233,#3344,#3345);
#2854=AXIS2_PLACEMENT_3D('',#4235,#3346,#3347);
#2855=AXIS2_PLACEMENT_3D('',#4236,#3348,#3349);
#2856=AXIS2_PLACEMENT_3D('',#4238,#3350,#3351);
#2857=AXIS2_PLACEMENT_3D('',#4239,#3352,#3353);
#2858=AXIS2_PLACEMENT_3D('',#4240,#3354,#3355);
#2859=AXIS2_PLACEMENT_3D('',#4242,#3356,#3357);
#2860=AXIS2_PLACEMENT_3D('',#4244,#3358,#3359);
#2861=AXIS2_PLACEMENT_3D('',#4245,#3360,#3361);
#2862=AXIS2_PLACEMENT_3D('',#4247,#3362,#3363);
#2863=AXIS2_PLACEMENT_3D('',#4248,#3364,#3365);
#2864=AXIS2_PLACEMENT_3D('',#4250,#3366,#3367);
#2865=AXIS2_PLACEMENT_3D('',#4251,#3368,#3369);
#2866=AXIS2_PLACEMENT_3D('',#4253,#3370,#3371);
#2867=AXIS2_PLACEMENT_3D('',#4254,#3372,#3373);
#2868=AXIS2_PLACEMENT_3D('',#4256,#3374,#3375);
#2869=AXIS2_PLACEMENT_3D('',#4257,#3376,#3377);
#2870=AXIS2_PLACEMENT_3D('',#4259,#3378,#3379);
#2871=AXIS2_PLACEMENT_3D('',#4260,#3380,#3381);
#2872=AXIS2_PLACEMENT_3D('',#4262,#3382,#3383);
#2873=AXIS2_PLACEMENT_3D('',#4263,#3384,#3385);
#2874=AXIS2_PLACEMENT_3D('',#4264,#3386,#3387);
#2875=AXIS2_PLACEMENT_3D('',#4266,#3388,#3389);
#2876=AXIS2_PLACEMENT_3D('',#4268,#3390,#3391);
#2877=AXIS2_PLACEMENT_3D('',#4269,#3392,#3393);
#2878=AXIS2_PLACEMENT_3D('',#4271,#3394,#3395);
#2879=AXIS2_PLACEMENT_3D('',#4272,#3396,#3397);
#2880=AXIS2_PLACEMENT_3D('',#4274,#3398,#3399);
#2881=AXIS2_PLACEMENT_3D('',#4275,#3400,#3401);
#2882=AXIS2_PLACEMENT_3D('',#4277,#3402,#3403);
#2883=AXIS2_PLACEMENT_3D('',#4278,#3404,#3405);
#2884=AXIS2_PLACEMENT_3D('',#4280,#3406,#3407);
#2885=AXIS2_PLACEMENT_3D('',#4281,#3408,#3409);
#2886=AXIS2_PLACEMENT_3D('',#4283,#3410,#3411);
#2887=AXIS2_PLACEMENT_3D('',#4284,#3412,#3413);
#2888=AXIS2_PLACEMENT_3D('',#4286,#3414,#3415);
#2889=AXIS2_PLACEMENT_3D('',#4287,#3416,#3417);
#2890=AXIS2_PLACEMENT_3D('',#4288,#3418,#3419);
#2891=AXIS2_PLACEMENT_3D('',#4290,#3420,#3421);
#2892=AXIS2_PLACEMENT_3D('',#4292,#3422,#3423);
#2893=AXIS2_PLACEMENT_3D('',#4293,#3424,#3425);
#2894=AXIS2_PLACEMENT_3D('',#4295,#3426,#3427);
#2895=AXIS2_PLACEMENT_3D('',#4296,#3428,#3429);
#2896=AXIS2_PLACEMENT_3D('',#4298,#3430,#3431);
#2897=AXIS2_PLACEMENT_3D('',#4299,#3432,#3433);
#2898=AXIS2_PLACEMENT_3D('',#4301,#3434,#3435);
#2899=AXIS2_PLACEMENT_3D('',#4302,#3436,#3437);
#2900=AXIS2_PLACEMENT_3D('',#4304,#3438,#3439);
#2901=AXIS2_PLACEMENT_3D('',#4305,#3440,#3441);
#2902=AXIS2_PLACEMENT_3D('',#4307,#3442,#3443);
#2903=AXIS2_PLACEMENT_3D('',#4308,#3444,#3445);
#2904=AXIS2_PLACEMENT_3D('',#4310,#3446,#3447);
#2905=AXIS2_PLACEMENT_3D('',#4311,#3448,#3449);
#2906=AXIS2_PLACEMENT_3D('',#4312,#3450,#3451);
#2907=AXIS2_PLACEMENT_3D('',#4314,#3452,#3453);
#2908=AXIS2_PLACEMENT_3D('',#4316,#3454,#3455);
#2909=AXIS2_PLACEMENT_3D('',#4317,#3456,#3457);
#2910=AXIS2_PLACEMENT_3D('',#4319,#3458,#3459);
#2911=AXIS2_PLACEMENT_3D('',#4320,#3460,#3461);
#2912=AXIS2_PLACEMENT_3D('',#4322,#3462,#3463);
#2913=AXIS2_PLACEMENT_3D('',#4323,#3464,#3465);
#2914=AXIS2_PLACEMENT_3D('',#4325,#3466,#3467);
#2915=AXIS2_PLACEMENT_3D('',#4326,#3468,#3469);
#2916=AXIS2_PLACEMENT_3D('',#4328,#3470,#3471);
#2917=AXIS2_PLACEMENT_3D('',#4329,#3472,#3473);
#2918=AXIS2_PLACEMENT_3D('',#4331,#3474,#3475);
#2919=AXIS2_PLACEMENT_3D('',#4332,#3476,#3477);
#2920=AXIS2_PLACEMENT_3D('',#4334,#3478,#3479);
#2921=AXIS2_PLACEMENT_3D('',#4335,#3480,#3481);
#2922=AXIS2_PLACEMENT_3D('',#4336,#3482,#3483);
#2923=AXIS2_PLACEMENT_3D('',#4338,#3484,#3485);
#2924=AXIS2_PLACEMENT_3D('',#4340,#3486,#3487);
#2925=AXIS2_PLACEMENT_3D('',#4341,#3488,#3489);
#2926=AXIS2_PLACEMENT_3D('',#4343,#3490,#3491);
#2927=AXIS2_PLACEMENT_3D('',#4344,#3492,#3493);
#2928=AXIS2_PLACEMENT_3D('',#4346,#3494,#3495);
#2929=AXIS2_PLACEMENT_3D('',#4347,#3496,#3497);
#2930=AXIS2_PLACEMENT_3D('',#4349,#3498,#3499);
#2931=AXIS2_PLACEMENT_3D('',#4350,#3500,#3501);
#2932=AXIS2_PLACEMENT_3D('',#4352,#3502,#3503);
#2933=AXIS2_PLACEMENT_3D('',#4353,#3504,#3505);
#2934=AXIS2_PLACEMENT_3D('',#4355,#3506,#3507);
#2935=AXIS2_PLACEMENT_3D('',#4356,#3508,#3509);
#2936=AXIS2_PLACEMENT_3D('',#4358,#3510,#3511);
#2937=AXIS2_PLACEMENT_3D('',#4359,#3512,#3513);
#2938=AXIS2_PLACEMENT_3D('',#4360,#3514,#3515);
#2939=AXIS2_PLACEMENT_3D('',#4362,#3516,#3517);
#2940=AXIS2_PLACEMENT_3D('',#4364,#3518,#3519);
#2941=AXIS2_PLACEMENT_3D('',#4365,#3520,#3521);
#2942=AXIS2_PLACEMENT_3D('',#4367,#3522,#3523);
#2943=AXIS2_PLACEMENT_3D('',#4368,#3524,#3525);
#2944=AXIS2_PLACEMENT_3D('',#4370,#3526,#3527);
#2945=AXIS2_PLACEMENT_3D('',#4371,#3528,#3529);
#2946=AXIS2_PLACEMENT_3D('',#4373,#3530,#3531);
#2947=AXIS2_PLACEMENT_3D('',#4374,#3532,#3533);
#2948=AXIS2_PLACEMENT_3D('',#4376,#3534,#3535);
#2949=AXIS2_PLACEMENT_3D('',#4377,#3536,#3537);
#2950=AXIS2_PLACEMENT_3D('',#4379,#3538,#3539);
#2951=AXIS2_PLACEMENT_3D('',#4380,#3540,#3541);
#2952=AXIS2_PLACEMENT_3D('',#4382,#3542,#3543);
#2953=AXIS2_PLACEMENT_3D('',#4383,#3544,#3545);
#2954=AXIS2_PLACEMENT_3D('',#4384,#3546,#3547);
#2955=AXIS2_PLACEMENT_3D('',#4386,#3548,#3549);
#2956=AXIS2_PLACEMENT_3D('',#4388,#3550,#3551);
#2957=AXIS2_PLACEMENT_3D('',#4389,#3552,#3553);
#2958=AXIS2_PLACEMENT_3D('',#4391,#3554,#3555);
#2959=AXIS2_PLACEMENT_3D('',#4392,#3556,#3557);
#2960=AXIS2_PLACEMENT_3D('',#4394,#3558,#3559);
#2961=AXIS2_PLACEMENT_3D('',#4395,#3560,#3561);
#2962=AXIS2_PLACEMENT_3D('',#4397,#3562,#3563);
#2963=AXIS2_PLACEMENT_3D('',#4398,#3564,#3565);
#2964=AXIS2_PLACEMENT_3D('',#4400,#3566,#3567);
#2965=AXIS2_PLACEMENT_3D('',#4401,#3568,#3569);
#2966=AXIS2_PLACEMENT_3D('',#4403,#3570,#3571);
#2967=AXIS2_PLACEMENT_3D('',#4404,#3572,#3573);
#2968=AXIS2_PLACEMENT_3D('',#4406,#3574,#3575);
#2969=AXIS2_PLACEMENT_3D('',#4407,#3576,#3577);
#2970=AXIS2_PLACEMENT_3D('',#4408,#3578,#3579);
#2971=AXIS2_PLACEMENT_3D('',#4410,#3580,#3581);
#2972=AXIS2_PLACEMENT_3D('',#4412,#3582,#3583);
#2973=AXIS2_PLACEMENT_3D('',#4413,#3584,#3585);
#2974=AXIS2_PLACEMENT_3D('',#4415,#3586,#3587);
#2975=AXIS2_PLACEMENT_3D('',#4416,#3588,#3589);
#2976=AXIS2_PLACEMENT_3D('',#4418,#3590,#3591);
#2977=AXIS2_PLACEMENT_3D('',#4419,#3592,#3593);
#2978=AXIS2_PLACEMENT_3D('',#4421,#3594,#3595);
#2979=AXIS2_PLACEMENT_3D('',#4422,#3596,#3597);
#2980=AXIS2_PLACEMENT_3D('',#4424,#3598,#3599);
#2981=AXIS2_PLACEMENT_3D('',#4425,#3600,#3601);
#2982=AXIS2_PLACEMENT_3D('',#4426,#3602,#3603);
#2983=AXIS2_PLACEMENT_3D('',#4427,#3604,#3605);
#2984=AXIS2_PLACEMENT_3D('',#4429,#3606,#3607);
#2985=AXIS2_PLACEMENT_3D('',#4431,#3608,#3609);
#2986=AXIS2_PLACEMENT_3D('',#4432,#3610,#3611);
#2987=AXIS2_PLACEMENT_3D('',#4434,#3612,#3613);
#2988=AXIS2_PLACEMENT_3D('',#4435,#3614,#3615);
#2989=AXIS2_PLACEMENT_3D('',#4437,#3616,#3617);
#2990=AXIS2_PLACEMENT_3D('',#4438,#3618,#3619);
#2991=AXIS2_PLACEMENT_3D('',#4440,#3620,#3621);
#2992=AXIS2_PLACEMENT_3D('',#4441,#3622,#3623);
#2993=AXIS2_PLACEMENT_3D('',#4443,#3624,#3625);
#2994=AXIS2_PLACEMENT_3D('',#4444,#3626,#3627);
#2995=AXIS2_PLACEMENT_3D('',#4446,#3628,#3629);
#2996=AXIS2_PLACEMENT_3D('',#4447,#3630,#3631);
#2997=AXIS2_PLACEMENT_3D('',#4449,#3632,#3633);
#2998=AXIS2_PLACEMENT_3D('',#4450,#3634,#3635);
#2999=AXIS2_PLACEMENT_3D('',#4451,#3636,#3637);
#3000=AXIS2_PLACEMENT_3D('',#4453,#3638,#3639);
#3001=AXIS2_PLACEMENT_3D('',#4455,#3640,#3641);
#3002=AXIS2_PLACEMENT_3D('',#4456,#3642,#3643);
#3003=AXIS2_PLACEMENT_3D('',#4458,#3644,#3645);
#3004=AXIS2_PLACEMENT_3D('',#4459,#3646,#3647);
#3005=AXIS2_PLACEMENT_3D('',#4461,#3648,#3649);
#3006=AXIS2_PLACEMENT_3D('',#4462,#3650,#3651);
#3007=AXIS2_PLACEMENT_3D('',#4464,#3652,#3653);
#3008=AXIS2_PLACEMENT_3D('',#4465,#3654,#3655);
#3009=AXIS2_PLACEMENT_3D('',#4467,#3656,#3657);
#3010=AXIS2_PLACEMENT_3D('',#4468,#3658,#3659);
#3011=AXIS2_PLACEMENT_3D('',#4470,#3660,#3661);
#3012=AXIS2_PLACEMENT_3D('',#4471,#3662,#3663);
#3013=AXIS2_PLACEMENT_3D('',#4473,#3664,#3665);
#3014=AXIS2_PLACEMENT_3D('',#4474,#3666,#3667);
#3015=AXIS2_PLACEMENT_3D('',#4475,#3668,#3669);
#3016=AXIS2_PLACEMENT_3D('',#4477,#3670,#3671);
#3017=AXIS2_PLACEMENT_3D('',#4479,#3672,#3673);
#3018=AXIS2_PLACEMENT_3D('',#4480,#3674,#3675);
#3019=AXIS2_PLACEMENT_3D('',#4482,#3676,#3677);
#3020=AXIS2_PLACEMENT_3D('',#4483,#3678,#3679);
#3021=AXIS2_PLACEMENT_3D('',#4485,#3680,#3681);
#3022=AXIS2_PLACEMENT_3D('',#4486,#3682,#3683);
#3023=AXIS2_PLACEMENT_3D('',#4488,#3684,#3685);
#3024=AXIS2_PLACEMENT_3D('',#4489,#3686,#3687);
#3025=AXIS2_PLACEMENT_3D('',#4491,#3688,#3689);
#3026=AXIS2_PLACEMENT_3D('',#4492,#3690,#3691);
#3027=AXIS2_PLACEMENT_3D('',#4494,#3692,#3693);
#3028=AXIS2_PLACEMENT_3D('',#4495,#3694,#3695);
#3029=AXIS2_PLACEMENT_3D('',#4497,#3696,#3697);
#3030=AXIS2_PLACEMENT_3D('',#4498,#3698,#3699);
#3031=AXIS2_PLACEMENT_3D('',#4499,#3700,#3701);
#3032=AXIS2_PLACEMENT_3D('',#4501,#3702,#3703);
#3033=AXIS2_PLACEMENT_3D('',#4503,#3704,#3705);
#3034=AXIS2_PLACEMENT_3D('',#4504,#3706,#3707);
#3035=AXIS2_PLACEMENT_3D('',#4506,#3708,#3709);
#3036=AXIS2_PLACEMENT_3D('',#4507,#3710,#3711);
#3037=AXIS2_PLACEMENT_3D('',#4509,#3712,#3713);
#3038=AXIS2_PLACEMENT_3D('',#4510,#3714,#3715);
#3039=AXIS2_PLACEMENT_3D('',#4512,#3716,#3717);
#3040=AXIS2_PLACEMENT_3D('',#4513,#3718,#3719);
#3041=AXIS2_PLACEMENT_3D('',#4515,#3720,#3721);
#3042=AXIS2_PLACEMENT_3D('',#4516,#3722,#3723);
#3043=AXIS2_PLACEMENT_3D('',#4518,#3724,#3725);
#3044=AXIS2_PLACEMENT_3D('',#4519,#3726,#3727);
#3045=AXIS2_PLACEMENT_3D('',#4521,#3728,#3729);
#3046=AXIS2_PLACEMENT_3D('',#4522,#3730,#3731);
#3047=AXIS2_PLACEMENT_3D('',#4523,#3732,#3733);
#3048=AXIS2_PLACEMENT_3D('',#4525,#3734,#3735);
#3049=AXIS2_PLACEMENT_3D('',#4527,#3736,#3737);
#3050=AXIS2_PLACEMENT_3D('',#4528,#3738,#3739);
#3051=AXIS2_PLACEMENT_3D('',#4530,#3740,#3741);
#3052=AXIS2_PLACEMENT_3D('',#4531,#3742,#3743);
#3053=AXIS2_PLACEMENT_3D('',#4533,#3744,#3745);
#3054=AXIS2_PLACEMENT_3D('',#4534,#3746,#3747);
#3055=AXIS2_PLACEMENT_3D('',#4536,#3748,#3749);
#3056=AXIS2_PLACEMENT_3D('',#4537,#3750,#3751);
#3057=AXIS2_PLACEMENT_3D('',#4539,#3752,#3753);
#3058=AXIS2_PLACEMENT_3D('',#4540,#3754,#3755);
#3059=AXIS2_PLACEMENT_3D('',#4542,#3756,#3757);
#3060=AXIS2_PLACEMENT_3D('',#4543,#3758,#3759);
#3061=AXIS2_PLACEMENT_3D('',#4545,#3760,#3761);
#3062=AXIS2_PLACEMENT_3D('',#4546,#3762,#3763);
#3063=AXIS2_PLACEMENT_3D('',#4547,#3764,#3765);
#3064=AXIS2_PLACEMENT_3D('',#4549,#3766,#3767);
#3065=AXIS2_PLACEMENT_3D('',#4551,#3768,#3769);
#3066=AXIS2_PLACEMENT_3D('',#4552,#3770,#3771);
#3067=AXIS2_PLACEMENT_3D('',#4554,#3772,#3773);
#3068=AXIS2_PLACEMENT_3D('',#4555,#3774,#3775);
#3069=AXIS2_PLACEMENT_3D('',#4557,#3776,#3777);
#3070=AXIS2_PLACEMENT_3D('',#4558,#3778,#3779);
#3071=AXIS2_PLACEMENT_3D('',#4560,#3780,#3781);
#3072=AXIS2_PLACEMENT_3D('',#4561,#3782,#3783);
#3073=AXIS2_PLACEMENT_3D('',#4563,#3784,#3785);
#3074=AXIS2_PLACEMENT_3D('',#4564,#3786,#3787);
#3075=AXIS2_PLACEMENT_3D('',#4566,#3788,#3789);
#3076=AXIS2_PLACEMENT_3D('',#4567,#3790,#3791);
#3077=AXIS2_PLACEMENT_3D('',#4569,#3792,#3793);
#3078=AXIS2_PLACEMENT_3D('',#4570,#3794,#3795);
#3079=AXIS2_PLACEMENT_3D('',#4571,#3796,#3797);
#3080=AXIS2_PLACEMENT_3D('',#4573,#3798,#3799);
#3081=AXIS2_PLACEMENT_3D('',#4575,#3800,#3801);
#3082=AXIS2_PLACEMENT_3D('',#4576,#3802,#3803);
#3083=AXIS2_PLACEMENT_3D('',#4578,#3804,#3805);
#3084=AXIS2_PLACEMENT_3D('',#4579,#3806,#3807);
#3085=AXIS2_PLACEMENT_3D('',#4581,#3808,#3809);
#3086=AXIS2_PLACEMENT_3D('',#4582,#3810,#3811);
#3087=AXIS2_PLACEMENT_3D('',#4584,#3812,#3813);
#3088=AXIS2_PLACEMENT_3D('',#4585,#3814,#3815);
#3089=AXIS2_PLACEMENT_3D('',#4587,#3816,#3817);
#3090=AXIS2_PLACEMENT_3D('',#4588,#3818,#3819);
#3091=AXIS2_PLACEMENT_3D('',#4590,#3820,#3821);
#3092=AXIS2_PLACEMENT_3D('',#4591,#3822,#3823);
#3093=AXIS2_PLACEMENT_3D('',#4593,#3824,#3825);
#3094=AXIS2_PLACEMENT_3D('',#4594,#3826,#3827);
#3095=AXIS2_PLACEMENT_3D('',#4595,#3828,#3829);
#3096=AXIS2_PLACEMENT_3D('',#4597,#3830,#3831);
#3097=AXIS2_PLACEMENT_3D('',#4599,#3832,#3833);
#3098=AXIS2_PLACEMENT_3D('',#4600,#3834,#3835);
#3099=AXIS2_PLACEMENT_3D('',#4602,#3836,#3837);
#3100=AXIS2_PLACEMENT_3D('',#4603,#3838,#3839);
#3101=AXIS2_PLACEMENT_3D('',#4605,#3840,#3841);
#3102=AXIS2_PLACEMENT_3D('',#4606,#3842,#3843);
#3103=AXIS2_PLACEMENT_3D('',#4608,#3844,#3845);
#3104=AXIS2_PLACEMENT_3D('',#4609,#3846,#3847);
#3105=AXIS2_PLACEMENT_3D('',#4611,#3848,#3849);
#3106=AXIS2_PLACEMENT_3D('',#4612,#3850,#3851);
#3107=AXIS2_PLACEMENT_3D('',#4614,#3852,#3853);
#3108=AXIS2_PLACEMENT_3D('',#4615,#3854,#3855);
#3109=AXIS2_PLACEMENT_3D('',#4617,#3856,#3857);
#3110=AXIS2_PLACEMENT_3D('',#4618,#3858,#3859);
#3111=AXIS2_PLACEMENT_3D('',#4619,#3860,#3861);
#3112=AXIS2_PLACEMENT_3D('',#4621,#3862,#3863);
#3113=AXIS2_PLACEMENT_3D('',#4623,#3864,#3865);
#3114=AXIS2_PLACEMENT_3D('',#4624,#3866,#3867);
#3115=AXIS2_PLACEMENT_3D('',#4626,#3868,#3869);
#3116=AXIS2_PLACEMENT_3D('',#4627,#3870,#3871);
#3117=AXIS2_PLACEMENT_3D('',#4629,#3872,#3873);
#3118=AXIS2_PLACEMENT_3D('',#4630,#3874,#3875);
#3119=AXIS2_PLACEMENT_3D('',#4632,#3876,#3877);
#3120=AXIS2_PLACEMENT_3D('',#4633,#3878,#3879);
#3121=AXIS2_PLACEMENT_3D('',#4635,#3880,#3881);
#3122=AXIS2_PLACEMENT_3D('',#4636,#3882,#3883);
#3123=AXIS2_PLACEMENT_3D('',#4638,#3884,#3885);
#3124=AXIS2_PLACEMENT_3D('',#4639,#3886,#3887);
#3125=AXIS2_PLACEMENT_3D('',#4641,#3888,#3889);
#3126=AXIS2_PLACEMENT_3D('',#4642,#3890,#3891);
#3127=AXIS2_PLACEMENT_3D('',#4643,#3892,#3893);
#3128=AXIS2_PLACEMENT_3D('',#4645,#3894,#3895);
#3129=AXIS2_PLACEMENT_3D('',#4647,#3896,#3897);
#3130=AXIS2_PLACEMENT_3D('',#4648,#3898,#3899);
#3131=AXIS2_PLACEMENT_3D('',#4650,#3900,#3901);
#3132=AXIS2_PLACEMENT_3D('',#4651,#3902,#3903);
#3133=AXIS2_PLACEMENT_3D('',#4653,#3904,#3905);
#3134=AXIS2_PLACEMENT_3D('',#4654,#3906,#3907);
#3135=AXIS2_PLACEMENT_3D('',#4656,#3908,#3909);
#3136=AXIS2_PLACEMENT_3D('',#4657,#3910,#3911);
#3137=AXIS2_PLACEMENT_3D('',#4659,#3912,#3913);
#3138=AXIS2_PLACEMENT_3D('',#4660,#3914,#3915);
#3139=AXIS2_PLACEMENT_3D('',#4662,#3916,#3917);
#3140=AXIS2_PLACEMENT_3D('',#4663,#3918,#3919);
#3141=AXIS2_PLACEMENT_3D('',#4665,#3920,#3921);
#3142=AXIS2_PLACEMENT_3D('',#4666,#3922,#3923);
#3143=AXIS2_PLACEMENT_3D('',#4667,#3924,#3925);
#3144=AXIS2_PLACEMENT_3D('',#4669,#3926,#3927);
#3145=AXIS2_PLACEMENT_3D('',#4671,#3928,#3929);
#3146=AXIS2_PLACEMENT_3D('',#4672,#3930,#3931);
#3147=AXIS2_PLACEMENT_3D('',#4674,#3932,#3933);
#3148=AXIS2_PLACEMENT_3D('',#4675,#3934,#3935);
#3149=AXIS2_PLACEMENT_3D('',#4677,#3936,#3937);
#3150=AXIS2_PLACEMENT_3D('',#4678,#3938,#3939);
#3151=AXIS2_PLACEMENT_3D('',#4680,#3940,#3941);
#3152=AXIS2_PLACEMENT_3D('',#4681,#3942,#3943);
#3153=AXIS2_PLACEMENT_3D('',#4683,#3944,#3945);
#3154=AXIS2_PLACEMENT_3D('',#4684,#3946,#3947);
#3155=AXIS2_PLACEMENT_3D('',#4686,#3948,#3949);
#3156=AXIS2_PLACEMENT_3D('',#4687,#3950,#3951);
#3157=AXIS2_PLACEMENT_3D('',#4689,#3952,#3953);
#3158=AXIS2_PLACEMENT_3D('',#4690,#3954,#3955);
#3159=AXIS2_PLACEMENT_3D('',#4691,#3956,#3957);
#3160=AXIS2_PLACEMENT_3D('',#4693,#3958,#3959);
#3161=AXIS2_PLACEMENT_3D('',#4695,#3960,#3961);
#3162=AXIS2_PLACEMENT_3D('',#4696,#3962,#3963);
#3163=AXIS2_PLACEMENT_3D('',#4698,#3964,#3965);
#3164=AXIS2_PLACEMENT_3D('',#4699,#3966,#3967);
#3165=AXIS2_PLACEMENT_3D('',#4701,#3968,#3969);
#3166=AXIS2_PLACEMENT_3D('',#4702,#3970,#3971);
#3167=AXIS2_PLACEMENT_3D('',#4704,#3972,#3973);
#3168=AXIS2_PLACEMENT_3D('',#4705,#3974,#3975);
#3169=AXIS2_PLACEMENT_3D('',#4707,#3976,#3977);
#3170=AXIS2_PLACEMENT_3D('',#4708,#3978,#3979);
#3171=AXIS2_PLACEMENT_3D('',#4710,#3980,#3981);
#3172=AXIS2_PLACEMENT_3D('',#4711,#3982,#3983);
#3173=AXIS2_PLACEMENT_3D('',#4713,#3984,#3985);
#3174=AXIS2_PLACEMENT_3D('',#4714,#3986,#3987);
#3175=AXIS2_PLACEMENT_3D('',#4715,#3988,#3989);
#3176=AXIS2_PLACEMENT_3D('',#4717,#3990,#3991);
#3177=AXIS2_PLACEMENT_3D('',#4719,#3992,#3993);
#3178=AXIS2_PLACEMENT_3D('',#4720,#3994,#3995);
#3179=AXIS2_PLACEMENT_3D('',#4722,#3996,#3997);
#3180=AXIS2_PLACEMENT_3D('',#4723,#3998,#3999);
#3181=AXIS2_PLACEMENT_3D('',#4725,#4000,#4001);
#3182=AXIS2_PLACEMENT_3D('',#4726,#4002,#4003);
#3183=AXIS2_PLACEMENT_3D('',#4728,#4004,#4005);
#3184=AXIS2_PLACEMENT_3D('',#4729,#4006,#4007);
#3185=AXIS2_PLACEMENT_3D('',#4731,#4008,#4009);
#3186=AXIS2_PLACEMENT_3D('',#4732,#4010,#4011);
#3187=AXIS2_PLACEMENT_3D('',#4734,#4012,#4013);
#3188=AXIS2_PLACEMENT_3D('',#4735,#4014,#4015);
#3189=AXIS2_PLACEMENT_3D('',#4737,#4016,#4017);
#3190=AXIS2_PLACEMENT_3D('',#4738,#4018,#4019);
#3191=AXIS2_PLACEMENT_3D('',#4739,#4020,#4021);
#3192=AXIS2_PLACEMENT_3D('',#4741,#4022,#4023);
#3193=AXIS2_PLACEMENT_3D('',#4743,#4024,#4025);
#3194=AXIS2_PLACEMENT_3D('',#4744,#4026,#4027);
#3195=AXIS2_PLACEMENT_3D('',#4746,#4028,#4029);
#3196=AXIS2_PLACEMENT_3D('',#4747,#4030,#4031);
#3197=AXIS2_PLACEMENT_3D('',#4749,#4032,#4033);
#3198=AXIS2_PLACEMENT_3D('',#4750,#4034,#4035);
#3199=AXIS2_PLACEMENT_3D('',#4752,#4036,#4037);
#3200=AXIS2_PLACEMENT_3D('',#4753,#4038,#4039);
#3201=AXIS2_PLACEMENT_3D('',#4755,#4040,#4041);
#3202=AXIS2_PLACEMENT_3D('',#4756,#4042,#4043);
#3203=AXIS2_PLACEMENT_3D('',#4758,#4044,#4045);
#3204=AXIS2_PLACEMENT_3D('',#4759,#4046,#4047);
#3205=AXIS2_PLACEMENT_3D('',#4761,#4048,#4049);
#3206=AXIS2_PLACEMENT_3D('',#4762,#4050,#4051);
#3207=AXIS2_PLACEMENT_3D('',#4763,#4052,#4053);
#3208=AXIS2_PLACEMENT_3D('',#4765,#4054,#4055);
#3209=AXIS2_PLACEMENT_3D('',#4767,#4056,#4057);
#3210=AXIS2_PLACEMENT_3D('',#4768,#4058,#4059);
#3211=AXIS2_PLACEMENT_3D('',#4770,#4060,#4061);
#3212=AXIS2_PLACEMENT_3D('',#4771,#4062,#4063);
#3213=AXIS2_PLACEMENT_3D('',#4773,#4064,#4065);
#3214=AXIS2_PLACEMENT_3D('',#4774,#4066,#4067);
#3215=AXIS2_PLACEMENT_3D('',#4776,#4068,#4069);
#3216=AXIS2_PLACEMENT_3D('',#4777,#4070,#4071);
#3217=AXIS2_PLACEMENT_3D('',#4779,#4072,#4073);
#3218=AXIS2_PLACEMENT_3D('',#4780,#4074,#4075);
#3219=AXIS2_PLACEMENT_3D('',#4782,#4076,#4077);
#3220=AXIS2_PLACEMENT_3D('',#4783,#4078,#4079);
#3221=AXIS2_PLACEMENT_3D('',#4785,#4080,#4081);
#3222=AXIS2_PLACEMENT_3D('',#4786,#4082,#4083);
#3223=AXIS2_PLACEMENT_3D('',#4787,#4084,#4085);
#3224=AXIS2_PLACEMENT_3D('',#4789,#4086,#4087);
#3225=AXIS2_PLACEMENT_3D('',#4791,#4088,#4089);
#3226=AXIS2_PLACEMENT_3D('',#4792,#4090,#4091);
#3227=AXIS2_PLACEMENT_3D('',#4794,#4092,#4093);
#3228=AXIS2_PLACEMENT_3D('',#4795,#4094,#4095);
#3229=AXIS2_PLACEMENT_3D('',#4797,#4096,#4097);
#3230=AXIS2_PLACEMENT_3D('',#4798,#4098,#4099);
#3231=AXIS2_PLACEMENT_3D('',#4800,#4100,#4101);
#3232=AXIS2_PLACEMENT_3D('',#4801,#4102,#4103);
#3233=AXIS2_PLACEMENT_3D('',#4803,#4104,#4105);
#3234=AXIS2_PLACEMENT_3D('',#4804,#4106,#4107);
#3235=AXIS2_PLACEMENT_3D('',#4806,#4108,#4109);
#3236=AXIS2_PLACEMENT_3D('',#4807,#4110,#4111);
#3237=AXIS2_PLACEMENT_3D('',#4809,#4112,#4113);
#3238=AXIS2_PLACEMENT_3D('',#4810,#4114,#4115);
#3239=AXIS2_PLACEMENT_3D('',#4811,#4116,#4117);
#3240=AXIS2_PLACEMENT_3D('',#4813,#4118,#4119);
#3241=AXIS2_PLACEMENT_3D('',#4815,#4120,#4121);
#3242=AXIS2_PLACEMENT_3D('',#4816,#4122,#4123);
#3243=AXIS2_PLACEMENT_3D('',#4818,#4124,#4125);
#3244=AXIS2_PLACEMENT_3D('',#4819,#4126,#4127);
#3245=AXIS2_PLACEMENT_3D('',#4821,#4128,#4129);
#3246=AXIS2_PLACEMENT_3D('',#4822,#4130,#4131);
#3247=AXIS2_PLACEMENT_3D('',#4824,#4132,#4133);
#3248=AXIS2_PLACEMENT_3D('',#4825,#4134,#4135);
#3249=AXIS2_PLACEMENT_3D('',#4827,#4136,#4137);
#3250=AXIS2_PLACEMENT_3D('',#4828,#4138,#4139);
#3251=AXIS2_PLACEMENT_3D('',#4830,#4140,#4141);
#3252=AXIS2_PLACEMENT_3D('',#4831,#4142,#4143);
#3253=AXIS2_PLACEMENT_3D('',#4833,#4144,#4145);
#3254=AXIS2_PLACEMENT_3D('',#4834,#4146,#4147);
#3255=AXIS2_PLACEMENT_3D('',#4835,#4148,#4149);
#3256=AXIS2_PLACEMENT_3D('',#4837,#4150,#4151);
#3257=AXIS2_PLACEMENT_3D('',#4839,#4152,#4153);
#3258=AXIS2_PLACEMENT_3D('',#4840,#4154,#4155);
#3259=AXIS2_PLACEMENT_3D('',#4842,#4156,#4157);
#3260=AXIS2_PLACEMENT_3D('',#4843,#4158,#4159);
#3261=AXIS2_PLACEMENT_3D('',#4845,#4160,#4161);
#3262=AXIS2_PLACEMENT_3D('',#4846,#4162,#4163);
#3263=AXIS2_PLACEMENT_3D('',#4848,#4164,#4165);
#3264=AXIS2_PLACEMENT_3D('',#4849,#4166,#4167);
#3265=AXIS2_PLACEMENT_3D('',#4851,#4168,#4169);
#3266=AXIS2_PLACEMENT_3D('',#4852,#4170,#4171);
#3267=AXIS2_PLACEMENT_3D('',#4854,#4172,#4173);
#3268=AXIS2_PLACEMENT_3D('',#4855,#4174,#4175);
#3269=AXIS2_PLACEMENT_3D('',#4857,#4176,#4177);
#3270=DIRECTION('',(0.,0.,1.));
#3271=DIRECTION('',(1.,0.,0.));
#3272=DIRECTION('',(0.,1.,0.));
#3273=DIRECTION('',(0.,0.,1.));
#3274=DIRECTION('',(0.,1.,0.));
#3275=DIRECTION('',(1.,0.,0.));
#3276=DIRECTION('',(0.,1.,0.));
#3277=DIRECTION('',(1.,0.,0.));
#3278=DIRECTION('',(0.,1.,0.));
#3279=DIRECTION('',(0.,0.,1.));
#3280=DIRECTION('',(0.,1.,0.));
#3281=DIRECTION('',(0.,0.,1.));
#3282=DIRECTION('',(0.,1.,0.));
#3283=DIRECTION('',(0.,0.,1.));
#3284=DIRECTION('',(0.,1.,0.));
#3285=DIRECTION('',(0.,0.,1.));
#3286=DIRECTION('',(0.,1.,0.));
#3287=DIRECTION('',(0.,0.,1.));
#3288=DIRECTION('',(0.,1.,0.));
#3289=DIRECTION('',(0.,0.,1.));
#3290=DIRECTION('',(0.,1.,0.));
#3291=DIRECTION('',(1.,0.,0.));
#3292=DIRECTION('',(0.,1.,0.));
#3293=DIRECTION('',(1.,0.,0.));
#3294=DIRECTION('',(0.,0.,1.));
#3295=DIRECTION('',(1.,0.,0.));
#3296=DIRECTION('',(-1.,0.,0.));
#3297=DIRECTION('',(0.,1.,0.));
#3298=DIRECTION('',(-1.,1.61540016311124E-15,0.));
#3299=DIRECTION('',(-1.61540016311124E-15,-1.,0.));
#3300=DIRECTION('',(-1.,1.61540016311124E-15,0.));
#3301=DIRECTION('',(1.61540016311124E-15,1.,0.));
#3302=DIRECTION('',(0.,0.,1.));
#3303=DIRECTION('',(1.,0.,0.));
#3304=DIRECTION('',(0.,-1.,0.));
#3305=DIRECTION('',(-1.,0.,0.));
#3306=DIRECTION('',(-1.98027794061279E-16,-1.,0.));
#3307=DIRECTION('',(1.,-1.98027794061279E-16,0.));
#3308=DIRECTION('',(-1.98027794061279E-16,-1.,0.));
#3309=DIRECTION('',(-1.,1.98027794061279E-16,0.));
#3310=DIRECTION('',(0.,0.,1.));
#3311=DIRECTION('',(1.,0.,0.));
#3312=DIRECTION('',(1.,0.,0.));
#3313=DIRECTION('',(0.,-1.,0.));
#3314=DIRECTION('',(1.,-1.61540016311123E-15,0.));
#3315=DIRECTION('',(1.61540016311123E-15,1.,0.));
#3316=DIRECTION('',(1.,-1.61540016311124E-15,0.));
#3317=DIRECTION('',(-1.61540016311124E-15,-1.,0.));
#3318=DIRECTION('',(0.,0.,1.));
#3319=DIRECTION('',(1.,0.,0.));
#3320=DIRECTION('',(0.,1.,0.));
#3321=DIRECTION('',(-0.222520933956314,0.,0.974927912181824));
#3322=DIRECTION('',(0.,1.,0.));
#3323=DIRECTION('',(0.974927912181824,0.,0.222520933956314));
#3324=DIRECTION('',(0.,1.,0.));
#3325=DIRECTION('',(0.974927912181824,0.,0.222520933956314));
#3326=DIRECTION('',(-0.222520933956314,0.,0.974927912181824));
#3327=DIRECTION('',(0.974927912181824,0.,0.222520933956314));
#3328=DIRECTION('',(-0.974927912181824,0.,-0.222520933956314));
#3329=DIRECTION('',(0.,1.,0.));
#3330=DIRECTION('',(-0.974927912181824,1.61540016311124E-15,-0.222520933956314));
#3331=DIRECTION('',(-1.57489870836021E-15,-1.,-3.59460353008695E-16));
#3332=DIRECTION('',(-0.974927912181824,1.61540016311124E-15,-0.222520933956314));
#3333=DIRECTION('',(1.57489870836021E-15,1.,3.59460353008695E-16));
#3334=DIRECTION('',(-0.222520933956314,0.,0.974927912181824));
#3335=DIRECTION('',(0.974927912181824,0.,0.222520933956314));
#3336=DIRECTION('',(0.,-1.,0.));
#3337=DIRECTION('',(-0.974927912181824,0.,-0.222520933956314));
#3338=DIRECTION('',(-1.93062823818135E-16,-1.,-4.40653296838245E-17));
#3339=DIRECTION('',(0.974927912181824,-1.98027794061279E-16,0.222520933956314));
#3340=DIRECTION('',(-1.93062823818135E-16,-1.,-4.40653296838245E-17));
#3341=DIRECTION('',(-0.974927912181824,1.98027794061279E-16,-0.222520933956314));
#3342=DIRECTION('',(-0.222520933956314,0.,0.974927912181824));
#3343=DIRECTION('',(0.974927912181824,0.,0.222520933956314));
#3344=DIRECTION('',(0.974927912181824,0.,0.222520933956314));
#3345=DIRECTION('',(0.,-1.,0.));
#3346=DIRECTION('',(0.974927912181824,-1.61540016311123E-15,0.222520933956314));
#3347=DIRECTION('',(1.57489870836021E-15,1.,3.59460353008695E-16));
#3348=DIRECTION('',(0.974927912181824,-1.61540016311124E-15,0.222520933956314));
#3349=DIRECTION('',(-1.57489870836021E-15,-1.,-3.59460353008695E-16));
#3350=DIRECTION('',(-0.222520933956314,0.,0.974927912181824));
#3351=DIRECTION('',(0.974927912181824,0.,0.222520933956314));
#3352=DIRECTION('',(0.,1.,0.));
#3353=DIRECTION('',(-0.900968867902419,0.,0.433883739117558));
#3354=DIRECTION('',(0.,1.,0.));
#3355=DIRECTION('',(0.433883739117558,0.,0.900968867902419));
#3356=DIRECTION('',(0.,1.,0.));
#3357=DIRECTION('',(0.433883739117558,0.,0.900968867902419));
#3358=DIRECTION('',(-0.900968867902419,0.,0.433883739117558));
#3359=DIRECTION('',(0.433883739117558,0.,0.900968867902419));
#3360=DIRECTION('',(-0.433883739117558,0.,-0.900968867902419));
#3361=DIRECTION('',(0.,1.,0.));
#3362=DIRECTION('',(-0.433883739117558,1.61540016311124E-15,-0.900968867902419));
#3363=DIRECTION('',(-7.00895862941816E-16,-1.,-1.45542525616771E-15));
#3364=DIRECTION('',(-0.433883739117558,1.61540016311124E-15,-0.900968867902419));
#3365=DIRECTION('',(7.00895862941816E-16,1.,1.45542525616771E-15));
#3366=DIRECTION('',(-0.900968867902419,0.,0.433883739117558));
#3367=DIRECTION('',(0.433883739117558,0.,0.900968867902419));
#3368=DIRECTION('',(0.,-1.,0.));
#3369=DIRECTION('',(-0.433883739117558,0.,-0.900968867902419));
#3370=DIRECTION('',(-8.59210397365096E-17,-1.,-1.78416877428604E-16));
#3371=DIRECTION('',(0.433883739117558,-1.98027794061279E-16,0.900968867902419));
#3372=DIRECTION('',(-8.59210397365096E-17,-1.,-1.78416877428604E-16));
#3373=DIRECTION('',(-0.433883739117558,1.98027794061279E-16,-0.900968867902419));
#3374=DIRECTION('',(-0.900968867902419,0.,0.433883739117558));
#3375=DIRECTION('',(0.433883739117558,0.,0.900968867902419));
#3376=DIRECTION('',(0.433883739117558,0.,0.900968867902419));
#3377=DIRECTION('',(0.,-1.,0.));
#3378=DIRECTION('',(0.433883739117558,-1.61540016311123E-15,0.900968867902419));
#3379=DIRECTION('',(7.00895862941816E-16,1.,1.45542525616771E-15));
#3380=DIRECTION('',(0.433883739117558,-1.61540016311124E-15,0.900968867902419));
#3381=DIRECTION('',(-7.00895862941816E-16,-1.,-1.45542525616771E-15));
#3382=DIRECTION('',(-0.900968867902419,0.,0.433883739117558));
#3383=DIRECTION('',(0.433883739117558,0.,0.900968867902419));
#3384=DIRECTION('',(0.,1.,0.));
#3385=DIRECTION('',(-1.,0.,6.12323399573677E-17));
#3386=DIRECTION('',(0.,1.,0.));
#3387=DIRECTION('',(6.12323399573677E-17,0.,1.));
#3388=DIRECTION('',(0.,1.,0.));
#3389=DIRECTION('',(6.12323399573677E-17,0.,1.));
#3390=DIRECTION('',(-1.,0.,6.12323399573677E-17));
#3391=DIRECTION('',(6.12323399573677E-17,0.,1.));
#3392=DIRECTION('',(-6.12323399573677E-17,0.,-1.));
#3393=DIRECTION('',(0.,1.,0.));
#3394=DIRECTION('',(-6.12323399573677E-17,1.61540016311124E-15,-1.));
#3395=DIRECTION('',(-9.89147319548143E-32,-1.,-1.61540016311124E-15));
#3396=DIRECTION('',(-6.12323399573677E-17,1.61540016311124E-15,-1.));
#3397=DIRECTION('',(9.89147319548143E-32,1.,1.61540016311124E-15));
#3398=DIRECTION('',(-1.,0.,6.12323399573677E-17));
#3399=DIRECTION('',(6.12323399573677E-17,0.,1.));
#3400=DIRECTION('',(0.,-1.,0.));
#3401=DIRECTION('',(-6.12323399573677E-17,0.,-1.));
#3402=DIRECTION('',(-1.21257052069678E-32,-1.,-1.98027794061279E-16));
#3403=DIRECTION('',(6.12323399573677E-17,-1.98027794061279E-16,1.));
#3404=DIRECTION('',(-1.21257052069678E-32,-1.,-1.98027794061279E-16));
#3405=DIRECTION('',(-6.12323399573677E-17,1.98027794061279E-16,-1.));
#3406=DIRECTION('',(-1.,0.,6.12323399573677E-17));
#3407=DIRECTION('',(6.12323399573677E-17,0.,1.));
#3408=DIRECTION('',(6.12323399573677E-17,0.,1.));
#3409=DIRECTION('',(0.,-1.,0.));
#3410=DIRECTION('',(6.12323399573677E-17,-1.61540016311123E-15,1.));
#3411=DIRECTION('',(9.89147319548143E-32,1.,1.61540016311123E-15));
#3412=DIRECTION('',(6.12323399573677E-17,-1.61540016311124E-15,1.));
#3413=DIRECTION('',(-9.89147319548143E-32,-1.,-1.61540016311124E-15));
#3414=DIRECTION('',(-1.,0.,6.12323399573677E-17));
#3415=DIRECTION('',(6.12323399573677E-17,0.,1.));
#3416=DIRECTION('',(0.,1.,0.));
#3417=DIRECTION('',(-0.974927912181824,0.,-0.222520933956314));
#3418=DIRECTION('',(0.,1.,0.));
#3419=DIRECTION('',(-0.222520933956314,0.,0.974927912181824));
#3420=DIRECTION('',(0.,1.,0.));
#3421=DIRECTION('',(-0.222520933956314,0.,0.974927912181824));
#3422=DIRECTION('',(-0.974927912181824,0.,-0.222520933956314));
#3423=DIRECTION('',(-0.222520933956314,0.,0.974927912181824));
#3424=DIRECTION('',(0.222520933956314,0.,-0.974927912181824));
#3425=DIRECTION('',(0.,1.,0.));
#3426=DIRECTION('',(0.222520933956314,1.61540016311124E-15,-0.974927912181824));
#3427=DIRECTION('',(3.59460353008695E-16,-1.,-1.57489870836021E-15));
#3428=DIRECTION('',(0.222520933956314,1.61540016311124E-15,-0.974927912181824));
#3429=DIRECTION('',(-3.59460353008695E-16,1.,1.57489870836021E-15));
#3430=DIRECTION('',(-0.974927912181824,0.,-0.222520933956314));
#3431=DIRECTION('',(-0.222520933956314,0.,0.974927912181824));
#3432=DIRECTION('',(0.,-1.,0.));
#3433=DIRECTION('',(0.222520933956314,0.,-0.974927912181824));
#3434=DIRECTION('',(4.40653296838245E-17,-1.,-1.93062823818135E-16));
#3435=DIRECTION('',(-0.222520933956314,-1.98027794061279E-16,0.974927912181824));
#3436=DIRECTION('',(4.40653296838245E-17,-1.,-1.93062823818135E-16));
#3437=DIRECTION('',(0.222520933956314,1.98027794061279E-16,-0.974927912181824));
#3438=DIRECTION('',(-0.974927912181824,0.,-0.222520933956314));
#3439=DIRECTION('',(-0.222520933956314,0.,0.974927912181824));
#3440=DIRECTION('',(-0.222520933956314,0.,0.974927912181824));
#3441=DIRECTION('',(0.,-1.,0.));
#3442=DIRECTION('',(-0.222520933956314,-1.61540016311123E-15,0.974927912181824));
#3443=DIRECTION('',(-3.59460353008695E-16,1.,1.57489870836021E-15));
#3444=DIRECTION('',(-0.222520933956314,-1.61540016311124E-15,0.974927912181824));
#3445=DIRECTION('',(3.59460353008695E-16,-1.,-1.57489870836021E-15));
#3446=DIRECTION('',(-0.974927912181824,0.,-0.222520933956314));
#3447=DIRECTION('',(-0.222520933956314,0.,0.974927912181824));
#3448=DIRECTION('',(0.,1.,0.));
#3449=DIRECTION('',(-0.433883739117558,0.,-0.900968867902419));
#3450=DIRECTION('',(0.,1.,0.));
#3451=DIRECTION('',(-0.900968867902419,0.,0.433883739117558));
#3452=DIRECTION('',(0.,1.,0.));
#3453=DIRECTION('',(-0.900968867902419,0.,0.433883739117558));
#3454=DIRECTION('',(-0.433883739117558,0.,-0.900968867902419));
#3455=DIRECTION('',(-0.900968867902419,0.,0.433883739117558));
#3456=DIRECTION('',(0.900968867902419,0.,-0.433883739117558));
#3457=DIRECTION('',(0.,1.,0.));
#3458=DIRECTION('',(0.900968867902419,1.61540016311124E-15,-0.433883739117558));
#3459=DIRECTION('',(1.45542525616771E-15,-1.,-7.00895862941816E-16));
#3460=DIRECTION('',(0.900968867902419,1.61540016311124E-15,-0.433883739117558));
#3461=DIRECTION('',(-1.45542525616771E-15,1.,7.00895862941816E-16));
#3462=DIRECTION('',(-0.433883739117558,0.,-0.900968867902419));
#3463=DIRECTION('',(-0.900968867902419,0.,0.433883739117558));
#3464=DIRECTION('',(0.,-1.,0.));
#3465=DIRECTION('',(0.900968867902419,0.,-0.433883739117558));
#3466=DIRECTION('',(1.78416877428604E-16,-1.,-8.59210397365096E-17));
#3467=DIRECTION('',(-0.900968867902419,-1.98027794061279E-16,0.433883739117558));
#3468=DIRECTION('',(1.78416877428604E-16,-1.,-8.59210397365096E-17));
#3469=DIRECTION('',(0.900968867902419,1.98027794061279E-16,-0.433883739117558));
#3470=DIRECTION('',(-0.433883739117558,0.,-0.900968867902419));
#3471=DIRECTION('',(-0.900968867902419,0.,0.433883739117558));
#3472=DIRECTION('',(-0.900968867902419,0.,0.433883739117558));
#3473=DIRECTION('',(0.,-1.,0.));
#3474=DIRECTION('',(-0.900968867902419,-1.61540016311123E-15,0.433883739117558));
#3475=DIRECTION('',(-1.45542525616771E-15,1.,7.00895862941816E-16));
#3476=DIRECTION('',(-0.900968867902419,-1.61540016311124E-15,0.433883739117558));
#3477=DIRECTION('',(1.45542525616771E-15,-1.,-7.00895862941816E-16));
#3478=DIRECTION('',(-0.433883739117558,0.,-0.900968867902419));
#3479=DIRECTION('',(-0.900968867902419,0.,0.433883739117558));
#3480=DIRECTION('',(0.,1.,0.));
#3481=DIRECTION('',(-1.22464679914735E-16,0.,-1.));
#3482=DIRECTION('',(0.,1.,0.));
#3483=DIRECTION('',(-1.,0.,1.22464679914735E-16));
#3484=DIRECTION('',(0.,1.,0.));
#3485=DIRECTION('',(-1.,0.,1.22464679914735E-16));
#3486=DIRECTION('',(-1.22464679914735E-16,0.,-1.));
#3487=DIRECTION('',(-1.,0.,1.22464679914735E-16));
#3488=DIRECTION('',(1.,0.,-1.22464679914735E-16));
#3489=DIRECTION('',(0.,1.,0.));
#3490=DIRECTION('',(1.,1.61540016311124E-15,-1.22464679914735E-16));
#3491=DIRECTION('',(1.61540016311124E-15,-1.,-1.97829463909629E-31));
#3492=DIRECTION('',(1.,1.61540016311124E-15,-1.22464679914735E-16));
#3493=DIRECTION('',(-1.61540016311124E-15,1.,1.97829463909629E-31));
#3494=DIRECTION('',(-1.22464679914735E-16,0.,-1.));
#3495=DIRECTION('',(-1.,0.,1.22464679914735E-16));
#3496=DIRECTION('',(0.,-1.,0.));
#3497=DIRECTION('',(1.,0.,-1.22464679914735E-16));
#3498=DIRECTION('',(1.98027794061279E-16,-1.,-2.42514104139357E-32));
#3499=DIRECTION('',(-1.,-1.98027794061279E-16,1.22464679914735E-16));
#3500=DIRECTION('',(1.98027794061279E-16,-1.,-2.42514104139357E-32));
#3501=DIRECTION('',(1.,1.98027794061279E-16,-1.22464679914735E-16));
#3502=DIRECTION('',(-1.22464679914735E-16,0.,-1.));
#3503=DIRECTION('',(-1.,0.,1.22464679914735E-16));
#3504=DIRECTION('',(-1.,0.,1.22464679914735E-16));
#3505=DIRECTION('',(0.,-1.,0.));
#3506=DIRECTION('',(-1.,-1.61540016311123E-15,1.22464679914735E-16));
#3507=DIRECTION('',(-1.61540016311123E-15,1.,1.97829463909629E-31));
#3508=DIRECTION('',(-1.,-1.61540016311124E-15,1.22464679914735E-16));
#3509=DIRECTION('',(1.61540016311124E-15,-1.,-1.97829463909629E-31));
#3510=DIRECTION('',(-1.22464679914735E-16,0.,-1.));
#3511=DIRECTION('',(-1.,0.,1.22464679914735E-16));
#3512=DIRECTION('',(0.,1.,0.));
#3513=DIRECTION('',(0.222520933956314,0.,-0.974927912181824));
#3514=DIRECTION('',(0.,1.,0.));
#3515=DIRECTION('',(-0.974927912181824,0.,-0.222520933956314));
#3516=DIRECTION('',(0.,1.,0.));
#3517=DIRECTION('',(-0.974927912181824,0.,-0.222520933956314));
#3518=DIRECTION('',(0.222520933956314,0.,-0.974927912181824));
#3519=DIRECTION('',(-0.974927912181824,0.,-0.222520933956314));
#3520=DIRECTION('',(0.974927912181824,0.,0.222520933956314));
#3521=DIRECTION('',(0.,1.,0.));
#3522=DIRECTION('',(0.974927912181824,1.61540016311124E-15,0.222520933956314));
#3523=DIRECTION('',(1.57489870836021E-15,-1.,3.59460353008695E-16));
#3524=DIRECTION('',(0.974927912181824,1.61540016311124E-15,0.222520933956314));
#3525=DIRECTION('',(-1.57489870836021E-15,1.,-3.59460353008695E-16));
#3526=DIRECTION('',(0.222520933956314,0.,-0.974927912181824));
#3527=DIRECTION('',(-0.974927912181824,0.,-0.222520933956314));
#3528=DIRECTION('',(0.,-1.,0.));
#3529=DIRECTION('',(0.974927912181824,0.,0.222520933956314));
#3530=DIRECTION('',(1.93062823818135E-16,-1.,4.40653296838245E-17));
#3531=DIRECTION('',(-0.974927912181824,-1.98027794061279E-16,-0.222520933956314));
#3532=DIRECTION('',(1.93062823818135E-16,-1.,4.40653296838245E-17));
#3533=DIRECTION('',(0.974927912181824,1.98027794061279E-16,0.222520933956314));
#3534=DIRECTION('',(0.222520933956314,0.,-0.974927912181824));
#3535=DIRECTION('',(-0.974927912181824,0.,-0.222520933956314));
#3536=DIRECTION('',(-0.974927912181824,0.,-0.222520933956314));
#3537=DIRECTION('',(0.,-1.,0.));
#3538=DIRECTION('',(-0.974927912181824,-1.61540016311123E-15,-0.222520933956314));
#3539=DIRECTION('',(-1.57489870836021E-15,1.,-3.59460353008694E-16));
#3540=DIRECTION('',(-0.974927912181824,-1.61540016311123E-15,-0.222520933956314));
#3541=DIRECTION('',(1.57489870836021E-15,-1.,3.59460353008694E-16));
#3542=DIRECTION('',(0.222520933956314,0.,-0.974927912181824));
#3543=DIRECTION('',(-0.974927912181824,0.,-0.222520933956314));
#3544=DIRECTION('',(0.,1.,0.));
#3545=DIRECTION('',(0.900968867902419,0.,-0.433883739117558));
#3546=DIRECTION('',(0.,1.,0.));
#3547=DIRECTION('',(-0.433883739117558,0.,-0.900968867902419));
#3548=DIRECTION('',(0.,1.,0.));
#3549=DIRECTION('',(-0.433883739117558,0.,-0.900968867902419));
#3550=DIRECTION('',(0.900968867902419,0.,-0.433883739117558));
#3551=DIRECTION('',(-0.433883739117558,0.,-0.900968867902419));
#3552=DIRECTION('',(0.433883739117558,0.,0.900968867902419));
#3553=DIRECTION('',(0.,1.,0.));
#3554=DIRECTION('',(0.433883739117558,1.61540016311124E-15,0.900968867902419));
#3555=DIRECTION('',(7.00895862941817E-16,-1.,1.45542525616771E-15));
#3556=DIRECTION('',(0.433883739117558,1.61540016311124E-15,0.900968867902419));
#3557=DIRECTION('',(-7.00895862941817E-16,1.,-1.45542525616771E-15));
#3558=DIRECTION('',(0.900968867902419,0.,-0.433883739117558));
#3559=DIRECTION('',(-0.433883739117558,0.,-0.900968867902419));
#3560=DIRECTION('',(0.,-1.,0.));
#3561=DIRECTION('',(0.433883739117558,0.,0.900968867902419));
#3562=DIRECTION('',(8.59210397365096E-17,-1.,1.78416877428604E-16));
#3563=DIRECTION('',(-0.433883739117558,-1.98027794061279E-16,-0.900968867902419));
#3564=DIRECTION('',(8.59210397365096E-17,-1.,1.78416877428604E-16));
#3565=DIRECTION('',(0.433883739117558,1.98027794061279E-16,0.900968867902419));
#3566=DIRECTION('',(0.900968867902419,0.,-0.433883739117558));
#3567=DIRECTION('',(-0.433883739117558,0.,-0.900968867902419));
#3568=DIRECTION('',(-0.433883739117558,0.,-0.900968867902419));
#3569=DIRECTION('',(0.,-1.,0.));
#3570=DIRECTION('',(-0.433883739117558,-1.61540016311123E-15,-0.900968867902419));
#3571=DIRECTION('',(-7.00895862941816E-16,1.,-1.45542525616771E-15));
#3572=DIRECTION('',(-0.433883739117558,-1.61540016311124E-15,-0.900968867902419));
#3573=DIRECTION('',(7.00895862941816E-16,-1.,1.45542525616771E-15));
#3574=DIRECTION('',(0.900968867902419,0.,-0.433883739117558));
#3575=DIRECTION('',(-0.433883739117558,0.,-0.900968867902419));
#3576=DIRECTION('',(1.83697019872103E-16,1.61540016311124E-15,1.));
#3577=DIRECTION('',(2.96744195864443E-31,-1.,1.61540016311124E-15));
#3578=DIRECTION('',(1.83697019872103E-16,1.61540016311124E-15,1.));
#3579=DIRECTION('',(-2.96744195864443E-31,1.,-1.61540016311124E-15));
#3580=DIRECTION('',(0.,0.,1.));
#3581=DIRECTION('',(1.,0.,0.));
#3582=DIRECTION('',(1.,0.,-1.83697019872103E-16));
#3583=DIRECTION('',(-1.83697019872103E-16,0.,-1.));
#3584=DIRECTION('',(0.,-1.,0.));
#3585=DIRECTION('',(1.83697019872103E-16,0.,1.));
#3586=DIRECTION('',(3.63771156209035E-32,-1.,1.98027794061279E-16));
#3587=DIRECTION('',(-1.83697019872103E-16,-1.98027794061279E-16,-1.));
#3588=DIRECTION('',(3.63771156209035E-32,-1.,1.98027794061279E-16));
#3589=DIRECTION('',(1.83697019872103E-16,1.98027794061279E-16,1.));
#3590=DIRECTION('',(1.,0.,-1.83697019872103E-16));
#3591=DIRECTION('',(-1.83697019872103E-16,0.,-1.));
#3592=DIRECTION('',(-1.83697019872103E-16,0.,-1.));
#3593=DIRECTION('',(0.,-1.,0.));
#3594=DIRECTION('',(-1.83697019872103E-16,-1.61540016311123E-15,-1.));
#3595=DIRECTION('',(-2.96744195864443E-31,1.,-1.61540016311123E-15));
#3596=DIRECTION('',(0.,0.,1.));
#3597=DIRECTION('',(1.,0.,0.));
#3598=DIRECTION('',(0.,0.,1.));
#3599=DIRECTION('',(1.,0.,0.));
#3600=DIRECTION('',(0.,0.,1.));
#3601=DIRECTION('',(1.,0.,0.));
#3602=DIRECTION('',(0.,1.,0.));
#3603=DIRECTION('',(0.974927912181824,0.,0.222520933956314));
#3604=DIRECTION('',(0.,1.,0.));
#3605=DIRECTION('',(0.222520933956314,0.,-0.974927912181824));
#3606=DIRECTION('',(0.,1.,0.));
#3607=DIRECTION('',(0.222520933956314,0.,-0.974927912181824));
#3608=DIRECTION('',(0.974927912181824,0.,0.222520933956314));
#3609=DIRECTION('',(0.222520933956314,0.,-0.974927912181824));
#3610=DIRECTION('',(-0.222520933956314,0.,0.974927912181824));
#3611=DIRECTION('',(0.,1.,0.));
#3612=DIRECTION('',(-0.222520933956314,1.61540016311124E-15,0.974927912181824));
#3613=DIRECTION('',(-3.59460353008695E-16,-1.,1.57489870836021E-15));
#3614=DIRECTION('',(-0.222520933956314,1.61540016311124E-15,0.974927912181824));
#3615=DIRECTION('',(3.59460353008695E-16,1.,-1.57489870836021E-15));
#3616=DIRECTION('',(0.974927912181824,0.,0.222520933956314));
#3617=DIRECTION('',(0.222520933956314,0.,-0.974927912181824));
#3618=DIRECTION('',(0.,-1.,0.));
#3619=DIRECTION('',(-0.222520933956314,0.,0.974927912181824));
#3620=DIRECTION('',(-4.40653296838245E-17,-1.,1.93062823818135E-16));
#3621=DIRECTION('',(0.222520933956314,-1.98027794061279E-16,-0.974927912181824));
#3622=DIRECTION('',(-4.40653296838245E-17,-1.,1.93062823818135E-16));
#3623=DIRECTION('',(-0.222520933956314,1.98027794061279E-16,0.974927912181824));
#3624=DIRECTION('',(0.974927912181824,0.,0.222520933956314));
#3625=DIRECTION('',(0.222520933956314,0.,-0.974927912181824));
#3626=DIRECTION('',(0.222520933956314,0.,-0.974927912181824));
#3627=DIRECTION('',(0.,-1.,0.));
#3628=DIRECTION('',(0.222520933956314,-1.61540016311123E-15,-0.974927912181824));
#3629=DIRECTION('',(3.59460353008694E-16,1.,-1.57489870836021E-15));
#3630=DIRECTION('',(0.222520933956314,-1.61540016311124E-15,-0.974927912181824));
#3631=DIRECTION('',(-3.59460353008694E-16,-1.,1.57489870836021E-15));
#3632=DIRECTION('',(0.974927912181824,0.,0.222520933956314));
#3633=DIRECTION('',(0.222520933956314,0.,-0.974927912181824));
#3634=DIRECTION('',(0.,1.,0.));
#3635=DIRECTION('',(0.433883739117558,0.,0.900968867902419));
#3636=DIRECTION('',(0.,1.,0.));
#3637=DIRECTION('',(0.900968867902419,0.,-0.433883739117558));
#3638=DIRECTION('',(0.,1.,0.));
#3639=DIRECTION('',(0.900968867902419,0.,-0.433883739117558));
#3640=DIRECTION('',(0.433883739117558,0.,0.900968867902419));
#3641=DIRECTION('',(0.900968867902419,0.,-0.433883739117558));
#3642=DIRECTION('',(-0.900968867902419,0.,0.433883739117558));
#3643=DIRECTION('',(0.,1.,0.));
#3644=DIRECTION('',(-0.900968867902419,1.61540016311124E-15,0.433883739117558));
#3645=DIRECTION('',(-1.45542525616771E-15,-1.,7.00895862941817E-16));
#3646=DIRECTION('',(-0.900968867902419,1.61540016311124E-15,0.433883739117558));
#3647=DIRECTION('',(1.45542525616771E-15,1.,-7.00895862941817E-16));
#3648=DIRECTION('',(0.433883739117558,0.,0.900968867902419));
#3649=DIRECTION('',(0.900968867902419,0.,-0.433883739117558));
#3650=DIRECTION('',(0.,-1.,0.));
#3651=DIRECTION('',(-0.900968867902419,0.,0.433883739117558));
#3652=DIRECTION('',(-1.78416877428604E-16,-1.,8.59210397365096E-17));
#3653=DIRECTION('',(0.900968867902419,-1.98027794061279E-16,-0.433883739117558));
#3654=DIRECTION('',(-1.78416877428604E-16,-1.,8.59210397365096E-17));
#3655=DIRECTION('',(-0.900968867902419,1.98027794061279E-16,0.433883739117558));
#3656=DIRECTION('',(0.433883739117558,0.,0.900968867902419));
#3657=DIRECTION('',(0.900968867902419,0.,-0.433883739117558));
#3658=DIRECTION('',(0.900968867902419,0.,-0.433883739117558));
#3659=DIRECTION('',(0.,-1.,0.));
#3660=DIRECTION('',(0.900968867902419,-1.61540016311123E-15,-0.433883739117558));
#3661=DIRECTION('',(1.45542525616771E-15,1.,-7.00895862941816E-16));
#3662=DIRECTION('',(0.900968867902419,-1.61540016311124E-15,-0.433883739117558));
#3663=DIRECTION('',(-1.45542525616771E-15,-1.,7.00895862941816E-16));
#3664=DIRECTION('',(0.433883739117558,0.,0.900968867902419));
#3665=DIRECTION('',(0.900968867902419,0.,-0.433883739117558));
#3666=DIRECTION('',(0.,1.,0.));
#3667=DIRECTION('',(-0.433883739117558,0.,0.900968867902419));
#3668=DIRECTION('',(0.,1.,0.));
#3669=DIRECTION('',(0.900968867902419,0.,0.433883739117558));
#3670=DIRECTION('',(0.,1.,0.));
#3671=DIRECTION('',(0.900968867902419,0.,0.433883739117558));
#3672=DIRECTION('',(-0.433883739117558,0.,0.900968867902419));
#3673=DIRECTION('',(0.900968867902419,0.,0.433883739117558));
#3674=DIRECTION('',(-0.900968867902419,0.,-0.433883739117558));
#3675=DIRECTION('',(0.,1.,0.));
#3676=DIRECTION('',(-0.900968867902419,1.61540016311124E-15,-0.433883739117558));
#3677=DIRECTION('',(-1.45542525616771E-15,-1.,-7.00895862941816E-16));
#3678=DIRECTION('',(-0.900968867902419,1.61540016311124E-15,-0.433883739117558));
#3679=DIRECTION('',(1.45542525616771E-15,1.,7.00895862941816E-16));
#3680=DIRECTION('',(-0.433883739117558,0.,0.900968867902419));
#3681=DIRECTION('',(0.900968867902419,0.,0.433883739117558));
#3682=DIRECTION('',(0.,-1.,0.));
#3683=DIRECTION('',(-0.900968867902419,0.,-0.433883739117558));
#3684=DIRECTION('',(-1.78416877428604E-16,-1.,-8.59210397365096E-17));
#3685=DIRECTION('',(0.900968867902419,-1.98027794061279E-16,0.433883739117558));
#3686=DIRECTION('',(-1.78416877428604E-16,-1.,-8.59210397365096E-17));
#3687=DIRECTION('',(-0.900968867902419,1.98027794061279E-16,-0.433883739117558));
#3688=DIRECTION('',(-0.433883739117558,0.,0.900968867902419));
#3689=DIRECTION('',(0.900968867902419,0.,0.433883739117558));
#3690=DIRECTION('',(0.900968867902419,0.,0.433883739117558));
#3691=DIRECTION('',(0.,-1.,0.));
#3692=DIRECTION('',(0.900968867902419,-1.61540016311123E-15,0.433883739117558));
#3693=DIRECTION('',(1.45542525616771E-15,1.,7.00895862941816E-16));
#3694=DIRECTION('',(0.900968867902419,-1.61540016311124E-15,0.433883739117558));
#3695=DIRECTION('',(-1.45542525616771E-15,-1.,-7.00895862941816E-16));
#3696=DIRECTION('',(-0.433883739117558,0.,0.900968867902419));
#3697=DIRECTION('',(0.900968867902419,0.,0.433883739117558));
#3698=DIRECTION('',(0.,1.,0.));
#3699=DIRECTION('',(-0.623489801858733,0.,0.78183148246803));
#3700=DIRECTION('',(0.,1.,0.));
#3701=DIRECTION('',(0.78183148246803,0.,0.623489801858733));
#3702=DIRECTION('',(0.,1.,0.));
#3703=DIRECTION('',(0.78183148246803,0.,0.623489801858733));
#3704=DIRECTION('',(-0.623489801858733,0.,0.78183148246803));
#3705=DIRECTION('',(0.78183148246803,0.,0.623489801858733));
#3706=DIRECTION('',(-0.78183148246803,0.,-0.623489801858733));
#3707=DIRECTION('',(0.,1.,0.));
#3708=DIRECTION('',(-0.78183148246803,1.61540016311124E-15,-0.623489801858733));
#3709=DIRECTION('',(-1.26297070430435E-15,-1.,-1.00718552762079E-15));
#3710=DIRECTION('',(-0.78183148246803,1.61540016311124E-15,-0.623489801858733));
#3711=DIRECTION('',(1.26297070430435E-15,1.,1.00718552762079E-15));
#3712=DIRECTION('',(-0.623489801858733,0.,0.78183148246803));
#3713=DIRECTION('',(0.78183148246803,0.,0.623489801858733));
#3714=DIRECTION('',(0.,-1.,0.));
#3715=DIRECTION('',(-0.78183148246803,0.,-0.623489801858733));
#3716=DIRECTION('',(-1.54824363800804E-16,-1.,-1.23468310081789E-16));
#3717=DIRECTION('',(0.78183148246803,-1.98027794061279E-16,0.623489801858733));
#3718=DIRECTION('',(-1.54824363800804E-16,-1.,-1.23468310081789E-16));
#3719=DIRECTION('',(-0.78183148246803,1.98027794061279E-16,-0.623489801858733));
#3720=DIRECTION('',(-0.623489801858733,0.,0.78183148246803));
#3721=DIRECTION('',(0.78183148246803,0.,0.623489801858733));
#3722=DIRECTION('',(0.78183148246803,0.,0.623489801858733));
#3723=DIRECTION('',(0.,-1.,0.));
#3724=DIRECTION('',(0.78183148246803,-1.61540016311123E-15,0.623489801858733));
#3725=DIRECTION('',(1.26297070430435E-15,1.,1.00718552762079E-15));
#3726=DIRECTION('',(0.78183148246803,-1.61540016311124E-15,0.623489801858733));
#3727=DIRECTION('',(-1.26297070430435E-15,-1.,-1.00718552762079E-15));
#3728=DIRECTION('',(-0.623489801858733,0.,0.78183148246803));
#3729=DIRECTION('',(0.78183148246803,0.,0.623489801858733));
#3730=DIRECTION('',(0.,1.,0.));
#3731=DIRECTION('',(-0.78183148246803,0.,0.623489801858734));
#3732=DIRECTION('',(0.,1.,0.));
#3733=DIRECTION('',(0.623489801858734,0.,0.78183148246803));
#3734=DIRECTION('',(0.,1.,0.));
#3735=DIRECTION('',(0.623489801858734,0.,0.78183148246803));
#3736=DIRECTION('',(-0.78183148246803,0.,0.623489801858734));
#3737=DIRECTION('',(0.623489801858734,0.,0.78183148246803));
#3738=DIRECTION('',(-0.623489801858734,0.,-0.78183148246803));
#3739=DIRECTION('',(0.,1.,0.));
#3740=DIRECTION('',(-0.623489801858734,1.61540016311124E-15,-0.78183148246803));
#3741=DIRECTION('',(-1.00718552762079E-15,-1.,-1.26297070430435E-15));
#3742=DIRECTION('',(-0.623489801858734,1.61540016311124E-15,-0.78183148246803));
#3743=DIRECTION('',(1.00718552762079E-15,1.,1.26297070430435E-15));
#3744=DIRECTION('',(-0.78183148246803,0.,0.623489801858734));
#3745=DIRECTION('',(0.623489801858734,0.,0.78183148246803));
#3746=DIRECTION('',(0.,-1.,0.));
#3747=DIRECTION('',(-0.623489801858734,0.,-0.78183148246803));
#3748=DIRECTION('',(-1.23468310081789E-16,-1.,-1.54824363800804E-16));
#3749=DIRECTION('',(0.623489801858734,-1.98027794061279E-16,0.78183148246803));
#3750=DIRECTION('',(-1.23468310081789E-16,-1.,-1.54824363800804E-16));
#3751=DIRECTION('',(-0.623489801858734,1.98027794061279E-16,-0.78183148246803));
#3752=DIRECTION('',(-0.78183148246803,0.,0.623489801858734));
#3753=DIRECTION('',(0.623489801858734,0.,0.78183148246803));
#3754=DIRECTION('',(0.623489801858734,0.,0.78183148246803));
#3755=DIRECTION('',(0.,-1.,0.));
#3756=DIRECTION('',(0.623489801858734,-1.61540016311123E-15,0.78183148246803));
#3757=DIRECTION('',(1.00718552762079E-15,1.,1.26297070430435E-15));
#3758=DIRECTION('',(0.623489801858734,-1.61540016311124E-15,0.78183148246803));
#3759=DIRECTION('',(-1.00718552762079E-15,-1.,-1.26297070430435E-15));
#3760=DIRECTION('',(-0.78183148246803,0.,0.623489801858734));
#3761=DIRECTION('',(0.623489801858734,0.,0.78183148246803));
#3762=DIRECTION('',(0.,1.,0.));
#3763=DIRECTION('',(-0.974927912181824,0.,0.222520933956314));
#3764=DIRECTION('',(0.,1.,0.));
#3765=DIRECTION('',(0.222520933956314,0.,0.974927912181824));
#3766=DIRECTION('',(0.,1.,0.));
#3767=DIRECTION('',(0.222520933956314,0.,0.974927912181824));
#3768=DIRECTION('',(-0.974927912181824,0.,0.222520933956314));
#3769=DIRECTION('',(0.222520933956314,0.,0.974927912181824));
#3770=DIRECTION('',(-0.222520933956314,0.,-0.974927912181824));
#3771=DIRECTION('',(0.,1.,0.));
#3772=DIRECTION('',(-0.222520933956314,1.61540016311124E-15,-0.974927912181824));
#3773=DIRECTION('',(-3.59460353008695E-16,-1.,-1.57489870836021E-15));
#3774=DIRECTION('',(-0.222520933956314,1.61540016311124E-15,-0.974927912181824));
#3775=DIRECTION('',(3.59460353008695E-16,1.,1.57489870836021E-15));
#3776=DIRECTION('',(-0.974927912181824,0.,0.222520933956314));
#3777=DIRECTION('',(0.222520933956314,0.,0.974927912181824));
#3778=DIRECTION('',(0.,-1.,0.));
#3779=DIRECTION('',(-0.222520933956314,0.,-0.974927912181824));
#3780=DIRECTION('',(-4.40653296838245E-17,-1.,-1.93062823818135E-16));
#3781=DIRECTION('',(0.222520933956314,-1.98027794061279E-16,0.974927912181824));
#3782=DIRECTION('',(-4.40653296838245E-17,-1.,-1.93062823818135E-16));
#3783=DIRECTION('',(-0.222520933956314,1.98027794061279E-16,-0.974927912181824));
#3784=DIRECTION('',(-0.974927912181824,0.,0.222520933956314));
#3785=DIRECTION('',(0.222520933956314,0.,0.974927912181824));
#3786=DIRECTION('',(0.222520933956314,0.,0.974927912181824));
#3787=DIRECTION('',(0.,-1.,0.));
#3788=DIRECTION('',(0.222520933956314,-1.61540016311123E-15,0.974927912181824));
#3789=DIRECTION('',(3.59460353008695E-16,1.,1.57489870836021E-15));
#3790=DIRECTION('',(0.222520933956314,-1.61540016311124E-15,0.974927912181824));
#3791=DIRECTION('',(-3.59460353008695E-16,-1.,-1.57489870836021E-15));
#3792=DIRECTION('',(-0.974927912181824,0.,0.222520933956314));
#3793=DIRECTION('',(0.222520933956314,0.,0.974927912181824));
#3794=DIRECTION('',(0.,1.,0.));
#3795=DIRECTION('',(-0.900968867902419,0.,-0.433883739117558));
#3796=DIRECTION('',(0.,1.,0.));
#3797=DIRECTION('',(-0.433883739117558,0.,0.900968867902419));
#3798=DIRECTION('',(0.,1.,0.));
#3799=DIRECTION('',(-0.433883739117558,0.,0.900968867902419));
#3800=DIRECTION('',(-0.900968867902419,0.,-0.433883739117558));
#3801=DIRECTION('',(-0.433883739117558,0.,0.900968867902419));
#3802=DIRECTION('',(0.433883739117558,0.,-0.900968867902419));
#3803=DIRECTION('',(0.,1.,0.));
#3804=DIRECTION('',(0.433883739117558,1.61540016311124E-15,-0.900968867902419));
#3805=DIRECTION('',(7.00895862941816E-16,-1.,-1.45542525616771E-15));
#3806=DIRECTION('',(0.433883739117558,1.61540016311124E-15,-0.900968867902419));
#3807=DIRECTION('',(-7.00895862941816E-16,1.,1.45542525616771E-15));
#3808=DIRECTION('',(-0.900968867902419,0.,-0.433883739117558));
#3809=DIRECTION('',(-0.433883739117558,0.,0.900968867902419));
#3810=DIRECTION('',(0.,-1.,0.));
#3811=DIRECTION('',(0.433883739117558,0.,-0.900968867902419));
#3812=DIRECTION('',(8.59210397365095E-17,-1.,-1.78416877428604E-16));
#3813=DIRECTION('',(-0.433883739117558,-1.98027794061279E-16,0.900968867902419));
#3814=DIRECTION('',(8.59210397365095E-17,-1.,-1.78416877428604E-16));
#3815=DIRECTION('',(0.433883739117558,1.98027794061279E-16,-0.900968867902419));
#3816=DIRECTION('',(-0.900968867902419,0.,-0.433883739117558));
#3817=DIRECTION('',(-0.433883739117558,0.,0.900968867902419));
#3818=DIRECTION('',(-0.433883739117558,0.,0.900968867902419));
#3819=DIRECTION('',(0.,-1.,0.));
#3820=DIRECTION('',(-0.433883739117558,-1.61540016311123E-15,0.900968867902419));
#3821=DIRECTION('',(-7.00895862941816E-16,1.,1.45542525616771E-15));
#3822=DIRECTION('',(-0.433883739117558,-1.61540016311124E-15,0.900968867902419));
#3823=DIRECTION('',(7.00895862941816E-16,-1.,-1.45542525616771E-15));
#3824=DIRECTION('',(-0.900968867902419,0.,-0.433883739117558));
#3825=DIRECTION('',(-0.433883739117558,0.,0.900968867902419));
#3826=DIRECTION('',(0.,1.,0.));
#3827=DIRECTION('',(-0.78183148246803,0.,-0.623489801858733));
#3828=DIRECTION('',(0.,1.,0.));
#3829=DIRECTION('',(-0.623489801858733,0.,0.78183148246803));
#3830=DIRECTION('',(0.,1.,0.));
#3831=DIRECTION('',(-0.623489801858733,0.,0.78183148246803));
#3832=DIRECTION('',(-0.78183148246803,0.,-0.623489801858733));
#3833=DIRECTION('',(-0.623489801858733,0.,0.78183148246803));
#3834=DIRECTION('',(0.623489801858733,0.,-0.78183148246803));
#3835=DIRECTION('',(0.,1.,0.));
#3836=DIRECTION('',(0.623489801858733,1.61540016311124E-15,-0.78183148246803));
#3837=DIRECTION('',(1.00718552762079E-15,-1.,-1.26297070430435E-15));
#3838=DIRECTION('',(0.623489801858733,1.61540016311124E-15,-0.78183148246803));
#3839=DIRECTION('',(-1.00718552762079E-15,1.,1.26297070430435E-15));
#3840=DIRECTION('',(-0.78183148246803,0.,-0.623489801858733));
#3841=DIRECTION('',(-0.623489801858733,0.,0.78183148246803));
#3842=DIRECTION('',(0.,-1.,0.));
#3843=DIRECTION('',(0.623489801858733,0.,-0.78183148246803));
#3844=DIRECTION('',(1.23468310081789E-16,-1.,-1.54824363800804E-16));
#3845=DIRECTION('',(-0.623489801858733,-1.98027794061279E-16,0.78183148246803));
#3846=DIRECTION('',(1.23468310081789E-16,-1.,-1.54824363800804E-16));
#3847=DIRECTION('',(0.623489801858733,1.98027794061279E-16,-0.78183148246803));
#3848=DIRECTION('',(-0.78183148246803,0.,-0.623489801858733));
#3849=DIRECTION('',(-0.623489801858733,0.,0.78183148246803));
#3850=DIRECTION('',(-0.623489801858733,0.,0.78183148246803));
#3851=DIRECTION('',(0.,-1.,0.));
#3852=DIRECTION('',(-0.623489801858733,-1.61540016311123E-15,0.78183148246803));
#3853=DIRECTION('',(-1.00718552762079E-15,1.,1.26297070430435E-15));
#3854=DIRECTION('',(-0.623489801858733,-1.61540016311123E-15,0.78183148246803));
#3855=DIRECTION('',(1.00718552762079E-15,-1.,-1.26297070430435E-15));
#3856=DIRECTION('',(-0.78183148246803,0.,-0.623489801858733));
#3857=DIRECTION('',(-0.623489801858733,0.,0.78183148246803));
#3858=DIRECTION('',(0.,1.,0.));
#3859=DIRECTION('',(-0.623489801858734,0.,-0.78183148246803));
#3860=DIRECTION('',(0.,1.,0.));
#3861=DIRECTION('',(-0.78183148246803,0.,0.623489801858734));
#3862=DIRECTION('',(0.,1.,0.));
#3863=DIRECTION('',(-0.78183148246803,0.,0.623489801858734));
#3864=DIRECTION('',(-0.623489801858734,0.,-0.78183148246803));
#3865=DIRECTION('',(-0.78183148246803,0.,0.623489801858734));
#3866=DIRECTION('',(0.78183148246803,0.,-0.623489801858734));
#3867=DIRECTION('',(0.,1.,0.));
#3868=DIRECTION('',(0.78183148246803,1.61540016311124E-15,-0.623489801858734));
#3869=DIRECTION('',(1.26297070430435E-15,-1.,-1.00718552762079E-15));
#3870=DIRECTION('',(0.78183148246803,1.61540016311124E-15,-0.623489801858734));
#3871=DIRECTION('',(-1.26297070430435E-15,1.,1.00718552762079E-15));
#3872=DIRECTION('',(-0.623489801858734,0.,-0.78183148246803));
#3873=DIRECTION('',(-0.78183148246803,0.,0.623489801858734));
#3874=DIRECTION('',(0.,-1.,0.));
#3875=DIRECTION('',(0.78183148246803,0.,-0.623489801858734));
#3876=DIRECTION('',(1.54824363800804E-16,-1.,-1.23468310081789E-16));
#3877=DIRECTION('',(-0.78183148246803,-1.98027794061279E-16,0.623489801858734));
#3878=DIRECTION('',(1.54824363800804E-16,-1.,-1.23468310081789E-16));
#3879=DIRECTION('',(0.78183148246803,1.98027794061279E-16,-0.623489801858734));
#3880=DIRECTION('',(-0.623489801858734,0.,-0.78183148246803));
#3881=DIRECTION('',(-0.78183148246803,0.,0.623489801858734));
#3882=DIRECTION('',(-0.78183148246803,0.,0.623489801858734));
#3883=DIRECTION('',(0.,-1.,0.));
#3884=DIRECTION('',(-0.78183148246803,-1.61540016311123E-15,0.623489801858734));
#3885=DIRECTION('',(-1.26297070430435E-15,1.,1.00718552762079E-15));
#3886=DIRECTION('',(-0.78183148246803,-1.61540016311124E-15,0.623489801858734));
#3887=DIRECTION('',(1.26297070430435E-15,-1.,-1.00718552762079E-15));
#3888=DIRECTION('',(-0.623489801858734,0.,-0.78183148246803));
#3889=DIRECTION('',(-0.78183148246803,0.,0.623489801858734));
#3890=DIRECTION('',(0.,1.,0.));
#3891=DIRECTION('',(-0.222520933956315,0.,-0.974927912181824));
#3892=DIRECTION('',(0.,1.,0.));
#3893=DIRECTION('',(-0.974927912181824,0.,0.222520933956315));
#3894=DIRECTION('',(0.,1.,0.));
#3895=DIRECTION('',(-0.974927912181824,0.,0.222520933956315));
#3896=DIRECTION('',(-0.222520933956315,0.,-0.974927912181824));
#3897=DIRECTION('',(-0.974927912181824,0.,0.222520933956315));
#3898=DIRECTION('',(0.974927912181824,0.,-0.222520933956315));
#3899=DIRECTION('',(0.,1.,0.));
#3900=DIRECTION('',(0.974927912181824,1.61540016311124E-15,-0.222520933956315));
#3901=DIRECTION('',(1.57489870836021E-15,-1.,-3.59460353008695E-16));
#3902=DIRECTION('',(0.974927912181824,1.61540016311124E-15,-0.222520933956315));
#3903=DIRECTION('',(-1.57489870836021E-15,1.,3.59460353008695E-16));
#3904=DIRECTION('',(-0.222520933956315,0.,-0.974927912181824));
#3905=DIRECTION('',(-0.974927912181824,0.,0.222520933956315));
#3906=DIRECTION('',(0.,-1.,0.));
#3907=DIRECTION('',(0.974927912181824,0.,-0.222520933956315));
#3908=DIRECTION('',(1.93062823818135E-16,-1.,-4.40653296838245E-17));
#3909=DIRECTION('',(-0.974927912181824,-1.98027794061279E-16,0.222520933956315));
#3910=DIRECTION('',(1.93062823818135E-16,-1.,-4.40653296838245E-17));
#3911=DIRECTION('',(0.974927912181824,1.98027794061279E-16,-0.222520933956315));
#3912=DIRECTION('',(-0.222520933956315,0.,-0.974927912181824));
#3913=DIRECTION('',(-0.974927912181824,0.,0.222520933956315));
#3914=DIRECTION('',(-0.974927912181824,0.,0.222520933956315));
#3915=DIRECTION('',(0.,-1.,0.));
#3916=DIRECTION('',(-0.974927912181824,-1.61540016311123E-15,0.222520933956315));
#3917=DIRECTION('',(-1.57489870836021E-15,1.,3.59460353008695E-16));
#3918=DIRECTION('',(-0.974927912181824,-1.61540016311123E-15,0.222520933956315));
#3919=DIRECTION('',(1.57489870836021E-15,-1.,-3.59460353008695E-16));
#3920=DIRECTION('',(-0.222520933956315,0.,-0.974927912181824));
#3921=DIRECTION('',(-0.974927912181824,0.,0.222520933956315));
#3922=DIRECTION('',(0.,1.,0.));
#3923=DIRECTION('',(0.433883739117558,0.,-0.900968867902419));
#3924=DIRECTION('',(0.,1.,0.));
#3925=DIRECTION('',(-0.900968867902419,0.,-0.433883739117558));
#3926=DIRECTION('',(0.,1.,0.));
#3927=DIRECTION('',(-0.900968867902419,0.,-0.433883739117558));
#3928=DIRECTION('',(0.433883739117558,0.,-0.900968867902419));
#3929=DIRECTION('',(-0.900968867902419,0.,-0.433883739117558));
#3930=DIRECTION('',(0.900968867902419,0.,0.433883739117558));
#3931=DIRECTION('',(0.,1.,0.));
#3932=DIRECTION('',(0.900968867902419,1.61540016311124E-15,0.433883739117558));
#3933=DIRECTION('',(1.45542525616771E-15,-1.,7.00895862941816E-16));
#3934=DIRECTION('',(0.900968867902419,1.61540016311124E-15,0.433883739117558));
#3935=DIRECTION('',(-1.45542525616771E-15,1.,-7.00895862941816E-16));
#3936=DIRECTION('',(0.433883739117558,0.,-0.900968867902419));
#3937=DIRECTION('',(-0.900968867902419,0.,-0.433883739117558));
#3938=DIRECTION('',(0.,-1.,0.));
#3939=DIRECTION('',(0.900968867902419,0.,0.433883739117558));
#3940=DIRECTION('',(1.78416877428604E-16,-1.,8.59210397365095E-17));
#3941=DIRECTION('',(-0.900968867902419,-1.98027794061279E-16,-0.433883739117558));
#3942=DIRECTION('',(1.78416877428604E-16,-1.,8.59210397365095E-17));
#3943=DIRECTION('',(0.900968867902419,1.98027794061279E-16,0.433883739117558));
#3944=DIRECTION('',(0.433883739117558,0.,-0.900968867902419));
#3945=DIRECTION('',(-0.900968867902419,0.,-0.433883739117558));
#3946=DIRECTION('',(-0.900968867902419,0.,-0.433883739117558));
#3947=DIRECTION('',(0.,-1.,0.));
#3948=DIRECTION('',(-0.900968867902419,-1.61540016311123E-15,-0.433883739117558));
#3949=DIRECTION('',(-1.45542525616771E-15,1.,-7.00895862941816E-16));
#3950=DIRECTION('',(-0.900968867902419,-1.61540016311123E-15,-0.433883739117558));
#3951=DIRECTION('',(1.45542525616771E-15,-1.,7.00895862941816E-16));
#3952=DIRECTION('',(0.433883739117558,0.,-0.900968867902419));
#3953=DIRECTION('',(-0.900968867902419,0.,-0.433883739117558));
#3954=DIRECTION('',(0.,1.,0.));
#3955=DIRECTION('',(0.623489801858733,0.,-0.78183148246803));
#3956=DIRECTION('',(0.,1.,0.));
#3957=DIRECTION('',(-0.78183148246803,0.,-0.623489801858733));
#3958=DIRECTION('',(0.,1.,0.));
#3959=DIRECTION('',(-0.78183148246803,0.,-0.623489801858733));
#3960=DIRECTION('',(0.623489801858733,0.,-0.78183148246803));
#3961=DIRECTION('',(-0.78183148246803,0.,-0.623489801858733));
#3962=DIRECTION('',(0.78183148246803,0.,0.623489801858733));
#3963=DIRECTION('',(0.,1.,0.));
#3964=DIRECTION('',(0.78183148246803,1.61540016311124E-15,0.623489801858733));
#3965=DIRECTION('',(1.26297070430435E-15,-1.,1.00718552762079E-15));
#3966=DIRECTION('',(0.78183148246803,1.61540016311124E-15,0.623489801858733));
#3967=DIRECTION('',(-1.26297070430435E-15,1.,-1.00718552762079E-15));
#3968=DIRECTION('',(0.623489801858733,0.,-0.78183148246803));
#3969=DIRECTION('',(-0.78183148246803,0.,-0.623489801858733));
#3970=DIRECTION('',(0.,-1.,0.));
#3971=DIRECTION('',(0.78183148246803,0.,0.623489801858733));
#3972=DIRECTION('',(1.54824363800804E-16,-1.,1.23468310081789E-16));
#3973=DIRECTION('',(-0.78183148246803,-1.98027794061279E-16,-0.623489801858733));
#3974=DIRECTION('',(1.54824363800804E-16,-1.,1.23468310081789E-16));
#3975=DIRECTION('',(0.78183148246803,1.98027794061279E-16,0.623489801858733));
#3976=DIRECTION('',(0.623489801858733,0.,-0.78183148246803));
#3977=DIRECTION('',(-0.78183148246803,0.,-0.623489801858733));
#3978=DIRECTION('',(-0.78183148246803,0.,-0.623489801858733));
#3979=DIRECTION('',(0.,-1.,0.));
#3980=DIRECTION('',(-0.78183148246803,-1.61540016311123E-15,-0.623489801858733));
#3981=DIRECTION('',(-1.26297070430435E-15,1.,-1.00718552762079E-15));
#3982=DIRECTION('',(-0.78183148246803,-1.61540016311124E-15,-0.623489801858733));
#3983=DIRECTION('',(1.26297070430435E-15,-1.,1.00718552762079E-15));
#3984=DIRECTION('',(0.623489801858733,0.,-0.78183148246803));
#3985=DIRECTION('',(-0.78183148246803,0.,-0.623489801858733));
#3986=DIRECTION('',(0.,1.,0.));
#3987=DIRECTION('',(0.78183148246803,0.,-0.623489801858734));
#3988=DIRECTION('',(0.,1.,0.));
#3989=DIRECTION('',(-0.623489801858734,0.,-0.78183148246803));
#3990=DIRECTION('',(0.,1.,0.));
#3991=DIRECTION('',(-0.623489801858734,0.,-0.78183148246803));
#3992=DIRECTION('',(0.78183148246803,0.,-0.623489801858734));
#3993=DIRECTION('',(-0.623489801858734,0.,-0.78183148246803));
#3994=DIRECTION('',(0.623489801858734,0.,0.78183148246803));
#3995=DIRECTION('',(0.,1.,0.));
#3996=DIRECTION('',(0.623489801858734,1.61540016311124E-15,0.78183148246803));
#3997=DIRECTION('',(1.00718552762079E-15,-1.,1.26297070430435E-15));
#3998=DIRECTION('',(0.623489801858734,1.61540016311124E-15,0.78183148246803));
#3999=DIRECTION('',(-1.00718552762079E-15,1.,-1.26297070430435E-15));
#4000=DIRECTION('',(0.78183148246803,0.,-0.623489801858734));
#4001=DIRECTION('',(-0.623489801858734,0.,-0.78183148246803));
#4002=DIRECTION('',(0.,-1.,0.));
#4003=DIRECTION('',(0.623489801858734,0.,0.78183148246803));
#4004=DIRECTION('',(1.23468310081789E-16,-1.,1.54824363800804E-16));
#4005=DIRECTION('',(-0.623489801858734,-1.98027794061279E-16,-0.78183148246803));
#4006=DIRECTION('',(1.23468310081789E-16,-1.,1.54824363800804E-16));
#4007=DIRECTION('',(0.623489801858734,1.98027794061279E-16,0.78183148246803));
#4008=DIRECTION('',(0.78183148246803,0.,-0.623489801858734));
#4009=DIRECTION('',(-0.623489801858734,0.,-0.78183148246803));
#4010=DIRECTION('',(-0.623489801858734,0.,-0.78183148246803));
#4011=DIRECTION('',(0.,-1.,0.));
#4012=DIRECTION('',(-0.623489801858734,-1.61540016311123E-15,-0.78183148246803));
#4013=DIRECTION('',(-1.00718552762079E-15,1.,-1.26297070430435E-15));
#4014=DIRECTION('',(-0.623489801858734,-1.61540016311124E-15,-0.78183148246803));
#4015=DIRECTION('',(1.00718552762079E-15,-1.,1.26297070430435E-15));
#4016=DIRECTION('',(0.78183148246803,0.,-0.623489801858734));
#4017=DIRECTION('',(-0.623489801858734,0.,-0.78183148246803));
#4018=DIRECTION('',(0.,1.,0.));
#4019=DIRECTION('',(0.974927912181824,0.,-0.222520933956315));
#4020=DIRECTION('',(0.,1.,0.));
#4021=DIRECTION('',(-0.222520933956315,0.,-0.974927912181824));
#4022=DIRECTION('',(0.,1.,0.));
#4023=DIRECTION('',(-0.222520933956315,0.,-0.974927912181824));
#4024=DIRECTION('',(0.974927912181824,0.,-0.222520933956315));
#4025=DIRECTION('',(-0.222520933956315,0.,-0.974927912181824));
#4026=DIRECTION('',(0.222520933956315,0.,0.974927912181824));
#4027=DIRECTION('',(0.,1.,0.));
#4028=DIRECTION('',(0.222520933956315,1.61540016311124E-15,0.974927912181824));
#4029=DIRECTION('',(3.59460353008695E-16,-1.,1.57489870836021E-15));
#4030=DIRECTION('',(0.222520933956315,1.61540016311124E-15,0.974927912181824));
#4031=DIRECTION('',(-3.59460353008695E-16,1.,-1.57489870836021E-15));
#4032=DIRECTION('',(0.974927912181824,0.,-0.222520933956315));
#4033=DIRECTION('',(-0.222520933956315,0.,-0.974927912181824));
#4034=DIRECTION('',(0.,-1.,0.));
#4035=DIRECTION('',(0.222520933956315,0.,0.974927912181824));
#4036=DIRECTION('',(4.40653296838246E-17,-1.,1.93062823818135E-16));
#4037=DIRECTION('',(-0.222520933956315,-1.98027794061279E-16,-0.974927912181824));
#4038=DIRECTION('',(4.40653296838246E-17,-1.,1.93062823818135E-16));
#4039=DIRECTION('',(0.222520933956315,1.98027794061279E-16,0.974927912181824));
#4040=DIRECTION('',(0.974927912181824,0.,-0.222520933956315));
#4041=DIRECTION('',(-0.222520933956315,0.,-0.974927912181824));
#4042=DIRECTION('',(-0.222520933956315,0.,-0.974927912181824));
#4043=DIRECTION('',(0.,-1.,0.));
#4044=DIRECTION('',(-0.222520933956315,-1.61540016311123E-15,-0.974927912181824));
#4045=DIRECTION('',(-3.59460353008695E-16,1.,-1.57489870836021E-15));
#4046=DIRECTION('',(-0.222520933956315,-1.61540016311124E-15,-0.974927912181824));
#4047=DIRECTION('',(3.59460353008695E-16,-1.,1.57489870836021E-15));
#4048=DIRECTION('',(0.974927912181824,0.,-0.222520933956315));
#4049=DIRECTION('',(-0.222520933956315,0.,-0.974927912181824));
#4050=DIRECTION('',(0.,1.,0.));
#4051=DIRECTION('',(0.900968867902419,0.,0.433883739117558));
#4052=DIRECTION('',(0.,1.,0.));
#4053=DIRECTION('',(0.433883739117558,0.,-0.900968867902419));
#4054=DIRECTION('',(0.,1.,0.));
#4055=DIRECTION('',(0.433883739117558,0.,-0.900968867902419));
#4056=DIRECTION('',(0.900968867902419,0.,0.433883739117558));
#4057=DIRECTION('',(0.433883739117558,0.,-0.900968867902419));
#4058=DIRECTION('',(-0.433883739117558,0.,0.900968867902419));
#4059=DIRECTION('',(0.,1.,0.));
#4060=DIRECTION('',(-0.433883739117558,1.61540016311124E-15,0.900968867902419));
#4061=DIRECTION('',(-7.00895862941816E-16,-1.,1.45542525616771E-15));
#4062=DIRECTION('',(-0.433883739117558,1.61540016311124E-15,0.900968867902419));
#4063=DIRECTION('',(7.00895862941816E-16,1.,-1.45542525616771E-15));
#4064=DIRECTION('',(0.900968867902419,0.,0.433883739117558));
#4065=DIRECTION('',(0.433883739117558,0.,-0.900968867902419));
#4066=DIRECTION('',(0.,-1.,0.));
#4067=DIRECTION('',(-0.433883739117558,0.,0.900968867902419));
#4068=DIRECTION('',(-8.59210397365095E-17,-1.,1.78416877428604E-16));
#4069=DIRECTION('',(0.433883739117558,-1.98027794061279E-16,-0.900968867902419));
#4070=DIRECTION('',(-8.59210397365095E-17,-1.,1.78416877428604E-16));
#4071=DIRECTION('',(-0.433883739117558,1.98027794061279E-16,0.900968867902419));
#4072=DIRECTION('',(0.900968867902419,0.,0.433883739117558));
#4073=DIRECTION('',(0.433883739117558,0.,-0.900968867902419));
#4074=DIRECTION('',(0.433883739117558,0.,-0.900968867902419));
#4075=DIRECTION('',(0.,-1.,0.));
#4076=DIRECTION('',(0.433883739117558,-1.61540016311123E-15,-0.900968867902419));
#4077=DIRECTION('',(7.00895862941816E-16,1.,-1.45542525616771E-15));
#4078=DIRECTION('',(0.433883739117558,-1.61540016311124E-15,-0.900968867902419));
#4079=DIRECTION('',(-7.00895862941816E-16,-1.,1.45542525616771E-15));
#4080=DIRECTION('',(0.900968867902419,0.,0.433883739117558));
#4081=DIRECTION('',(0.433883739117558,0.,-0.900968867902419));
#4082=DIRECTION('',(0.,1.,0.));
#4083=DIRECTION('',(0.78183148246803,0.,0.623489801858733));
#4084=DIRECTION('',(0.,1.,0.));
#4085=DIRECTION('',(0.623489801858733,0.,-0.78183148246803));
#4086=DIRECTION('',(0.,1.,0.));
#4087=DIRECTION('',(0.623489801858733,0.,-0.78183148246803));
#4088=DIRECTION('',(0.78183148246803,0.,0.623489801858733));
#4089=DIRECTION('',(0.623489801858733,0.,-0.78183148246803));
#4090=DIRECTION('',(-0.623489801858733,0.,0.78183148246803));
#4091=DIRECTION('',(0.,1.,0.));
#4092=DIRECTION('',(-0.623489801858733,1.61540016311124E-15,0.78183148246803));
#4093=DIRECTION('',(-1.00718552762079E-15,-1.,1.26297070430435E-15));
#4094=DIRECTION('',(-0.623489801858733,1.61540016311124E-15,0.78183148246803));
#4095=DIRECTION('',(1.00718552762079E-15,1.,-1.26297070430435E-15));
#4096=DIRECTION('',(0.78183148246803,0.,0.623489801858733));
#4097=DIRECTION('',(0.623489801858733,0.,-0.78183148246803));
#4098=DIRECTION('',(0.,-1.,0.));
#4099=DIRECTION('',(-0.623489801858733,0.,0.78183148246803));
#4100=DIRECTION('',(-1.23468310081789E-16,-1.,1.54824363800804E-16));
#4101=DIRECTION('',(0.623489801858733,-1.98027794061279E-16,-0.78183148246803));
#4102=DIRECTION('',(-1.23468310081789E-16,-1.,1.54824363800804E-16));
#4103=DIRECTION('',(-0.623489801858733,1.98027794061279E-16,0.78183148246803));
#4104=DIRECTION('',(0.78183148246803,0.,0.623489801858733));
#4105=DIRECTION('',(0.623489801858733,0.,-0.78183148246803));
#4106=DIRECTION('',(0.623489801858733,0.,-0.78183148246803));
#4107=DIRECTION('',(0.,-1.,0.));
#4108=DIRECTION('',(0.623489801858733,-1.61540016311123E-15,-0.78183148246803));
#4109=DIRECTION('',(1.00718552762079E-15,1.,-1.26297070430435E-15));
#4110=DIRECTION('',(0.623489801858733,-1.61540016311124E-15,-0.78183148246803));
#4111=DIRECTION('',(-1.00718552762079E-15,-1.,1.26297070430435E-15));
#4112=DIRECTION('',(0.78183148246803,0.,0.623489801858733));
#4113=DIRECTION('',(0.623489801858733,0.,-0.78183148246803));
#4114=DIRECTION('',(0.,1.,0.));
#4115=DIRECTION('',(0.623489801858734,0.,0.78183148246803));
#4116=DIRECTION('',(0.,1.,0.));
#4117=DIRECTION('',(0.78183148246803,0.,-0.623489801858734));
#4118=DIRECTION('',(0.,1.,0.));
#4119=DIRECTION('',(0.78183148246803,0.,-0.623489801858734));
#4120=DIRECTION('',(0.623489801858734,0.,0.78183148246803));
#4121=DIRECTION('',(0.78183148246803,0.,-0.623489801858734));
#4122=DIRECTION('',(-0.78183148246803,0.,0.623489801858734));
#4123=DIRECTION('',(0.,1.,0.));
#4124=DIRECTION('',(-0.78183148246803,1.61540016311124E-15,0.623489801858734));
#4125=DIRECTION('',(-1.26297070430435E-15,-1.,1.00718552762079E-15));
#4126=DIRECTION('',(-0.78183148246803,1.61540016311124E-15,0.623489801858734));
#4127=DIRECTION('',(1.26297070430435E-15,1.,-1.00718552762079E-15));
#4128=DIRECTION('',(0.623489801858734,0.,0.78183148246803));
#4129=DIRECTION('',(0.78183148246803,0.,-0.623489801858734));
#4130=DIRECTION('',(0.,-1.,0.));
#4131=DIRECTION('',(-0.78183148246803,0.,0.623489801858734));
#4132=DIRECTION('',(-1.54824363800804E-16,-1.,1.23468310081789E-16));
#4133=DIRECTION('',(0.78183148246803,-1.98027794061279E-16,-0.623489801858734));
#4134=DIRECTION('',(-1.54824363800804E-16,-1.,1.23468310081789E-16));
#4135=DIRECTION('',(-0.78183148246803,1.98027794061279E-16,0.623489801858734));
#4136=DIRECTION('',(0.623489801858734,0.,0.78183148246803));
#4137=DIRECTION('',(0.78183148246803,0.,-0.623489801858734));
#4138=DIRECTION('',(0.78183148246803,0.,-0.623489801858734));
#4139=DIRECTION('',(0.,-1.,0.));
#4140=DIRECTION('',(0.78183148246803,-1.61540016311123E-15,-0.623489801858734));
#4141=DIRECTION('',(1.26297070430435E-15,1.,-1.00718552762079E-15));
#4142=DIRECTION('',(0.78183148246803,-1.61540016311124E-15,-0.623489801858734));
#4143=DIRECTION('',(-1.26297070430435E-15,-1.,1.00718552762079E-15));
#4144=DIRECTION('',(0.623489801858734,0.,0.78183148246803));
#4145=DIRECTION('',(0.78183148246803,0.,-0.623489801858734));
#4146=DIRECTION('',(0.,1.,0.));
#4147=DIRECTION('',(0.222520933956315,0.,0.974927912181824));
#4148=DIRECTION('',(0.,1.,0.));
#4149=DIRECTION('',(0.974927912181824,0.,-0.222520933956315));
#4150=DIRECTION('',(0.,1.,0.));
#4151=DIRECTION('',(0.974927912181824,0.,-0.222520933956315));
#4152=DIRECTION('',(0.222520933956315,0.,0.974927912181824));
#4153=DIRECTION('',(0.974927912181824,0.,-0.222520933956315));
#4154=DIRECTION('',(-0.974927912181824,0.,0.222520933956315));
#4155=DIRECTION('',(0.,1.,0.));
#4156=DIRECTION('',(-0.974927912181824,1.61540016311124E-15,0.222520933956315));
#4157=DIRECTION('',(-1.57489870836021E-15,-1.,3.59460353008695E-16));
#4158=DIRECTION('',(-0.974927912181824,1.61540016311124E-15,0.222520933956315));
#4159=DIRECTION('',(1.57489870836021E-15,1.,-3.59460353008695E-16));
#4160=DIRECTION('',(0.222520933956315,0.,0.974927912181824));
#4161=DIRECTION('',(0.974927912181824,0.,-0.222520933956315));
#4162=DIRECTION('',(0.,-1.,0.));
#4163=DIRECTION('',(-0.974927912181824,0.,0.222520933956315));
#4164=DIRECTION('',(-1.93062823818135E-16,-1.,4.40653296838246E-17));
#4165=DIRECTION('',(0.974927912181824,-1.98027794061279E-16,-0.222520933956315));
#4166=DIRECTION('',(-1.93062823818135E-16,-1.,4.40653296838246E-17));
#4167=DIRECTION('',(-0.974927912181824,1.98027794061279E-16,0.222520933956315));
#4168=DIRECTION('',(0.222520933956315,0.,0.974927912181824));
#4169=DIRECTION('',(0.974927912181824,0.,-0.222520933956315));
#4170=DIRECTION('',(0.974927912181824,0.,-0.222520933956315));
#4171=DIRECTION('',(0.,-1.,0.));
#4172=DIRECTION('',(0.974927912181824,-1.61540016311123E-15,-0.222520933956315));
#4173=DIRECTION('',(1.57489870836021E-15,1.,-3.59460353008695E-16));
#4174=DIRECTION('',(0.974927912181824,-1.61540016311124E-15,-0.222520933956315));
#4175=DIRECTION('',(-1.57489870836021E-15,-1.,3.59460353008695E-16));
#4176=DIRECTION('',(0.222520933956315,0.,0.974927912181824));
#4177=DIRECTION('',(0.974927912181824,0.,-0.222520933956315));
#4178=CARTESIAN_POINT('',(0.,0.,0.));
#4179=CARTESIAN_POINT('',(0.,-3.30150784578894,0.));
#4180=CARTESIAN_POINT('',(0.,-3.30150784578894,0.));
#4181=CARTESIAN_POINT('',(3.79096750665816,-3.30150784578894,0.));
#4182=CARTESIAN_POINT('',(0.,3.30150784578894,0.));
#4183=CARTESIAN_POINT('',(3.79096750665816,3.30150784578894,0.));
#4184=CARTESIAN_POINT('',(0.,-3.30150784578894,0.));
#4185=CARTESIAN_POINT('',(0.,-3.30150784578894,0.));
#4186=CARTESIAN_POINT('',(0.,-3.30150784578894,8.75));
#4187=CARTESIAN_POINT('',(0.,3.30150784578894,0.));
#4188=CARTESIAN_POINT('',(0.,3.30150784578894,8.75));
#4189=CARTESIAN_POINT('',(0.,-3.30150784578894,0.));
#4190=CARTESIAN_POINT('',(0.,3.30150784578894,0.));
#4191=CARTESIAN_POINT('',(9.17076084209958,0.,0.));
#4192=CARTESIAN_POINT('',(9.17076084209958,3.285,0.));
#4193=CARTESIAN_POINT('',(9.48576084209958,3.285,0.));
#4194=CARTESIAN_POINT('',(9.17076084209958,-3.28500000000001,0.));
#4195=CARTESIAN_POINT('',(9.48576084209958,-3.28500000000001,0.));
#4196=CARTESIAN_POINT('',(8.77076084209959,3.285,0.));
#4197=CARTESIAN_POINT('',(8.77076084209959,3.685,0.));
#4198=CARTESIAN_POINT('',(8.77076084209959,4.,0.));
#4199=CARTESIAN_POINT('',(8.30804298429898,3.685,0.));
#4200=CARTESIAN_POINT('',(3.74411205172933,3.68500000000001,0.));
#4201=CARTESIAN_POINT('',(3.74411205172933,4.00000000000001,0.));
#4202=CARTESIAN_POINT('',(3.74411205172933,3.28500000000001,0.));
#4203=CARTESIAN_POINT('',(3.34411205172933,3.28500000000001,0.));
#4204=CARTESIAN_POINT('',(3.02911205172933,3.28500000000001,0.));
#4205=CARTESIAN_POINT('',(3.34411205172933,3.28500000000001,0.));
#4206=CARTESIAN_POINT('',(3.34411205172932,-3.285,0.));
#4207=CARTESIAN_POINT('',(3.02911205172932,-3.285,0.));
#4208=CARTESIAN_POINT('',(3.74411205172932,-3.285,0.));
#4209=CARTESIAN_POINT('',(3.74411205172932,-3.685,0.));
#4210=CARTESIAN_POINT('',(3.74411205172932,-4.,0.));
#4211=CARTESIAN_POINT('',(3.74411205172932,-3.685,0.));
#4212=CARTESIAN_POINT('',(8.77076084209959,-3.68500000000001,0.));
#4213=CARTESIAN_POINT('',(8.77076084209959,-4.00000000000001,0.));
#4214=CARTESIAN_POINT('',(8.77076084209959,-3.28500000000001,0.));
#4215=CARTESIAN_POINT('',(8.94083072090697,0.,2.040686267674));
#4216=CARTESIAN_POINT('',(8.94083072090697,3.285,2.040686267674));
#4217=CARTESIAN_POINT('',(9.24793301324424,3.285,2.11078036187023));
#4218=CARTESIAN_POINT('',(8.94083072090697,-3.28500000000001,2.040686267674));
#4219=CARTESIAN_POINT('',(9.24793301324424,-3.28500000000001,2.11078036187023));
#4220=CARTESIAN_POINT('',(8.55085955603424,3.285,1.95167789409147));
#4221=CARTESIAN_POINT('',(8.55085955603424,3.685,1.95167789409147));
#4222=CARTESIAN_POINT('',(8.55085955603424,4.,1.95167789409147));
#4223=CARTESIAN_POINT('',(8.09974300099945,3.685,1.84871348421541));
#4224=CARTESIAN_POINT('',(3.65023934556728,3.68500000000001,0.833143310587902));
#4225=CARTESIAN_POINT('',(3.65023934556728,4.00000000000001,0.833143310587902));
#4226=CARTESIAN_POINT('',(3.65023934556728,3.28500000000001,0.833143310587902));
#4227=CARTESIAN_POINT('',(3.26026818069455,3.28500000000001,0.744134937005376));
#4228=CARTESIAN_POINT('',(2.95316588835727,3.28500000000001,0.674040842809137));
#4229=CARTESIAN_POINT('',(3.26026818069455,3.28500000000001,0.744134937005376));
#4230=CARTESIAN_POINT('',(3.26026818069454,-3.285,0.744134937005376));
#4231=CARTESIAN_POINT('',(2.95316588835727,-3.285,0.674040842809137));
#4232=CARTESIAN_POINT('',(3.65023934556727,-3.285,0.833143310587902));
#4233=CARTESIAN_POINT('',(3.65023934556727,-3.685,0.833143310587902));
#4234=CARTESIAN_POINT('',(3.65023934556727,-4.,0.833143310587902));
#4235=CARTESIAN_POINT('',(3.65023934556727,-3.685,0.833143310587902));
#4236=CARTESIAN_POINT('',(8.55085955603424,-3.68500000000001,1.95167789409147));
#4237=CARTESIAN_POINT('',(8.55085955603424,-4.00000000000001,1.95167789409147));
#4238=CARTESIAN_POINT('',(8.55085955603424,-3.28500000000001,1.95167789409147));
#4239=CARTESIAN_POINT('',(3.97904400472305,0.,8.2625700137103));
#4240=CARTESIAN_POINT('',(3.97904400472305,3.285,8.2625700137103));
#4241=CARTESIAN_POINT('',(4.11571738254509,3.285,8.54637520709956));
#4242=CARTESIAN_POINT('',(3.97904400472305,-3.28500000000001,8.2625700137103));
#4243=CARTESIAN_POINT('',(4.11571738254509,-3.28500000000001,8.54637520709956));
#4244=CARTESIAN_POINT('',(3.80549050907603,3.285,7.90218246654933));
#4245=CARTESIAN_POINT('',(3.80549050907603,3.685,7.90218246654933));
#4246=CARTESIAN_POINT('',(3.80549050907603,4.,7.90218246654933));
#4247=CARTESIAN_POINT('',(3.60472475477704,3.685,7.48528808204849));
#4248=CARTESIAN_POINT('',(1.62450933667943,3.68500000000001,3.37332839654638));
#4249=CARTESIAN_POINT('',(1.62450933667943,4.00000000000001,3.37332839654638));
#4250=CARTESIAN_POINT('',(1.62450933667943,3.28500000000001,3.37332839654637));
#4251=CARTESIAN_POINT('',(1.45095584103241,3.28500000000001,3.01294084938541));
#4252=CARTESIAN_POINT('',(1.31428246321038,3.28500000000001,2.72913565599615));
#4253=CARTESIAN_POINT('',(1.45095584103241,3.28500000000001,3.01294084938541));
#4254=CARTESIAN_POINT('',(1.45095584103241,-3.285,3.01294084938541));
#4255=CARTESIAN_POINT('',(1.31428246321038,-3.285,2.72913565599614));
#4256=CARTESIAN_POINT('',(1.62450933667943,-3.285,3.37332839654637));
#4257=CARTESIAN_POINT('',(1.62450933667943,-3.685,3.37332839654637));
#4258=CARTESIAN_POINT('',(1.62450933667943,-4.,3.37332839654637));
#4259=CARTESIAN_POINT('',(1.62450933667943,-3.685,3.37332839654637));
#4260=CARTESIAN_POINT('',(3.80549050907603,-3.68500000000001,7.90218246654933));
#4261=CARTESIAN_POINT('',(3.80549050907603,-4.00000000000001,7.90218246654933));
#4262=CARTESIAN_POINT('',(3.80549050907603,-3.28500000000001,7.90218246654933));
#4263=CARTESIAN_POINT('',(5.61547145551157E-16,0.,9.17076084209958));
#4264=CARTESIAN_POINT('',(5.61547145551157E-16,3.285,9.17076084209958));
#4265=CARTESIAN_POINT('',(5.80835332637728E-16,3.285,9.48576084209958));
#4266=CARTESIAN_POINT('',(5.61547145551157E-16,-3.28500000000001,9.17076084209958));
#4267=CARTESIAN_POINT('',(5.80835332637728E-16,-3.28500000000001,9.48576084209958));
#4268=CARTESIAN_POINT('',(5.3705420956821E-16,3.285,8.77076084209959));
#4269=CARTESIAN_POINT('',(5.3705420956821E-16,3.685,8.77076084209959));
#4270=CARTESIAN_POINT('',(5.3705420956821E-16,4.,8.77076084209959));
#4271=CARTESIAN_POINT('',(5.08720912395018E-16,3.685,8.30804298429898));
#4272=CARTESIAN_POINT('',(2.29260741989967E-16,3.68500000000001,3.74411205172933));
#4273=CARTESIAN_POINT('',(2.29260741989968E-16,4.00000000000001,3.74411205172933));
#4274=CARTESIAN_POINT('',(2.29260741989967E-16,3.28500000000001,3.74411205172933));
#4275=CARTESIAN_POINT('',(2.0476780600702E-16,3.28500000000001,3.34411205172933));
#4276=CARTESIAN_POINT('',(1.8547961892045E-16,3.28500000000001,3.02911205172933));
#4277=CARTESIAN_POINT('',(2.0476780600702E-16,3.28500000000001,3.34411205172933));
#4278=CARTESIAN_POINT('',(2.0476780600702E-16,-3.285,3.34411205172932));
#4279=CARTESIAN_POINT('',(1.85479618920449E-16,-3.285,3.02911205172932));
#4280=CARTESIAN_POINT('',(2.29260741989967E-16,-3.285,3.74411205172932));
#4281=CARTESIAN_POINT('',(2.29260741989967E-16,-3.685,3.74411205172932));
#4282=CARTESIAN_POINT('',(2.29260741989967E-16,-4.,3.74411205172932));
#4283=CARTESIAN_POINT('',(2.29260741989967E-16,-3.685,3.74411205172932));
#4284=CARTESIAN_POINT('',(5.3705420956821E-16,-3.68500000000001,8.77076084209959));
#4285=CARTESIAN_POINT('',(5.3705420956821E-16,-4.00000000000001,8.77076084209959));
#4286=CARTESIAN_POINT('',(5.3705420956821E-16,-3.28500000000001,8.77076084209959));
#4287=CARTESIAN_POINT('',(-2.040686267674,0.,8.94083072090697));
#4288=CARTESIAN_POINT('',(-2.040686267674,3.285,8.94083072090697));
#4289=CARTESIAN_POINT('',(-2.11078036187023,3.285,9.24793301324424));
#4290=CARTESIAN_POINT('',(-2.040686267674,-3.28500000000001,8.94083072090697));
#4291=CARTESIAN_POINT('',(-2.11078036187023,-3.28500000000001,9.24793301324424));
#4292=CARTESIAN_POINT('',(-1.95167789409147,3.285,8.55085955603424));
#4293=CARTESIAN_POINT('',(-1.95167789409147,3.685,8.55085955603424));
#4294=CARTESIAN_POINT('',(-1.95167789409147,4.,8.55085955603424));
#4295=CARTESIAN_POINT('',(-1.84871348421541,3.685,8.09974300099945));
#4296=CARTESIAN_POINT('',(-0.833143310587902,3.68500000000001,3.65023934556728));
#4297=CARTESIAN_POINT('',(-0.833143310587902,4.00000000000001,3.65023934556728));
#4298=CARTESIAN_POINT('',(-0.833143310587902,3.28500000000001,3.65023934556728));
#4299=CARTESIAN_POINT('',(-0.744134937005376,3.28500000000001,3.26026818069455));
#4300=CARTESIAN_POINT('',(-0.674040842809137,3.28500000000001,2.95316588835727));
#4301=CARTESIAN_POINT('',(-0.744134937005376,3.28500000000001,3.26026818069455));
#4302=CARTESIAN_POINT('',(-0.744134937005376,-3.285,3.26026818069454));
#4303=CARTESIAN_POINT('',(-0.674040842809137,-3.285,2.95316588835727));
#4304=CARTESIAN_POINT('',(-0.833143310587902,-3.285,3.65023934556727));
#4305=CARTESIAN_POINT('',(-0.833143310587902,-3.685,3.65023934556727));
#4306=CARTESIAN_POINT('',(-0.833143310587902,-4.,3.65023934556727));
#4307=CARTESIAN_POINT('',(-0.833143310587902,-3.685,3.65023934556727));
#4308=CARTESIAN_POINT('',(-1.95167789409147,-3.68500000000001,8.55085955603424));
#4309=CARTESIAN_POINT('',(-1.95167789409147,-4.00000000000001,8.55085955603424));
#4310=CARTESIAN_POINT('',(-1.95167789409147,-3.28500000000001,8.55085955603424));
#4311=CARTESIAN_POINT('',(-8.2625700137103,0.,3.97904400472305));
#4312=CARTESIAN_POINT('',(-8.2625700137103,3.285,3.97904400472305));
#4313=CARTESIAN_POINT('',(-8.54637520709956,3.285,4.11571738254509));
#4314=CARTESIAN_POINT('',(-8.2625700137103,-3.28500000000001,3.97904400472305));
#4315=CARTESIAN_POINT('',(-8.54637520709956,-3.28500000000001,4.11571738254509));
#4316=CARTESIAN_POINT('',(-7.90218246654933,3.285,3.80549050907603));
#4317=CARTESIAN_POINT('',(-7.90218246654933,3.685,3.80549050907603));
#4318=CARTESIAN_POINT('',(-7.90218246654933,4.,3.80549050907603));
#4319=CARTESIAN_POINT('',(-7.48528808204849,3.685,3.60472475477704));
#4320=CARTESIAN_POINT('',(-3.37332839654637,3.68500000000001,1.62450933667943));
#4321=CARTESIAN_POINT('',(-3.37332839654638,4.00000000000001,1.62450933667943));
#4322=CARTESIAN_POINT('',(-3.37332839654637,3.28500000000001,1.62450933667943));
#4323=CARTESIAN_POINT('',(-3.01294084938541,3.28500000000001,1.45095584103241));
#4324=CARTESIAN_POINT('',(-2.72913565599614,3.28500000000001,1.31428246321038));
#4325=CARTESIAN_POINT('',(-3.01294084938541,3.28500000000001,1.45095584103241));
#4326=CARTESIAN_POINT('',(-3.0129408493854,-3.285,1.45095584103241));
#4327=CARTESIAN_POINT('',(-2.72913565599614,-3.285,1.31428246321038));
#4328=CARTESIAN_POINT('',(-3.37332839654637,-3.285,1.62450933667943));
#4329=CARTESIAN_POINT('',(-3.37332839654637,-3.685,1.62450933667943));
#4330=CARTESIAN_POINT('',(-3.37332839654637,-4.,1.62450933667943));
#4331=CARTESIAN_POINT('',(-3.37332839654637,-3.685,1.62450933667943));
#4332=CARTESIAN_POINT('',(-7.90218246654933,-3.68500000000001,3.80549050907603));
#4333=CARTESIAN_POINT('',(-7.90218246654933,-4.00000000000001,3.80549050907603));
#4334=CARTESIAN_POINT('',(-7.90218246654933,-3.28500000000001,3.80549050907603));
#4335=CARTESIAN_POINT('',(-9.17076084209958,0.,1.12309429110231E-15));
#4336=CARTESIAN_POINT('',(-9.17076084209958,3.285,1.12309429110231E-15));
#4337=CARTESIAN_POINT('',(-9.48576084209958,3.285,1.16167066527546E-15));
#4338=CARTESIAN_POINT('',(-9.17076084209958,-3.28500000000001,1.12309429110231E-15));
#4339=CARTESIAN_POINT('',(-9.48576084209958,-3.28500000000001,1.16167066527546E-15));
#4340=CARTESIAN_POINT('',(-8.77076084209959,3.285,1.07410841913642E-15));
#4341=CARTESIAN_POINT('',(-8.77076084209959,3.685,1.07410841913642E-15));
#4342=CARTESIAN_POINT('',(-8.77076084209959,4.,1.07410841913642E-15));
#4343=CARTESIAN_POINT('',(-8.30804298429898,3.685,1.01744182479004E-15));
#4344=CARTESIAN_POINT('',(-3.74411205172933,3.68500000000001,4.58521483979935E-16));
#4345=CARTESIAN_POINT('',(-3.74411205172933,4.00000000000001,4.58521483979935E-16));
#4346=CARTESIAN_POINT('',(-3.74411205172933,3.28500000000001,4.58521483979935E-16));
#4347=CARTESIAN_POINT('',(-3.34411205172933,3.28500000000001,4.09535612014041E-16));
#4348=CARTESIAN_POINT('',(-3.02911205172933,3.28500000000001,3.70959237840899E-16));
#4349=CARTESIAN_POINT('',(-3.34411205172933,3.28500000000001,4.09535612014041E-16));
#4350=CARTESIAN_POINT('',(-3.34411205172932,-3.285,4.0953561201404E-16));
#4351=CARTESIAN_POINT('',(-3.02911205172932,-3.285,3.70959237840899E-16));
#4352=CARTESIAN_POINT('',(-3.74411205172932,-3.285,4.58521483979935E-16));
#4353=CARTESIAN_POINT('',(-3.74411205172932,-3.685,4.58521483979935E-16));
#4354=CARTESIAN_POINT('',(-3.74411205172932,-4.,4.58521483979935E-16));
#4355=CARTESIAN_POINT('',(-3.74411205172932,-3.685,4.58521483979935E-16));
#4356=CARTESIAN_POINT('',(-8.77076084209959,-3.68500000000001,1.07410841913642E-15));
#4357=CARTESIAN_POINT('',(-8.77076084209959,-4.00000000000001,1.07410841913642E-15));
#4358=CARTESIAN_POINT('',(-8.77076084209959,-3.28500000000001,1.07410841913642E-15));
#4359=CARTESIAN_POINT('',(-8.94083072090697,0.,-2.04068626767399));
#4360=CARTESIAN_POINT('',(-8.94083072090697,3.285,-2.04068626767399));
#4361=CARTESIAN_POINT('',(-9.24793301324424,3.285,-2.11078036187023));
#4362=CARTESIAN_POINT('',(-8.94083072090697,-3.28500000000001,-2.04068626767399));
#4363=CARTESIAN_POINT('',(-9.24793301324424,-3.28500000000001,-2.11078036187023));
#4364=CARTESIAN_POINT('',(-8.55085955603424,3.285,-1.95167789409147));
#4365=CARTESIAN_POINT('',(-8.55085955603424,3.685,-1.95167789409147));
#4366=CARTESIAN_POINT('',(-8.55085955603424,4.,-1.95167789409147));
#4367=CARTESIAN_POINT('',(-8.09974300099945,3.685,-1.84871348421541));
#4368=CARTESIAN_POINT('',(-3.65023934556728,3.68500000000001,-0.833143310587902));
#4369=CARTESIAN_POINT('',(-3.65023934556728,4.00000000000001,-0.833143310587902));
#4370=CARTESIAN_POINT('',(-3.65023934556728,3.28500000000001,-0.833143310587902));
#4371=CARTESIAN_POINT('',(-3.26026818069455,3.28500000000001,-0.744134937005376));
#4372=CARTESIAN_POINT('',(-2.95316588835727,3.28500000000001,-0.674040842809137));
#4373=CARTESIAN_POINT('',(-3.26026818069455,3.28500000000001,-0.744134937005376));
#4374=CARTESIAN_POINT('',(-3.26026818069454,-3.285,-0.744134937005375));
#4375=CARTESIAN_POINT('',(-2.95316588835727,-3.285,-0.674040842809137));
#4376=CARTESIAN_POINT('',(-3.65023934556727,-3.285,-0.833143310587901));
#4377=CARTESIAN_POINT('',(-3.65023934556727,-3.685,-0.833143310587901));
#4378=CARTESIAN_POINT('',(-3.65023934556727,-4.,-0.833143310587901));
#4379=CARTESIAN_POINT('',(-3.65023934556727,-3.685,-0.833143310587901));
#4380=CARTESIAN_POINT('',(-8.55085955603424,-3.68500000000001,-1.95167789409147));
#4381=CARTESIAN_POINT('',(-8.55085955603424,-4.00000000000001,-1.95167789409147));
#4382=CARTESIAN_POINT('',(-8.55085955603424,-3.28500000000001,-1.95167789409147));
#4383=CARTESIAN_POINT('',(-3.97904400472306,0.,-8.2625700137103));
#4384=CARTESIAN_POINT('',(-3.97904400472306,3.285,-8.2625700137103));
#4385=CARTESIAN_POINT('',(-4.11571738254509,3.285,-8.54637520709956));
#4386=CARTESIAN_POINT('',(-3.97904400472306,-3.28500000000001,-8.2625700137103));
#4387=CARTESIAN_POINT('',(-4.11571738254509,-3.28500000000001,-8.54637520709956));
#4388=CARTESIAN_POINT('',(-3.80549050907603,3.285,-7.90218246654933));
#4389=CARTESIAN_POINT('',(-3.80549050907603,3.685,-7.90218246654933));
#4390=CARTESIAN_POINT('',(-3.80549050907603,4.,-7.90218246654933));
#4391=CARTESIAN_POINT('',(-3.60472475477704,3.685,-7.48528808204849));
#4392=CARTESIAN_POINT('',(-1.62450933667943,3.68500000000001,-3.37332839654637));
#4393=CARTESIAN_POINT('',(-1.62450933667943,4.00000000000001,-3.37332839654638));
#4394=CARTESIAN_POINT('',(-1.62450933667943,3.28500000000001,-3.37332839654637));
#4395=CARTESIAN_POINT('',(-1.45095584103241,3.28500000000001,-3.01294084938541));
#4396=CARTESIAN_POINT('',(-1.31428246321038,3.28500000000001,-2.72913565599614));
#4397=CARTESIAN_POINT('',(-1.45095584103241,3.28500000000001,-3.01294084938541));
#4398=CARTESIAN_POINT('',(-1.45095584103241,-3.285,-3.0129408493854));
#4399=CARTESIAN_POINT('',(-1.31428246321038,-3.285,-2.72913565599614));
#4400=CARTESIAN_POINT('',(-1.62450933667943,-3.285,-3.37332839654637));
#4401=CARTESIAN_POINT('',(-1.62450933667943,-3.685,-3.37332839654637));
#4402=CARTESIAN_POINT('',(-1.62450933667943,-4.,-3.37332839654637));
#4403=CARTESIAN_POINT('',(-1.62450933667943,-3.685,-3.37332839654637));
#4404=CARTESIAN_POINT('',(-3.80549050907603,-3.68500000000001,-7.90218246654933));
#4405=CARTESIAN_POINT('',(-3.80549050907603,-4.00000000000001,-7.90218246654933));
#4406=CARTESIAN_POINT('',(-3.80549050907603,-3.28500000000001,-7.90218246654933));
#4407=CARTESIAN_POINT('',(-1.52616273718506E-15,3.685,-8.30804298429898));
#4408=CARTESIAN_POINT('',(-6.87782225969902E-16,3.68500000000001,-3.74411205172933));
#4409=CARTESIAN_POINT('',(-6.87782225969902E-16,4.00000000000001,-3.74411205172933));
#4410=CARTESIAN_POINT('',(-1.51788304147971E-15,3.685,-18.999892801542));
#4411=CARTESIAN_POINT('',(0.314999999999998,3.685,-18.999892801542));
#4412=CARTESIAN_POINT('',(-6.87782225969902E-16,3.28500000000001,-3.74411205172933));
#4413=CARTESIAN_POINT('',(-6.14303418021061E-16,3.28500000000001,-3.34411205172933));
#4414=CARTESIAN_POINT('',(-5.56438856761349E-16,3.28500000000001,-3.02911205172933));
#4415=CARTESIAN_POINT('',(-6.14303418021061E-16,3.28500000000001,-3.34411205172933));
#4416=CARTESIAN_POINT('',(-6.14303418021061E-16,-3.285,-3.34411205172932));
#4417=CARTESIAN_POINT('',(-5.56438856761348E-16,-3.285,-3.02911205172932));
#4418=CARTESIAN_POINT('',(-6.87782225969902E-16,-3.285,-3.74411205172932));
#4419=CARTESIAN_POINT('',(-6.87782225969902E-16,-3.685,-3.74411205172932));
#4420=CARTESIAN_POINT('',(-6.87782225969902E-16,-4.,-3.74411205172932));
#4421=CARTESIAN_POINT('',(-6.87782225969902E-16,-3.685,-3.74411205172932));
#4422=CARTESIAN_POINT('',(-1.51788304147971E-15,-3.68500000000001,-18.999892801542));
#4423=CARTESIAN_POINT('',(0.314999999999998,-3.68500000000001,-18.999892801542));
#4424=CARTESIAN_POINT('',(-1.51788304147971E-15,3.685,-18.999892801542));
#4425=CARTESIAN_POINT('',(-1.51788304147971E-15,-3.68500000000001,-18.999892801542));
#4426=CARTESIAN_POINT('',(2.04068626767399,0.,-8.94083072090697));
#4427=CARTESIAN_POINT('',(2.04068626767399,3.285,-8.94083072090697));
#4428=CARTESIAN_POINT('',(2.11078036187023,3.285,-9.24793301324424));
#4429=CARTESIAN_POINT('',(2.04068626767399,-3.28500000000001,-8.94083072090697));
#4430=CARTESIAN_POINT('',(2.11078036187023,-3.28500000000001,-9.24793301324424));
#4431=CARTESIAN_POINT('',(1.95167789409147,3.285,-8.55085955603424));
#4432=CARTESIAN_POINT('',(1.95167789409147,3.685,-8.55085955603424));
#4433=CARTESIAN_POINT('',(1.95167789409147,4.,-8.55085955603424));
#4434=CARTESIAN_POINT('',(1.84871348421541,3.685,-8.09974300099945));
#4435=CARTESIAN_POINT('',(0.833143310587902,3.68500000000001,-3.65023934556728));
#4436=CARTESIAN_POINT('',(0.833143310587902,4.00000000000001,-3.65023934556728));
#4437=CARTESIAN_POINT('',(0.833143310587901,3.28500000000001,-3.65023934556728));
#4438=CARTESIAN_POINT('',(0.744134937005376,3.28500000000001,-3.26026818069455));
#4439=CARTESIAN_POINT('',(0.674040842809137,3.28500000000001,-2.95316588835727));
#4440=CARTESIAN_POINT('',(0.744134937005376,3.28500000000001,-3.26026818069455));
#4441=CARTESIAN_POINT('',(0.744134937005375,-3.285,-3.26026818069454));
#4442=CARTESIAN_POINT('',(0.674040842809136,-3.285,-2.95316588835727));
#4443=CARTESIAN_POINT('',(0.833143310587901,-3.285,-3.65023934556727));
#4444=CARTESIAN_POINT('',(0.833143310587901,-3.685,-3.65023934556727));
#4445=CARTESIAN_POINT('',(0.833143310587901,-4.,-3.65023934556727));
#4446=CARTESIAN_POINT('',(0.833143310587901,-3.685,-3.65023934556727));
#4447=CARTESIAN_POINT('',(1.95167789409147,-3.68500000000001,-8.55085955603424));
#4448=CARTESIAN_POINT('',(1.95167789409147,-4.00000000000001,-8.55085955603424));
#4449=CARTESIAN_POINT('',(1.95167789409147,-3.28500000000001,-8.55085955603424));
#4450=CARTESIAN_POINT('',(8.2625700137103,0.,-3.97904400472306));
#4451=CARTESIAN_POINT('',(8.2625700137103,3.285,-3.97904400472306));
#4452=CARTESIAN_POINT('',(8.54637520709956,3.285,-4.11571738254509));
#4453=CARTESIAN_POINT('',(8.2625700137103,-3.28500000000001,-3.97904400472306));
#4454=CARTESIAN_POINT('',(8.54637520709956,-3.28500000000001,-4.11571738254509));
#4455=CARTESIAN_POINT('',(7.90218246654933,3.285,-3.80549050907603));
#4456=CARTESIAN_POINT('',(7.90218246654933,3.685,-3.80549050907603));
#4457=CARTESIAN_POINT('',(7.90218246654933,4.,-3.80549050907603));
#4458=CARTESIAN_POINT('',(7.48528808204849,3.685,-3.60472475477704));
#4459=CARTESIAN_POINT('',(3.37332839654637,3.68500000000001,-1.62450933667943));
#4460=CARTESIAN_POINT('',(3.37332839654638,4.00000000000001,-1.62450933667943));
#4461=CARTESIAN_POINT('',(3.37332839654637,3.28500000000001,-1.62450933667943));
#4462=CARTESIAN_POINT('',(3.01294084938541,3.28500000000001,-1.45095584103241));
#4463=CARTESIAN_POINT('',(2.72913565599614,3.28500000000001,-1.31428246321038));
#4464=CARTESIAN_POINT('',(3.01294084938541,3.28500000000001,-1.45095584103241));
#4465=CARTESIAN_POINT('',(3.0129408493854,-3.285,-1.45095584103241));
#4466=CARTESIAN_POINT('',(2.72913565599614,-3.285,-1.31428246321038));
#4467=CARTESIAN_POINT('',(3.37332839654637,-3.285,-1.62450933667943));
#4468=CARTESIAN_POINT('',(3.37332839654637,-3.685,-1.62450933667943));
#4469=CARTESIAN_POINT('',(3.37332839654637,-4.,-1.62450933667943));
#4470=CARTESIAN_POINT('',(3.37332839654637,-3.685,-1.62450933667943));
#4471=CARTESIAN_POINT('',(7.90218246654933,-3.68500000000001,-3.80549050907603));
#4472=CARTESIAN_POINT('',(7.90218246654933,-4.00000000000001,-3.80549050907603));
#4473=CARTESIAN_POINT('',(7.90218246654933,-3.28500000000001,-3.80549050907603));
#4474=CARTESIAN_POINT('',(8.2625700137103,0.,3.97904400472305));
#4475=CARTESIAN_POINT('',(8.2625700137103,3.285,3.97904400472305));
#4476=CARTESIAN_POINT('',(8.54637520709956,3.285,4.11571738254508));
#4477=CARTESIAN_POINT('',(8.2625700137103,-3.28500000000001,3.97904400472305));
#4478=CARTESIAN_POINT('',(8.54637520709956,-3.28500000000001,4.11571738254508));
#4479=CARTESIAN_POINT('',(7.90218246654933,3.285,3.80549050907603));
#4480=CARTESIAN_POINT('',(7.90218246654933,3.685,3.80549050907603));
#4481=CARTESIAN_POINT('',(7.90218246654933,4.,3.80549050907603));
#4482=CARTESIAN_POINT('',(7.48528808204849,3.685,3.60472475477704));
#4483=CARTESIAN_POINT('',(3.37332839654638,3.68500000000001,1.62450933667943));
#4484=CARTESIAN_POINT('',(3.37332839654638,4.00000000000001,1.62450933667943));
#4485=CARTESIAN_POINT('',(3.37332839654637,3.28500000000001,1.62450933667943));
#4486=CARTESIAN_POINT('',(3.01294084938541,3.28500000000001,1.45095584103241));
#4487=CARTESIAN_POINT('',(2.72913565599615,3.28500000000001,1.31428246321038));
#4488=CARTESIAN_POINT('',(3.01294084938541,3.28500000000001,1.45095584103241));
#4489=CARTESIAN_POINT('',(3.01294084938541,-3.285,1.45095584103241));
#4490=CARTESIAN_POINT('',(2.72913565599614,-3.285,1.31428246321038));
#4491=CARTESIAN_POINT('',(3.37332839654637,-3.285,1.62450933667943));
#4492=CARTESIAN_POINT('',(3.37332839654637,-3.685,1.62450933667943));
#4493=CARTESIAN_POINT('',(3.37332839654637,-4.,1.62450933667943));
#4494=CARTESIAN_POINT('',(3.37332839654637,-3.685,1.62450933667943));
#4495=CARTESIAN_POINT('',(7.90218246654933,-3.68500000000001,3.80549050907603));
#4496=CARTESIAN_POINT('',(7.90218246654933,-4.00000000000001,3.80549050907603));
#4497=CARTESIAN_POINT('',(7.90218246654933,-3.28500000000001,3.80549050907603));
#4498=CARTESIAN_POINT('',(7.16998954453848,0.,5.7178758603345));
#4499=CARTESIAN_POINT('',(7.16998954453848,3.285,5.7178758603345));
#4500=CARTESIAN_POINT('',(7.4162664615159,3.285,5.91427514792));
#4501=CARTESIAN_POINT('',(7.16998954453848,-3.28500000000001,5.7178758603345));
#4502=CARTESIAN_POINT('',(7.4162664615159,-3.28500000000001,5.91427514792));
#4503=CARTESIAN_POINT('',(6.85725695155126,3.285,5.46847993959101));
#4504=CARTESIAN_POINT('',(6.85725695155126,3.685,5.46847993959101));
#4505=CARTESIAN_POINT('',(6.85725695155126,4.,5.46847993959101));
#4506=CARTESIAN_POINT('',(6.49548956282259,3.685,5.17998007411441));
#4507=CARTESIAN_POINT('',(2.92726467592996,3.68500000000001,2.33441568126961));
#4508=CARTESIAN_POINT('',(2.92726467592996,4.00000000000001,2.33441568126961));
#4509=CARTESIAN_POINT('',(2.92726467592996,3.28500000000001,2.33441568126961));
#4510=CARTESIAN_POINT('',(2.61453208294274,3.28500000000001,2.08501976052612));
#4511=CARTESIAN_POINT('',(2.36825516596531,3.28500000000001,1.88862047294062));
#4512=CARTESIAN_POINT('',(2.61453208294274,3.28500000000001,2.08501976052612));
#4513=CARTESIAN_POINT('',(2.61453208294274,-3.285,2.08501976052612));
#4514=CARTESIAN_POINT('',(2.36825516596531,-3.285,1.88862047294062));
#4515=CARTESIAN_POINT('',(2.92726467592995,-3.285,2.33441568126961));
#4516=CARTESIAN_POINT('',(2.92726467592995,-3.685,2.33441568126961));
#4517=CARTESIAN_POINT('',(2.92726467592995,-4.,2.33441568126961));
#4518=CARTESIAN_POINT('',(2.92726467592995,-3.685,2.33441568126961));
#4519=CARTESIAN_POINT('',(6.85725695155126,-3.68500000000001,5.46847993959101));
#4520=CARTESIAN_POINT('',(6.85725695155126,-4.00000000000001,5.46847993959101));
#4521=CARTESIAN_POINT('',(6.85725695155126,-3.28500000000001,5.46847993959101));
#4522=CARTESIAN_POINT('',(5.7178758603345,0.,7.16998954453848));
#4523=CARTESIAN_POINT('',(5.7178758603345,3.285,7.16998954453848));
#4524=CARTESIAN_POINT('',(5.91427514792,3.285,7.4162664615159));
#4525=CARTESIAN_POINT('',(5.7178758603345,-3.28500000000001,7.16998954453848));
#4526=CARTESIAN_POINT('',(5.91427514792,-3.28500000000001,7.4162664615159));
#4527=CARTESIAN_POINT('',(5.46847993959101,3.285,6.85725695155126));
#4528=CARTESIAN_POINT('',(5.46847993959101,3.685,6.85725695155126));
#4529=CARTESIAN_POINT('',(5.46847993959101,4.,6.85725695155126));
#4530=CARTESIAN_POINT('',(5.17998007411441,3.685,6.49548956282259));
#4531=CARTESIAN_POINT('',(2.33441568126961,3.68500000000001,2.92726467592996));
#4532=CARTESIAN_POINT('',(2.33441568126961,4.00000000000001,2.92726467592996));
#4533=CARTESIAN_POINT('',(2.33441568126961,3.28500000000001,2.92726467592996));
#4534=CARTESIAN_POINT('',(2.08501976052612,3.28500000000001,2.61453208294274));
#4535=CARTESIAN_POINT('',(1.88862047294062,3.28500000000001,2.36825516596531));
#4536=CARTESIAN_POINT('',(2.08501976052612,3.28500000000001,2.61453208294274));
#4537=CARTESIAN_POINT('',(2.08501976052612,-3.285,2.61453208294274));
#4538=CARTESIAN_POINT('',(1.88862047294062,-3.285,2.36825516596531));
#4539=CARTESIAN_POINT('',(2.33441568126961,-3.285,2.92726467592995));
#4540=CARTESIAN_POINT('',(2.33441568126961,-3.685,2.92726467592995));
#4541=CARTESIAN_POINT('',(2.33441568126961,-4.,2.92726467592995));
#4542=CARTESIAN_POINT('',(2.33441568126961,-3.685,2.92726467592995));
#4543=CARTESIAN_POINT('',(5.46847993959101,-3.68500000000001,6.85725695155126));
#4544=CARTESIAN_POINT('',(5.46847993959101,-4.00000000000001,6.85725695155126));
#4545=CARTESIAN_POINT('',(5.46847993959101,-3.28500000000001,6.85725695155126));
#4546=CARTESIAN_POINT('',(2.040686267674,0.,8.94083072090697));
#4547=CARTESIAN_POINT('',(2.040686267674,3.285,8.94083072090697));
#4548=CARTESIAN_POINT('',(2.11078036187024,3.285,9.24793301324424));
#4549=CARTESIAN_POINT('',(2.040686267674,-3.28500000000001,8.94083072090697));
#4550=CARTESIAN_POINT('',(2.11078036187024,-3.28500000000001,9.24793301324424));
#4551=CARTESIAN_POINT('',(1.95167789409147,3.285,8.55085955603424));
#4552=CARTESIAN_POINT('',(1.95167789409147,3.685,8.55085955603424));
#4553=CARTESIAN_POINT('',(1.95167789409147,4.,8.55085955603424));
#4554=CARTESIAN_POINT('',(1.84871348421541,3.685,8.09974300099945));
#4555=CARTESIAN_POINT('',(0.833143310587902,3.68500000000001,3.65023934556728));
#4556=CARTESIAN_POINT('',(0.833143310587903,4.00000000000001,3.65023934556728));
#4557=CARTESIAN_POINT('',(0.833143310587902,3.28500000000001,3.65023934556728));
#4558=CARTESIAN_POINT('',(0.744134937005376,3.28500000000001,3.26026818069455));
#4559=CARTESIAN_POINT('',(0.674040842809137,3.28500000000001,2.95316588835727));
#4560=CARTESIAN_POINT('',(0.744134937005376,3.28500000000001,3.26026818069455));
#4561=CARTESIAN_POINT('',(0.744134937005376,-3.285,3.26026818069454));
#4562=CARTESIAN_POINT('',(0.674040842809137,-3.285,2.95316588835727));
#4563=CARTESIAN_POINT('',(0.833143310587902,-3.285,3.65023934556727));
#4564=CARTESIAN_POINT('',(0.833143310587902,-3.685,3.65023934556727));
#4565=CARTESIAN_POINT('',(0.833143310587902,-4.,3.65023934556727));
#4566=CARTESIAN_POINT('',(0.833143310587902,-3.685,3.65023934556727));
#4567=CARTESIAN_POINT('',(1.95167789409147,-3.68500000000001,8.55085955603424));
#4568=CARTESIAN_POINT('',(1.95167789409147,-4.00000000000001,8.55085955603424));
#4569=CARTESIAN_POINT('',(1.95167789409147,-3.28500000000001,8.55085955603424));
#4570=CARTESIAN_POINT('',(-3.97904400472305,0.,8.2625700137103));
#4571=CARTESIAN_POINT('',(-3.97904400472305,3.285,8.2625700137103));
#4572=CARTESIAN_POINT('',(-4.11571738254508,3.285,8.54637520709956));
#4573=CARTESIAN_POINT('',(-3.97904400472305,-3.28500000000001,8.2625700137103));
#4574=CARTESIAN_POINT('',(-4.11571738254508,-3.28500000000001,8.54637520709956));
#4575=CARTESIAN_POINT('',(-3.80549050907603,3.285,7.90218246654933));
#4576=CARTESIAN_POINT('',(-3.80549050907603,3.685,7.90218246654933));
#4577=CARTESIAN_POINT('',(-3.80549050907603,4.,7.90218246654933));
#4578=CARTESIAN_POINT('',(-3.60472475477704,3.685,7.48528808204849));
#4579=CARTESIAN_POINT('',(-1.62450933667943,3.68500000000001,3.37332839654638));
#4580=CARTESIAN_POINT('',(-1.62450933667943,4.00000000000001,3.37332839654638));
#4581=CARTESIAN_POINT('',(-1.62450933667943,3.28500000000001,3.37332839654637));
#4582=CARTESIAN_POINT('',(-1.45095584103241,3.28500000000001,3.01294084938541));
#4583=CARTESIAN_POINT('',(-1.31428246321038,3.28500000000001,2.72913565599615));
#4584=CARTESIAN_POINT('',(-1.45095584103241,3.28500000000001,3.01294084938541));
#4585=CARTESIAN_POINT('',(-1.45095584103241,-3.285,3.01294084938541));
#4586=CARTESIAN_POINT('',(-1.31428246321038,-3.285,2.72913565599614));
#4587=CARTESIAN_POINT('',(-1.62450933667943,-3.285,3.37332839654637));
#4588=CARTESIAN_POINT('',(-1.62450933667943,-3.685,3.37332839654637));
#4589=CARTESIAN_POINT('',(-1.62450933667943,-4.,3.37332839654637));
#4590=CARTESIAN_POINT('',(-1.62450933667943,-3.685,3.37332839654637));
#4591=CARTESIAN_POINT('',(-3.80549050907603,-3.68500000000001,7.90218246654933));
#4592=CARTESIAN_POINT('',(-3.80549050907603,-4.00000000000001,7.90218246654933));
#4593=CARTESIAN_POINT('',(-3.80549050907603,-3.28500000000001,7.90218246654933));
#4594=CARTESIAN_POINT('',(-5.7178758603345,0.,7.16998954453848));
#4595=CARTESIAN_POINT('',(-5.7178758603345,3.285,7.16998954453848));
#4596=CARTESIAN_POINT('',(-5.91427514792,3.285,7.41626646151591));
#4597=CARTESIAN_POINT('',(-5.7178758603345,-3.28500000000001,7.16998954453848));
#4598=CARTESIAN_POINT('',(-5.91427514792,-3.28500000000001,7.41626646151591));
#4599=CARTESIAN_POINT('',(-5.46847993959101,3.285,6.85725695155127));
#4600=CARTESIAN_POINT('',(-5.46847993959101,3.685,6.85725695155127));
#4601=CARTESIAN_POINT('',(-5.46847993959101,4.,6.85725695155127));
#4602=CARTESIAN_POINT('',(-5.17998007411441,3.685,6.49548956282259));
#4603=CARTESIAN_POINT('',(-2.33441568126961,3.68500000000001,2.92726467592996));
#4604=CARTESIAN_POINT('',(-2.33441568126961,4.00000000000001,2.92726467592996));
#4605=CARTESIAN_POINT('',(-2.33441568126961,3.28500000000001,2.92726467592996));
#4606=CARTESIAN_POINT('',(-2.08501976052612,3.28500000000001,2.61453208294274));
#4607=CARTESIAN_POINT('',(-1.88862047294062,3.28500000000001,2.36825516596531));
#4608=CARTESIAN_POINT('',(-2.08501976052612,3.28500000000001,2.61453208294274));
#4609=CARTESIAN_POINT('',(-2.08501976052612,-3.285,2.61453208294274));
#4610=CARTESIAN_POINT('',(-1.88862047294062,-3.285,2.36825516596531));
#4611=CARTESIAN_POINT('',(-2.33441568126961,-3.285,2.92726467592995));
#4612=CARTESIAN_POINT('',(-2.33441568126961,-3.685,2.92726467592995));
#4613=CARTESIAN_POINT('',(-2.33441568126961,-4.,2.92726467592995));
#4614=CARTESIAN_POINT('',(-2.33441568126961,-3.685,2.92726467592995));
#4615=CARTESIAN_POINT('',(-5.46847993959101,-3.68500000000001,6.85725695155127));
#4616=CARTESIAN_POINT('',(-5.46847993959101,-4.00000000000001,6.85725695155127));
#4617=CARTESIAN_POINT('',(-5.46847993959101,-3.28500000000001,6.85725695155127));
#4618=CARTESIAN_POINT('',(-7.16998954453847,0.,5.7178758603345));
#4619=CARTESIAN_POINT('',(-7.16998954453847,3.285,5.7178758603345));
#4620=CARTESIAN_POINT('',(-7.4162664615159,3.285,5.91427514792));
#4621=CARTESIAN_POINT('',(-7.16998954453847,-3.28500000000001,5.7178758603345));
#4622=CARTESIAN_POINT('',(-7.4162664615159,-3.28500000000001,5.91427514792));
#4623=CARTESIAN_POINT('',(-6.85725695155126,3.285,5.46847993959101));
#4624=CARTESIAN_POINT('',(-6.85725695155126,3.685,5.46847993959101));
#4625=CARTESIAN_POINT('',(-6.85725695155126,4.,5.46847993959101));
#4626=CARTESIAN_POINT('',(-6.49548956282259,3.685,5.17998007411441));
#4627=CARTESIAN_POINT('',(-2.92726467592996,3.68500000000001,2.33441568126961));
#4628=CARTESIAN_POINT('',(-2.92726467592996,4.00000000000001,2.33441568126961));
#4629=CARTESIAN_POINT('',(-2.92726467592995,3.28500000000001,2.33441568126961));
#4630=CARTESIAN_POINT('',(-2.61453208294274,3.28500000000001,2.08501976052612));
#4631=CARTESIAN_POINT('',(-2.36825516596531,3.28500000000001,1.88862047294062));
#4632=CARTESIAN_POINT('',(-2.61453208294274,3.28500000000001,2.08501976052612));
#4633=CARTESIAN_POINT('',(-2.61453208294274,-3.285,2.08501976052612));
#4634=CARTESIAN_POINT('',(-2.36825516596531,-3.285,1.88862047294062));
#4635=CARTESIAN_POINT('',(-2.92726467592995,-3.285,2.33441568126961));
#4636=CARTESIAN_POINT('',(-2.92726467592995,-3.685,2.33441568126961));
#4637=CARTESIAN_POINT('',(-2.92726467592995,-4.,2.33441568126961));
#4638=CARTESIAN_POINT('',(-2.92726467592995,-3.685,2.33441568126961));
#4639=CARTESIAN_POINT('',(-6.85725695155126,-3.68500000000001,5.46847993959101));
#4640=CARTESIAN_POINT('',(-6.85725695155126,-4.00000000000001,5.46847993959101));
#4641=CARTESIAN_POINT('',(-6.85725695155126,-3.28500000000001,5.46847993959101));
#4642=CARTESIAN_POINT('',(-8.94083072090697,0.,2.040686267674));
#4643=CARTESIAN_POINT('',(-8.94083072090697,3.285,2.040686267674));
#4644=CARTESIAN_POINT('',(-9.24793301324424,3.285,2.11078036187024));
#4645=CARTESIAN_POINT('',(-8.94083072090697,-3.28500000000001,2.040686267674));
#4646=CARTESIAN_POINT('',(-9.24793301324424,-3.28500000000001,2.11078036187024));
#4647=CARTESIAN_POINT('',(-8.55085955603424,3.285,1.95167789409147));
#4648=CARTESIAN_POINT('',(-8.55085955603424,3.685,1.95167789409147));
#4649=CARTESIAN_POINT('',(-8.55085955603424,4.,1.95167789409147));
#4650=CARTESIAN_POINT('',(-8.09974300099945,3.685,1.84871348421542));
#4651=CARTESIAN_POINT('',(-3.65023934556728,3.68500000000001,0.833143310587903));
#4652=CARTESIAN_POINT('',(-3.65023934556728,4.00000000000001,0.833143310587903));
#4653=CARTESIAN_POINT('',(-3.65023934556728,3.28500000000001,0.833143310587902));
#4654=CARTESIAN_POINT('',(-3.26026818069455,3.28500000000001,0.744134937005377));
#4655=CARTESIAN_POINT('',(-2.95316588835727,3.28500000000001,0.674040842809138));
#4656=CARTESIAN_POINT('',(-3.26026818069455,3.28500000000001,0.744134937005377));
#4657=CARTESIAN_POINT('',(-3.26026818069454,-3.285,0.744134937005376));
#4658=CARTESIAN_POINT('',(-2.95316588835727,-3.285,0.674040842809137));
#4659=CARTESIAN_POINT('',(-3.65023934556727,-3.285,0.833143310587902));
#4660=CARTESIAN_POINT('',(-3.65023934556727,-3.685,0.833143310587902));
#4661=CARTESIAN_POINT('',(-3.65023934556727,-4.,0.833143310587902));
#4662=CARTESIAN_POINT('',(-3.65023934556727,-3.685,0.833143310587902));
#4663=CARTESIAN_POINT('',(-8.55085955603424,-3.68500000000001,1.95167789409147));
#4664=CARTESIAN_POINT('',(-8.55085955603424,-4.00000000000001,1.95167789409147));
#4665=CARTESIAN_POINT('',(-8.55085955603424,-3.28500000000001,1.95167789409147));
#4666=CARTESIAN_POINT('',(-8.2625700137103,0.,-3.97904400472305));
#4667=CARTESIAN_POINT('',(-8.2625700137103,3.285,-3.97904400472305));
#4668=CARTESIAN_POINT('',(-8.54637520709956,3.285,-4.11571738254508));
#4669=CARTESIAN_POINT('',(-8.2625700137103,-3.28500000000001,-3.97904400472305));
#4670=CARTESIAN_POINT('',(-8.54637520709956,-3.28500000000001,-4.11571738254508));
#4671=CARTESIAN_POINT('',(-7.90218246654933,3.285,-3.80549050907603));
#4672=CARTESIAN_POINT('',(-7.90218246654933,3.685,-3.80549050907603));
#4673=CARTESIAN_POINT('',(-7.90218246654933,4.,-3.80549050907603));
#4674=CARTESIAN_POINT('',(-7.48528808204849,3.685,-3.60472475477704));
#4675=CARTESIAN_POINT('',(-3.37332839654638,3.68500000000001,-1.62450933667943));
#4676=CARTESIAN_POINT('',(-3.37332839654638,4.00000000000001,-1.62450933667943));
#4677=CARTESIAN_POINT('',(-3.37332839654637,3.28500000000001,-1.62450933667943));
#4678=CARTESIAN_POINT('',(-3.01294084938541,3.28500000000001,-1.45095584103241));
#4679=CARTESIAN_POINT('',(-2.72913565599615,3.28500000000001,-1.31428246321038));
#4680=CARTESIAN_POINT('',(-3.01294084938541,3.28500000000001,-1.45095584103241));
#4681=CARTESIAN_POINT('',(-3.01294084938541,-3.285,-1.45095584103241));
#4682=CARTESIAN_POINT('',(-2.72913565599614,-3.285,-1.31428246321038));
#4683=CARTESIAN_POINT('',(-3.37332839654637,-3.285,-1.62450933667943));
#4684=CARTESIAN_POINT('',(-3.37332839654637,-3.685,-1.62450933667943));
#4685=CARTESIAN_POINT('',(-3.37332839654637,-4.,-1.62450933667943));
#4686=CARTESIAN_POINT('',(-3.37332839654637,-3.685,-1.62450933667943));
#4687=CARTESIAN_POINT('',(-7.90218246654933,-3.68500000000001,-3.80549050907603));
#4688=CARTESIAN_POINT('',(-7.90218246654933,-4.00000000000001,-3.80549050907603));
#4689=CARTESIAN_POINT('',(-7.90218246654933,-3.28500000000001,-3.80549050907603));
#4690=CARTESIAN_POINT('',(-7.16998954453848,0.,-5.7178758603345));
#4691=CARTESIAN_POINT('',(-7.16998954453848,3.285,-5.7178758603345));
#4692=CARTESIAN_POINT('',(-7.41626646151591,3.285,-5.91427514792));
#4693=CARTESIAN_POINT('',(-7.16998954453848,-3.28500000000001,-5.7178758603345));
#4694=CARTESIAN_POINT('',(-7.41626646151591,-3.28500000000001,-5.91427514792));
#4695=CARTESIAN_POINT('',(-6.85725695155127,3.285,-5.46847993959101));
#4696=CARTESIAN_POINT('',(-6.85725695155127,3.685,-5.46847993959101));
#4697=CARTESIAN_POINT('',(-6.85725695155127,4.,-5.46847993959101));
#4698=CARTESIAN_POINT('',(-6.49548956282259,3.685,-5.17998007411441));
#4699=CARTESIAN_POINT('',(-2.92726467592996,3.68500000000001,-2.33441568126961));
#4700=CARTESIAN_POINT('',(-2.92726467592996,4.00000000000001,-2.33441568126961));
#4701=CARTESIAN_POINT('',(-2.92726467592996,3.28500000000001,-2.33441568126961));
#4702=CARTESIAN_POINT('',(-2.61453208294274,3.28500000000001,-2.08501976052612));
#4703=CARTESIAN_POINT('',(-2.36825516596531,3.28500000000001,-1.88862047294062));
#4704=CARTESIAN_POINT('',(-2.61453208294274,3.28500000000001,-2.08501976052612));
#4705=CARTESIAN_POINT('',(-2.61453208294274,-3.285,-2.08501976052612));
#4706=CARTESIAN_POINT('',(-2.36825516596531,-3.285,-1.88862047294062));
#4707=CARTESIAN_POINT('',(-2.92726467592995,-3.285,-2.33441568126961));
#4708=CARTESIAN_POINT('',(-2.92726467592995,-3.685,-2.33441568126961));
#4709=CARTESIAN_POINT('',(-2.92726467592995,-4.,-2.33441568126961));
#4710=CARTESIAN_POINT('',(-2.92726467592995,-3.685,-2.33441568126961));
#4711=CARTESIAN_POINT('',(-6.85725695155127,-3.68500000000001,-5.46847993959101));
#4712=CARTESIAN_POINT('',(-6.85725695155127,-4.00000000000001,-5.46847993959101));
#4713=CARTESIAN_POINT('',(-6.85725695155127,-3.28500000000001,-5.46847993959101));
#4714=CARTESIAN_POINT('',(-5.7178758603345,0.,-7.16998954453847));
#4715=CARTESIAN_POINT('',(-5.7178758603345,3.285,-7.16998954453847));
#4716=CARTESIAN_POINT('',(-5.91427514792,3.285,-7.4162664615159));
#4717=CARTESIAN_POINT('',(-5.7178758603345,-3.28500000000001,-7.16998954453847));
#4718=CARTESIAN_POINT('',(-5.91427514792,-3.28500000000001,-7.4162664615159));
#4719=CARTESIAN_POINT('',(-5.46847993959101,3.285,-6.85725695155126));
#4720=CARTESIAN_POINT('',(-5.46847993959101,3.685,-6.85725695155126));
#4721=CARTESIAN_POINT('',(-5.46847993959101,4.,-6.85725695155126));
#4722=CARTESIAN_POINT('',(-5.17998007411441,3.685,-6.49548956282259));
#4723=CARTESIAN_POINT('',(-2.33441568126961,3.68500000000001,-2.92726467592996));
#4724=CARTESIAN_POINT('',(-2.33441568126962,4.00000000000001,-2.92726467592996));
#4725=CARTESIAN_POINT('',(-2.33441568126961,3.28500000000001,-2.92726467592995));
#4726=CARTESIAN_POINT('',(-2.08501976052612,3.28500000000001,-2.61453208294274));
#4727=CARTESIAN_POINT('',(-1.88862047294062,3.28500000000001,-2.36825516596531));
#4728=CARTESIAN_POINT('',(-2.08501976052612,3.28500000000001,-2.61453208294274));
#4729=CARTESIAN_POINT('',(-2.08501976052612,-3.285,-2.61453208294274));
#4730=CARTESIAN_POINT('',(-1.88862047294062,-3.285,-2.36825516596531));
#4731=CARTESIAN_POINT('',(-2.33441568126961,-3.285,-2.92726467592995));
#4732=CARTESIAN_POINT('',(-2.33441568126961,-3.685,-2.92726467592995));
#4733=CARTESIAN_POINT('',(-2.33441568126961,-4.,-2.92726467592995));
#4734=CARTESIAN_POINT('',(-2.33441568126961,-3.685,-2.92726467592995));
#4735=CARTESIAN_POINT('',(-5.46847993959101,-3.68500000000001,-6.85725695155126));
#4736=CARTESIAN_POINT('',(-5.46847993959101,-4.00000000000001,-6.85725695155126));
#4737=CARTESIAN_POINT('',(-5.46847993959101,-3.28500000000001,-6.85725695155126));
#4738=CARTESIAN_POINT('',(-2.040686267674,0.,-8.94083072090697));
#4739=CARTESIAN_POINT('',(-2.040686267674,3.285,-8.94083072090697));
#4740=CARTESIAN_POINT('',(-2.11078036187024,3.285,-9.24793301324424));
#4741=CARTESIAN_POINT('',(-2.040686267674,-3.28500000000001,-8.94083072090697));
#4742=CARTESIAN_POINT('',(-2.11078036187024,-3.28500000000001,-9.24793301324424));
#4743=CARTESIAN_POINT('',(-1.95167789409147,3.285,-8.55085955603424));
#4744=CARTESIAN_POINT('',(-1.95167789409147,3.685,-8.55085955603424));
#4745=CARTESIAN_POINT('',(-1.95167789409147,4.,-8.55085955603424));
#4746=CARTESIAN_POINT('',(-1.84871348421542,3.685,-8.09974300099945));
#4747=CARTESIAN_POINT('',(-0.833143310587903,3.68500000000001,-3.65023934556728));
#4748=CARTESIAN_POINT('',(-0.833143310587903,4.00000000000001,-3.65023934556728));
#4749=CARTESIAN_POINT('',(-0.833143310587903,3.28500000000001,-3.65023934556728));
#4750=CARTESIAN_POINT('',(-0.744134937005377,3.28500000000001,-3.26026818069455));
#4751=CARTESIAN_POINT('',(-0.674040842809138,3.28500000000001,-2.95316588835727));
#4752=CARTESIAN_POINT('',(-0.744134937005377,3.28500000000001,-3.26026818069455));
#4753=CARTESIAN_POINT('',(-0.744134937005376,-3.285,-3.26026818069454));
#4754=CARTESIAN_POINT('',(-0.674040842809138,-3.285,-2.95316588835727));
#4755=CARTESIAN_POINT('',(-0.833143310587902,-3.285,-3.65023934556727));
#4756=CARTESIAN_POINT('',(-0.833143310587902,-3.685,-3.65023934556727));
#4757=CARTESIAN_POINT('',(-0.833143310587902,-4.,-3.65023934556727));
#4758=CARTESIAN_POINT('',(-0.833143310587902,-3.685,-3.65023934556727));
#4759=CARTESIAN_POINT('',(-1.95167789409147,-3.68500000000001,-8.55085955603424));
#4760=CARTESIAN_POINT('',(-1.95167789409147,-4.00000000000001,-8.55085955603424));
#4761=CARTESIAN_POINT('',(-1.95167789409147,-3.28500000000001,-8.55085955603424));
#4762=CARTESIAN_POINT('',(3.97904400472305,0.,-8.2625700137103));
#4763=CARTESIAN_POINT('',(3.97904400472305,3.285,-8.2625700137103));
#4764=CARTESIAN_POINT('',(4.11571738254508,3.285,-8.54637520709956));
#4765=CARTESIAN_POINT('',(3.97904400472305,-3.28500000000001,-8.2625700137103));
#4766=CARTESIAN_POINT('',(4.11571738254508,-3.28500000000001,-8.54637520709956));
#4767=CARTESIAN_POINT('',(3.80549050907603,3.285,-7.90218246654933));
#4768=CARTESIAN_POINT('',(3.80549050907603,3.685,-7.90218246654933));
#4769=CARTESIAN_POINT('',(3.80549050907603,4.,-7.90218246654933));
#4770=CARTESIAN_POINT('',(3.60472475477704,3.685,-7.48528808204849));
#4771=CARTESIAN_POINT('',(1.62450933667943,3.68500000000001,-3.37332839654638));
#4772=CARTESIAN_POINT('',(1.62450933667943,4.00000000000001,-3.37332839654638));
#4773=CARTESIAN_POINT('',(1.62450933667943,3.28500000000001,-3.37332839654637));
#4774=CARTESIAN_POINT('',(1.45095584103241,3.28500000000001,-3.01294084938541));
#4775=CARTESIAN_POINT('',(1.31428246321038,3.28500000000001,-2.72913565599615));
#4776=CARTESIAN_POINT('',(1.45095584103241,3.28500000000001,-3.01294084938541));
#4777=CARTESIAN_POINT('',(1.45095584103241,-3.285,-3.01294084938541));
#4778=CARTESIAN_POINT('',(1.31428246321038,-3.285,-2.72913565599614));
#4779=CARTESIAN_POINT('',(1.62450933667943,-3.285,-3.37332839654637));
#4780=CARTESIAN_POINT('',(1.62450933667943,-3.685,-3.37332839654637));
#4781=CARTESIAN_POINT('',(1.62450933667943,-4.,-3.37332839654637));
#4782=CARTESIAN_POINT('',(1.62450933667943,-3.685,-3.37332839654637));
#4783=CARTESIAN_POINT('',(3.80549050907603,-3.68500000000001,-7.90218246654933));
#4784=CARTESIAN_POINT('',(3.80549050907603,-4.00000000000001,-7.90218246654933));
#4785=CARTESIAN_POINT('',(3.80549050907603,-3.28500000000001,-7.90218246654933));
#4786=CARTESIAN_POINT('',(5.7178758603345,0.,-7.16998954453848));
#4787=CARTESIAN_POINT('',(5.7178758603345,3.285,-7.16998954453848));
#4788=CARTESIAN_POINT('',(5.91427514792,3.285,-7.41626646151591));
#4789=CARTESIAN_POINT('',(5.7178758603345,-3.28500000000001,-7.16998954453848));
#4790=CARTESIAN_POINT('',(5.91427514792,-3.28500000000001,-7.41626646151591));
#4791=CARTESIAN_POINT('',(5.46847993959101,3.285,-6.85725695155127));
#4792=CARTESIAN_POINT('',(5.46847993959101,3.685,-6.85725695155127));
#4793=CARTESIAN_POINT('',(5.46847993959101,4.,-6.85725695155127));
#4794=CARTESIAN_POINT('',(5.17998007411441,3.685,-6.49548956282259));
#4795=CARTESIAN_POINT('',(2.33441568126961,3.68500000000001,-2.92726467592996));
#4796=CARTESIAN_POINT('',(2.33441568126961,4.00000000000001,-2.92726467592996));
#4797=CARTESIAN_POINT('',(2.33441568126961,3.28500000000001,-2.92726467592996));
#4798=CARTESIAN_POINT('',(2.08501976052612,3.28500000000001,-2.61453208294274));
#4799=CARTESIAN_POINT('',(1.88862047294062,3.28500000000001,-2.36825516596531));
#4800=CARTESIAN_POINT('',(2.08501976052612,3.28500000000001,-2.61453208294274));
#4801=CARTESIAN_POINT('',(2.08501976052612,-3.285,-2.61453208294274));
#4802=CARTESIAN_POINT('',(1.88862047294062,-3.285,-2.36825516596531));
#4803=CARTESIAN_POINT('',(2.33441568126961,-3.285,-2.92726467592995));
#4804=CARTESIAN_POINT('',(2.33441568126961,-3.685,-2.92726467592995));
#4805=CARTESIAN_POINT('',(2.33441568126961,-4.,-2.92726467592995));
#4806=CARTESIAN_POINT('',(2.33441568126961,-3.685,-2.92726467592995));
#4807=CARTESIAN_POINT('',(5.46847993959101,-3.68500000000001,-6.85725695155127));
#4808=CARTESIAN_POINT('',(5.46847993959101,-4.00000000000001,-6.85725695155127));
#4809=CARTESIAN_POINT('',(5.46847993959101,-3.28500000000001,-6.85725695155127));
#4810=CARTESIAN_POINT('',(7.16998954453847,0.,-5.7178758603345));
#4811=CARTESIAN_POINT('',(7.16998954453847,3.285,-5.7178758603345));
#4812=CARTESIAN_POINT('',(7.4162664615159,3.285,-5.91427514792));
#4813=CARTESIAN_POINT('',(7.16998954453847,-3.28500000000001,-5.7178758603345));
#4814=CARTESIAN_POINT('',(7.4162664615159,-3.28500000000001,-5.91427514792));
#4815=CARTESIAN_POINT('',(6.85725695155126,3.285,-5.46847993959101));
#4816=CARTESIAN_POINT('',(6.85725695155126,3.685,-5.46847993959101));
#4817=CARTESIAN_POINT('',(6.85725695155126,4.,-5.46847993959101));
#4818=CARTESIAN_POINT('',(6.49548956282259,3.685,-5.17998007411441));
#4819=CARTESIAN_POINT('',(2.92726467592996,3.68500000000001,-2.33441568126961));
#4820=CARTESIAN_POINT('',(2.92726467592996,4.00000000000001,-2.33441568126962));
#4821=CARTESIAN_POINT('',(2.92726467592995,3.28500000000001,-2.33441568126961));
#4822=CARTESIAN_POINT('',(2.61453208294274,3.28500000000001,-2.08501976052612));
#4823=CARTESIAN_POINT('',(2.36825516596531,3.28500000000001,-1.88862047294062));
#4824=CARTESIAN_POINT('',(2.61453208294274,3.28500000000001,-2.08501976052612));
#4825=CARTESIAN_POINT('',(2.61453208294274,-3.285,-2.08501976052612));
#4826=CARTESIAN_POINT('',(2.36825516596531,-3.285,-1.88862047294062));
#4827=CARTESIAN_POINT('',(2.92726467592995,-3.285,-2.33441568126961));
#4828=CARTESIAN_POINT('',(2.92726467592995,-3.685,-2.33441568126961));
#4829=CARTESIAN_POINT('',(2.92726467592995,-4.,-2.33441568126961));
#4830=CARTESIAN_POINT('',(2.92726467592995,-3.685,-2.33441568126961));
#4831=CARTESIAN_POINT('',(6.85725695155126,-3.68500000000001,-5.46847993959101));
#4832=CARTESIAN_POINT('',(6.85725695155126,-4.00000000000001,-5.46847993959101));
#4833=CARTESIAN_POINT('',(6.85725695155126,-3.28500000000001,-5.46847993959101));
#4834=CARTESIAN_POINT('',(8.94083072090697,0.,-2.040686267674));
#4835=CARTESIAN_POINT('',(8.94083072090697,3.285,-2.040686267674));
#4836=CARTESIAN_POINT('',(9.24793301324424,3.285,-2.11078036187024));
#4837=CARTESIAN_POINT('',(8.94083072090697,-3.28500000000001,-2.040686267674));
#4838=CARTESIAN_POINT('',(9.24793301324424,-3.28500000000001,-2.11078036187024));
#4839=CARTESIAN_POINT('',(8.55085955603424,3.285,-1.95167789409147));
#4840=CARTESIAN_POINT('',(8.55085955603424,3.685,-1.95167789409147));
#4841=CARTESIAN_POINT('',(8.55085955603424,4.,-1.95167789409147));
#4842=CARTESIAN_POINT('',(8.09974300099945,3.685,-1.84871348421542));
#4843=CARTESIAN_POINT('',(3.65023934556728,3.68500000000001,-0.833143310587903));
#4844=CARTESIAN_POINT('',(3.65023934556728,4.00000000000001,-0.833143310587903));
#4845=CARTESIAN_POINT('',(3.65023934556727,3.28500000000001,-0.833143310587903));
#4846=CARTESIAN_POINT('',(3.26026818069455,3.28500000000001,-0.744134937005377));
#4847=CARTESIAN_POINT('',(2.95316588835727,3.28500000000001,-0.674040842809138));
#4848=CARTESIAN_POINT('',(3.26026818069455,3.28500000000001,-0.744134937005377));
#4849=CARTESIAN_POINT('',(3.26026818069454,-3.285,-0.744134937005377));
#4850=CARTESIAN_POINT('',(2.95316588835727,-3.285,-0.674040842809138));
#4851=CARTESIAN_POINT('',(3.65023934556727,-3.285,-0.833143310587903));
#4852=CARTESIAN_POINT('',(3.65023934556727,-3.685,-0.833143310587903));
#4853=CARTESIAN_POINT('',(3.65023934556727,-4.,-0.833143310587903));
#4854=CARTESIAN_POINT('',(3.65023934556727,-3.685,-0.833143310587903));
#4855=CARTESIAN_POINT('',(8.55085955603424,-3.68500000000001,-1.95167789409147));
#4856=CARTESIAN_POINT('',(8.55085955603424,-4.00000000000001,-1.95167789409147));
#4857=CARTESIAN_POINT('',(8.55085955603424,-3.28500000000001,-1.95167789409147));
#4858=MECHANICAL_DESIGN_GEOMETRIC_PRESENTATION_REPRESENTATION('',(#2537,
#2538,#2539,#2540,#2541,#2542,#2543,#2544,#2545,#2546,#2547,#2548,#2549,
#2550,#2551,#2552,#2553,#2554,#2555,#2556,#2557,#2558,#2559,#2560,#2561,
#2562,#2563,#2564,#2565,#2566,#2567,#2568,#2569,#2570,#2571),#4859);
#4859=(
GEOMETRIC_REPRESENTATION_CONTEXT(3)
GLOBAL_UNCERTAINTY_ASSIGNED_CONTEXT((#4860))
GLOBAL_UNIT_ASSIGNED_CONTEXT((#4863,#4862,#4861))
REPRESENTATION_CONTEXT('DPO-3.0-33','TOP_LEVEL_ASSEMBLY_PART')
);
#4860=UNCERTAINTY_MEASURE_WITH_UNIT(LENGTH_MEASURE(0.005),#4863,
'DISTANCE_ACCURACY_VALUE','Maximum Tolerance applied to model');
#4861=(
NAMED_UNIT(*)
SI_UNIT($,.STERADIAN.)
SOLID_ANGLE_UNIT()
);
#4862=(
NAMED_UNIT(*)
PLANE_ANGLE_UNIT()
SI_UNIT($,.RADIAN.)
);
#4863=(
LENGTH_UNIT()
NAMED_UNIT(*)
SI_UNIT(.MILLI.,.METRE.)
);
#4864=PRODUCT_DEFINITION_SHAPE('','',#4865);
#4865=PRODUCT_DEFINITION('','',#4867,#4866);
#4866=PRODUCT_DEFINITION_CONTEXT('',#4873,'design');
#4867=PRODUCT_DEFINITION_FORMATION_WITH_SPECIFIED_SOURCE('','',#4869,
 .NOT_KNOWN.);
#4868=PRODUCT_RELATED_PRODUCT_CATEGORY('','',(#4869));
#4869=PRODUCT('DPO-3.0-33','DPO-3.0-33','DPO-3.0-33',(#4871));
#4870=PRODUCT_CATEGORY('','');
#4871=PRODUCT_CONTEXT('',#4873,'mechanical');
#4872=APPLICATION_PROTOCOL_DEFINITION('international standard',
'automotive_design',2010,#4873);
#4873=APPLICATION_CONTEXT(
'core data for automotive mechanical design processes');
ENDSEC;
END-ISO-10303-21;
