ISO-10303-21;
HEADER;
FILE_DESCRIPTION (( 'STEP AP214' ),
    '1' );
FILE_NAME ('RAD-DY-GF3.STEP',
    '2026-02-07T11:45:39',
    ( '' ),
    ( '' ),
    'SwSTEP 2.0',
    'SolidWorks 2024',
    '' );
FILE_SCHEMA (( 'AUTOMOTIVE_DESIGN' ));
ENDSEC;

DATA;
#1 = ORIENTED_EDGE ( 'NONE', *, *, #2145, .F. ) ;
#2 =( NAMED_UNIT ( * ) PLANE_ANGLE_UNIT ( ) SI_UNIT ( $, .RADIAN. ) );
#3 = PRESENTATION_STYLE_ASSIGNMENT (( #1723 ) ) ;
#4 = MECHANICAL_DESIGN_GEOMETRIC_PRESENTATION_REPRESENTATION (  '', ( #435 ), #1225 ) ;
#5 = UNCERTAINTY_MEASURE_WITH_UNIT (LENGTH_MEASURE( 1.000000000000000082E-05 ), #2164, 'distance_accuracy_value', 'NONE');
#6 = SURFACE_SIDE_STYLE ('',( #1699 ) ) ;
#7 = VERTEX_POINT ( 'NONE', #487 ) ;
#8 = VECTOR ( 'NONE', #1555, 1000.000000000000000 ) ;
#9 = LINE ( 'NONE', #1526, #275 ) ;
#10 = CARTESIAN_POINT ( 'NONE',  ( 13.89900000000000624, 13.49999999999999822, 0.000000000000000000 ) ) ;
#11 = CARTESIAN_POINT ( 'NONE',  ( 2.779000000000002135, 12.40099999999999980, 30.00000000000000000 ) ) ;
#12 = CARTESIAN_POINT ( 'NONE',  ( 2.779000000000002135, 13.50000000000000000, 0.000000000000000000 ) ) ;
#13 = VERTEX_POINT ( 'NONE', #878 ) ;
#14 =( LENGTH_UNIT ( ) NAMED_UNIT ( * ) SI_UNIT ( .MILLI., .METRE. ) );
#15 = DIRECTION ( 'NONE',  ( 0.000000000000000000, 0.000000000000000000, 1.000000000000000000 ) ) ;
#16 = FACE_OUTER_BOUND ( 'NONE', #488, .T. ) ;
#17 = VERTEX_POINT ( 'NONE', #2338 ) ;
#18 = DIRECTION ( 'NONE',  ( -1.000000000000000000, 0.000000000000000000, 0.000000000000000000 ) ) ;
#19 = CARTESIAN_POINT ( 'NONE',  ( 15.00000000000000711, 12.40099999999999980, 0.000000000000000000 ) ) ;
#20 = CARTESIAN_POINT ( 'NONE',  ( 7.240000000000005542, 1.500000000000000000, 30.00000000000000000 ) ) ;
#21 = EDGE_CURVE ( 'NONE', #981, #1715, #782, .T. ) ;
#22 = ORIENTED_EDGE ( 'NONE', *, *, #618, .F. ) ;
#23 = LINE ( 'NONE', #1374, #1597 ) ;
#24 = PRESENTATION_LAYER_ASSIGNMENT (  '', '', ( #2220 ) ) ;
#25 = UNCERTAINTY_MEASURE_WITH_UNIT (LENGTH_MEASURE( 1.000000000000000082E-05 ), #2284, 'distance_accuracy_value', 'NONE');
#26 = DIRECTION ( 'NONE',  ( 0.000000000000000000, 0.000000000000000000, 1.000000000000000000 ) ) ;
#27 = AXIS2_PLACEMENT_3D ( 'NONE', #2104, #1149, #227 ) ;
#28 = EDGE_CURVE ( 'NONE', #484, #1828, #868, .T. ) ;
#29 = ADVANCED_BREP_SHAPE_REPRESENTATION ( 'RAD-DY-GF3', ( #1717, #133, #110, #285 ), #2015 ) ;
#30 = ORIENTED_EDGE ( 'NONE', *, *, #1891, .T. ) ;
#31 = AXIS2_PLACEMENT_3D ( 'NONE', #1082, #1834, #1667 ) ;
#32 = LINE ( 'NONE', #785, #629 ) ;
#33 = LINE ( 'NONE', #12, #1815 ) ;
#34 = VERTEX_POINT ( 'NONE', #101 ) ;
#35 =( NAMED_UNIT ( * ) SI_UNIT ( $, .STERADIAN. ) SOLID_ANGLE_UNIT ( ) );
#36 = AXIS2_PLACEMENT_3D ( 'NONE', #221, #2254, #1347 ) ;
#37 = LINE ( 'NONE', #779, #1957 ) ;
#38 = CIRCLE ( 'NONE', #121, 1.098999999999998423 ) ;
#39 = FILL_AREA_STYLE_COLOUR ( '', #842 ) ;
#40 = COLOUR_RGB ( '',0.1098039215686274495, 0.1098039215686274495, 0.1098039215686274495 ) ;
#41 = VERTEX_POINT ( 'NONE', #2211 ) ;
#42 = EDGE_CURVE ( 'NONE', #214, #2208, #2242, .T. ) ;
#43 = VECTOR ( 'NONE', #1652, 1000.000000000000000 ) ;
#44 = DIRECTION ( 'NONE',  ( 0.000000000000000000, 0.000000000000000000, 1.000000000000000000 ) ) ;
#45 = FILL_AREA_STYLE ('',( #1382 ) ) ;
#46 = LINE ( 'NONE', #236, #1186 ) ;
#47 = ORIENTED_EDGE ( 'NONE', *, *, #1495, .F. ) ;
#48 = FILL_AREA_STYLE_COLOUR ( '', #1213 ) ;
#49 = DIRECTION ( 'NONE',  ( 1.000000000000000000, 0.000000000000000000, 0.000000000000000000 ) ) ;
#50 = UNCERTAINTY_MEASURE_WITH_UNIT (LENGTH_MEASURE( 1.000000000000000082E-05 ), #1258, 'distance_accuracy_value', 'NONE');
#51 = SURFACE_STYLE_USAGE ( .BOTH. , #1375 ) ;
#52 = MECHANICAL_DESIGN_GEOMETRIC_PRESENTATION_REPRESENTATION (  '', ( #1553 ), #727 ) ;
#53 = PRESENTATION_STYLE_ASSIGNMENT (( #1548 ) ) ;
#54 = ORIENTED_EDGE ( 'NONE', *, *, #1195, .F. ) ;
#55 = DIRECTION ( 'NONE',  ( -1.591343432691319046E-16, 1.000000000000000000, 0.000000000000000000 ) ) ;
#56 = PRESENTATION_STYLE_ASSIGNMENT (( #1574 ) ) ;
#57 =( LENGTH_UNIT ( ) NAMED_UNIT ( * ) SI_UNIT ( .MILLI., .METRE. ) );
#58 =( LENGTH_UNIT ( ) NAMED_UNIT ( * ) SI_UNIT ( .MILLI., .METRE. ) );
#59 = EDGE_CURVE ( 'NONE', #2018, #1547, #2037, .T. ) ;
#60 = ORIENTED_EDGE ( 'NONE', *, *, #1810, .F. ) ;
#61 = CARTESIAN_POINT ( 'NONE',  ( -13.90099999999999802, 13.49999999999999822, 30.00000000000000000 ) ) ;
#62 = CARTESIAN_POINT ( 'NONE',  ( 1.680000000000004379, 12.40099999999999980, 30.00000000000000000 ) ) ;
#63 = PRESENTATION_STYLE_ASSIGNMENT (( #278 ) ) ;
#64 = PRESENTATION_LAYER_ASSIGNMENT (  '', '', ( #2421 ) ) ;
#65 = ORIENTED_EDGE ( 'NONE', *, *, #2202, .F. ) ;
#66 =( GEOMETRIC_REPRESENTATION_CONTEXT ( 3 ) GLOBAL_UNCERTAINTY_ASSIGNED_CONTEXT ( ( #50 ) ) GLOBAL_UNIT_ASSIGNED_CONTEXT ( ( #1258, #692, #1672 ) ) REPRESENTATION_CONTEXT ( 'NONE', 'WORKASPACE' ) );
#67 = SURFACE_SIDE_STYLE ('',( #1379 ) ) ;
#68 = FILL_AREA_STYLE ('',( #261 ) ) ;
#69 = CLOSED_SHELL ( 'NONE', ( #715, #210, #1724, #183 ) ) ;
#70 = ORIENTED_EDGE ( 'NONE', *, *, #59, .T. ) ;
#71 = FILL_AREA_STYLE ('',( #48 ) ) ;
#72 = DIRECTION ( 'NONE',  ( -1.591343432691319046E-16, 1.000000000000000000, 0.000000000000000000 ) ) ;
#73 = EDGE_CURVE ( 'NONE', #2174, #1481, #1808, .T. ) ;
#74 = UNCERTAINTY_MEASURE_WITH_UNIT (LENGTH_MEASURE( 1.000000000000000082E-05 ), #491, 'distance_accuracy_value', 'NONE');
#75 = SURFACE_STYLE_FILL_AREA ( #1986 ) ;
#76 = STYLED_ITEM ( 'NONE', ( #2297 ), #1370 ) ;
#77 = PRESENTATION_LAYER_ASSIGNMENT (  '', '', ( #955 ) ) ;
#78 =( GEOMETRIC_REPRESENTATION_CONTEXT ( 3 ) GLOBAL_UNCERTAINTY_ASSIGNED_CONTEXT ( ( #2259 ) ) GLOBAL_UNIT_ASSIGNED_CONTEXT ( ( #2414, #496, #1242 ) ) REPRESENTATION_CONTEXT ( 'NONE', 'WORKASPACE' ) );
#79 = VERTEX_POINT ( 'NONE', #1639 ) ;
#80 = CARTESIAN_POINT ( 'NONE',  ( -2.778999999999995030, 13.50000000000000000, 0.000000000000000000 ) ) ;
#81 = CARTESIAN_POINT ( 'NONE',  ( 11.09999999999999964, 0.7275480734413597439, 40.00000000000000000 ) ) ;
#82 = STYLED_ITEM ( 'NONE', ( #1184 ), #2079 ) ;
#83 = MECHANICAL_DESIGN_GEOMETRIC_PRESENTATION_REPRESENTATION (  '', ( #1425 ), #675 ) ;
#84 = DIRECTION ( 'NONE',  ( 0.000000000000000000, 0.000000000000000000, 1.000000000000000000 ) ) ;
#85 = DIRECTION ( 'NONE',  ( 1.000000000000000000, 1.591343432691319046E-16, -0.000000000000000000 ) ) ;
#86 = ORIENTED_EDGE ( 'NONE', *, *, #1300, .F. ) ;
#87 = FILL_AREA_STYLE_COLOUR ( '', #104 ) ;
#88 = FILL_AREA_STYLE_COLOUR ( '', #2253 ) ;
#89 = ORIENTED_EDGE ( 'NONE', *, *, #1676, .T. ) ;
#90 = CARTESIAN_POINT ( 'NONE',  ( 13.89900000000000624, 12.40099999999999980, 30.00000000000000000 ) ) ;
#91 = AXIS2_PLACEMENT_3D ( 'NONE', #1483, #2339, #179 ) ;
#92 = CARTESIAN_POINT ( 'NONE',  ( -8.338999999999995083, 13.50000000000000000, 0.000000000000000000 ) ) ;
#93 = CARTESIAN_POINT ( 'NONE',  ( 15.00000000000000711, 12.40099999999999980, 30.00000000000000000 ) ) ;
#94 = ORIENTED_EDGE ( 'NONE', *, *, #1434, .T. ) ;
#95 =( LENGTH_UNIT ( ) NAMED_UNIT ( * ) SI_UNIT ( .MILLI., .METRE. ) );
#96 = CARTESIAN_POINT ( 'NONE',  ( -7.239999999999997549, 12.40099999999999980, 0.000000000000000000 ) ) ;
#97 = VECTOR ( 'NONE', #884, 1000.000000000000000 ) ;
#98 = UNCERTAINTY_MEASURE_WITH_UNIT (LENGTH_MEASURE( 1.000000000000000082E-05 ), #57, 'distance_accuracy_value', 'NONE');
#99 = FACE_OUTER_BOUND ( 'NONE', #882, .T. ) ;
#100 =( GEOMETRIC_REPRESENTATION_CONTEXT ( 3 ) GLOBAL_UNCERTAINTY_ASSIGNED_CONTEXT ( ( #5 ) ) GLOBAL_UNIT_ASSIGNED_CONTEXT ( ( #2164, #1188, #1938 ) ) REPRESENTATION_CONTEXT ( 'NONE', 'WORKASPACE' ) );
#101 = CARTESIAN_POINT ( 'NONE',  ( -3.879999999999996341, 0.5000000000000000000, 30.00000000000000000 ) ) ;
#102 = DIRECTION ( 'NONE',  ( 1.000000000000000000, 0.000000000000000000, -0.000000000000000000 ) ) ;
#103 = EDGE_CURVE ( 'NONE', #2068, #34, #2054, .T. ) ;
#104 = COLOUR_RGB ( '',0.1098039215686274495, 0.1098039215686274495, 0.1098039215686274495 ) ;
#105 = CARTESIAN_POINT ( 'NONE',  ( -14.99999999999999822, -1.500000000000000000, 30.00000000000000000 ) ) ;
#106 = PRESENTATION_LAYER_ASSIGNMENT (  '', '', ( #982 ) ) ;
#107 = ORIENTED_EDGE ( 'NONE', *, *, #2381, .T. ) ;
#108 = SURFACE_SIDE_STYLE ('',( #332 ) ) ;
#109 =( LENGTH_UNIT ( ) NAMED_UNIT ( * ) SI_UNIT ( .MILLI., .METRE. ) );
#110 = MANIFOLD_SOLID_BREP ( 'Boss-Extrude3[2]', #69 ) ;
#111 = ORIENTED_EDGE ( 'NONE', *, *, #1524, .T. ) ;
#112 = LINE ( 'NONE', #2224, #43 ) ;
#113 = PRESENTATION_LAYER_ASSIGNMENT (  '', '', ( #2233 ) ) ;
#114 = VECTOR ( 'NONE', #1269, 1000.000000000000000 ) ;
#115 = ORIENTED_EDGE ( 'NONE', *, *, #2113, .T. ) ;
#116 = EDGE_CURVE ( 'NONE', #1754, #1286, #731, .T. ) ;
#117 = DIRECTION ( 'NONE',  ( 0.000000000000000000, 0.000000000000000000, 1.000000000000000000 ) ) ;
#118 = VECTOR ( 'NONE', #2159, 1000.000000000000000 ) ;
#119 = EDGE_CURVE ( 'NONE', #268, #2021, #314, .T. ) ;
#120 = FILL_AREA_STYLE ('',( #880 ) ) ;
#121 = AXIS2_PLACEMENT_3D ( 'NONE', #1508, #1893, #419 ) ;
#122 = PRESENTATION_LAYER_ASSIGNMENT (  '', '', ( #1425 ) ) ;
#123 = ORIENTED_EDGE ( 'NONE', *, *, #2191, .F. ) ;
#124 = DIRECTION ( 'NONE',  ( 0.000000000000000000, 0.000000000000000000, 1.000000000000000000 ) ) ;
#125 = CYLINDRICAL_SURFACE ( 'NONE', #1460, 0.6999999999999992895 ) ;
#126 = ORIENTED_EDGE ( 'NONE', *, *, #1034, .F. ) ;
#127 =( NAMED_UNIT ( * ) PLANE_ANGLE_UNIT ( ) SI_UNIT ( $, .RADIAN. ) );
#128 = SURFACE_SIDE_STYLE ('',( #1462 ) ) ;
#129 = PLANE ( 'NONE',  #1774 ) ;
#130 = EDGE_CURVE ( 'NONE', #760, #1754, #1501, .T. ) ;
#131 = PRODUCT_CONTEXT ( 'NONE', #2203, 'mechanical' ) ;
#132 =( LENGTH_UNIT ( ) NAMED_UNIT ( * ) SI_UNIT ( .MILLI., .METRE. ) );
#133 = MANIFOLD_SOLID_BREP ( 'Boss-Extrude3[1]', #1451 ) ;
#134 = ORIENTED_EDGE ( 'NONE', *, *, #1061, .T. ) ;
#135 =( NAMED_UNIT ( * ) PLANE_ANGLE_UNIT ( ) SI_UNIT ( $, .RADIAN. ) );
#136 = CARTESIAN_POINT ( 'NONE',  ( -11.79999999999999361, 6.776765385805619601, 30.00000000000000000 ) ) ;
#137 =( LENGTH_UNIT ( ) NAMED_UNIT ( * ) SI_UNIT ( .MILLI., .METRE. ) );
#138 = ADVANCED_FACE ( 'NONE', ( #2377 ), #511, .T. ) ;
#139 = VERTEX_POINT ( 'NONE', #2260 ) ;
#140 = SURFACE_STYLE_FILL_AREA ( #2035 ) ;
#141 = DIRECTION ( 'NONE',  ( -1.591343432691319046E-16, -1.000000000000000000, -0.000000000000000000 ) ) ;
#142 = SURFACE_STYLE_FILL_AREA ( #1832 ) ;
#143 = LINE ( 'NONE', #2393, #512 ) ;
#144 = DIRECTION ( 'NONE',  ( 0.000000000000000000, 0.000000000000000000, 1.000000000000000000 ) ) ;
#145 = CARTESIAN_POINT ( 'NONE',  ( -10.39999999999999858, 1.500000000000000444, 0.000000000000000000 ) ) ;
#146 = DIRECTION ( 'NONE',  ( 1.000000000000000000, 0.000000000000000000, 0.000000000000000000 ) ) ;
#147 = PRESENTATION_LAYER_ASSIGNMENT (  '', '', ( #900 ) ) ;
#148 = VERTEX_POINT ( 'NONE', #1176 ) ;
#149 = SURFACE_STYLE_FILL_AREA ( #1468 ) ;
#150 = DIRECTION ( 'NONE',  ( 0.000000000000000000, 0.000000000000000000, 1.000000000000000000 ) ) ;
#151 = STYLED_ITEM ( 'NONE', ( #1302 ), #362 ) ;
#152 = ORIENTED_EDGE ( 'NONE', *, *, #961, .F. ) ;
#153 = CARTESIAN_POINT ( 'NONE',  ( -10.39999999999999858, 0.7275480734413668493, 0.000000000000000000 ) ) ;
#154 = EDGE_CURVE ( 'NONE', #1632, #1683, #795, .T. ) ;
#155 =( LENGTH_UNIT ( ) NAMED_UNIT ( * ) SI_UNIT ( .MILLI., .METRE. ) );
#156 =( NAMED_UNIT ( * ) PLANE_ANGLE_UNIT ( ) SI_UNIT ( $, .RADIAN. ) );
#157 = SURFACE_SIDE_STYLE ('',( #142 ) ) ;
#158 =( NAMED_UNIT ( * ) PLANE_ANGLE_UNIT ( ) SI_UNIT ( $, .RADIAN. ) );
#159 = VECTOR ( 'NONE', #1843, 1000.000000000000000 ) ;
#160 = DIRECTION ( 'NONE',  ( -1.591343432691319046E-16, 1.000000000000000000, 0.000000000000000000 ) ) ;
#161 = VECTOR ( 'NONE', #280, 1000.000000000000000 ) ;
#162 = VERTEX_POINT ( 'NONE', #985 ) ;
#163 = VECTOR ( 'NONE', #1139, 1000.000000000000000 ) ;
#164 = CARTESIAN_POINT ( 'NONE',  ( 1.680000000000002602, 1.500000000000000000, 0.000000000000000000 ) ) ;
#165 = PRESENTATION_STYLE_ASSIGNMENT (( #1869 ) ) ;
#166 = VECTOR ( 'NONE', #2185, 1000.000000000000000 ) ;
#167 = ORIENTED_EDGE ( 'NONE', *, *, #1342, .F. ) ;
#168 = SURFACE_SIDE_STYLE ('',( #563 ) ) ;
#169 = STYLED_ITEM ( 'NONE', ( #53 ), #2236 ) ;
#170 = DIRECTION ( 'NONE',  ( 0.000000000000000000, 0.000000000000000000, 1.000000000000000000 ) ) ;
#171 = ORIENTED_EDGE ( 'NONE', *, *, #800, .F. ) ;
#172 = EDGE_CURVE ( 'NONE', #1743, #17, #37, .T. ) ;
#173 = SURFACE_STYLE_USAGE ( .BOTH. , #1466 ) ;
#174 = LINE ( 'NONE', #1489, #2392 ) ;
#175 = PRESENTATION_STYLE_ASSIGNMENT (( #1902 ) ) ;
#176 = ORIENTED_EDGE ( 'NONE', *, *, #1464, .T. ) ;
#177 = VERTEX_POINT ( 'NONE', #218 ) ;
#178 = FACE_OUTER_BOUND ( 'NONE', #371, .T. ) ;
#179 = DIRECTION ( 'NONE',  ( 1.000000000000000000, 0.000000000000000000, 0.000000000000000000 ) ) ;
#180 =( NAMED_UNIT ( * ) PLANE_ANGLE_UNIT ( ) SI_UNIT ( $, .RADIAN. ) );
#181 = ORIENTED_EDGE ( 'NONE', *, *, #2390, .F. ) ;
#182 = CARTESIAN_POINT ( 'NONE',  ( -14.99999999999999822, 1.500000000000000000, 0.000000000000000000 ) ) ;
#183 = ADVANCED_FACE ( 'NONE', ( #1560 ), #193, .T. ) ;
#184 = MECHANICAL_DESIGN_GEOMETRIC_PRESENTATION_REPRESENTATION (  '', ( #2257 ), #1403 ) ;
#185 = CARTESIAN_POINT ( 'NONE',  ( 12.80000000000000782, 1.500000000000000000, 0.000000000000000000 ) ) ;
#186 = DIRECTION ( 'NONE',  ( 0.000000000000000000, 0.000000000000000000, 1.000000000000000000 ) ) ;
#187 = LINE ( 'NONE', #2429, #2274 ) ;
#188 = ORIENTED_EDGE ( 'NONE', *, *, #1235, .T. ) ;
#189 = AXIS2_PLACEMENT_3D ( 'NONE', #1841, #1246, #1482 ) ;
#190 = SURFACE_STYLE_USAGE ( .BOTH. , #1880 ) ;
#191 = SURFACE_SIDE_STYLE ('',( #1696 ) ) ;
#192 =( GEOMETRIC_REPRESENTATION_CONTEXT ( 3 ) GLOBAL_UNCERTAINTY_ASSIGNED_CONTEXT ( ( #2118 ) ) GLOBAL_UNIT_ASSIGNED_CONTEXT ( ( #2360, #700, #1454 ) ) REPRESENTATION_CONTEXT ( 'NONE', 'WORKASPACE' ) );
#193 = PLANE ( 'NONE',  #1020 ) ;
#194 = ORIENTED_EDGE ( 'NONE', *, *, #2198, .F. ) ;
#195 = PRESENTATION_LAYER_ASSIGNMENT (  '', '', ( #1251 ) ) ;
#196 = FILL_AREA_STYLE_COLOUR ( '', #984 ) ;
#197 = LINE ( 'NONE', #1166, #2237 ) ;
#198 = ADVANCED_FACE ( 'NONE', ( #16 ), #952, .T. ) ;
#199 = VECTOR ( 'NONE', #525, 1000.000000000000000 ) ;
#200 = DIRECTION ( 'NONE',  ( 0.000000000000000000, -0.000000000000000000, 1.000000000000000000 ) ) ;
#201 = CARTESIAN_POINT ( 'NONE',  ( -2.780999999999997030, 13.49999999999999822, 0.000000000000000000 ) ) ;
#202 = AXIS2_PLACEMENT_3D ( 'NONE', #334, #2386, #1255 ) ;
#203 = ORIENTED_EDGE ( 'NONE', *, *, #28, .T. ) ;
#204 =( NAMED_UNIT ( * ) PLANE_ANGLE_UNIT ( ) SI_UNIT ( $, .RADIAN. ) );
#205 = VECTOR ( 'NONE', #2394, 1000.000000000000000 ) ;
#206 = VECTOR ( 'NONE', #361, 1000.000000000000000 ) ;
#207 = UNCERTAINTY_MEASURE_WITH_UNIT (LENGTH_MEASURE( 1.000000000000000082E-05 ), #2009, 'distance_accuracy_value', 'NONE');
#208 = ORIENTED_EDGE ( 'NONE', *, *, #1905, .T. ) ;
#209 = SURFACE_SIDE_STYLE ('',( #1144 ) ) ;
#210 = ADVANCED_FACE ( 'NONE', ( #1910 ), #2130, .T. ) ;
#211 = CARTESIAN_POINT ( 'NONE',  ( 15.00000000000000711, 12.40099999999999980, 0.000000000000000000 ) ) ;
#212 = LINE ( 'NONE', #2080, #622 ) ;
#213 = DIRECTION ( 'NONE',  ( 0.000000000000000000, 0.000000000000000000, -1.000000000000000000 ) ) ;
#214 = VERTEX_POINT ( 'NONE', #1585 ) ;
#215 = DIRECTION ( 'NONE',  ( 0.000000000000000000, 1.000000000000000000, 0.000000000000000000 ) ) ;
#216 = EDGE_CURVE ( 'NONE', #139, #1153, #1057, .T. ) ;
#217 = AXIS2_PLACEMENT_3D ( 'NONE', #1710, #2097, #1925 ) ;
#218 = CARTESIAN_POINT ( 'NONE',  ( 9.440000000000004832, 12.40099999999999980, 0.000000000000000000 ) ) ;
#219 = DIRECTION ( 'NONE',  ( 1.000000000000000000, 0.000000000000000000, 0.000000000000000000 ) ) ;
#220 = ORIENTED_EDGE ( 'NONE', *, *, #216, .T. ) ;
#221 = CARTESIAN_POINT ( 'NONE',  ( 0.000000000000000000, 0.000000000000000000, 30.00000000000000000 ) ) ;
#222 = SURFACE_STYLE_USAGE ( .BOTH. , #2246 ) ;
#223 = PRESENTATION_LAYER_ASSIGNMENT (  '', '', ( #300 ) ) ;
#224 = CARTESIAN_POINT ( 'NONE',  ( -12.79999999999999716, 1.500000000000000000, 0.000000000000000000 ) ) ;
#225 = CARTESIAN_POINT ( 'NONE',  ( -2.778999999999995030, 13.50000000000000000, 30.00000000000000000 ) ) ;
#226 = ORIENTED_EDGE ( 'NONE', *, *, #1063, .F. ) ;
#227 = DIRECTION ( 'NONE',  ( 0.000000000000000000, -0.000000000000000000, 1.000000000000000000 ) ) ;
#228 = PRESENTATION_LAYER_ASSIGNMENT (  '', '', ( #1484 ) ) ;
#229 = ADVANCED_FACE ( 'NONE', ( #99 ), #1789, .T. ) ;
#230 = UNCERTAINTY_MEASURE_WITH_UNIT (LENGTH_MEASURE( 1.000000000000000082E-05 ), #137, 'distance_accuracy_value', 'NONE');
#231 = SURFACE_SIDE_STYLE ('',( #1952 ) ) ;
#232 = AXIS2_PLACEMENT_3D ( 'NONE', #294, #1018, #1766 ) ;
#233 = EDGE_CURVE ( 'NONE', #484, #1785, #486, .T. ) ;
#234 = ORIENTED_EDGE ( 'NONE', *, *, #2328, .T. ) ;
#235 = FACE_OUTER_BOUND ( 'NONE', #1960, .T. ) ;
#236 = CARTESIAN_POINT ( 'NONE',  ( 9.440000000000004832, 1.500000000000000000, 0.000000000000000000 ) ) ;
#237 = ORIENTED_EDGE ( 'NONE', *, *, #914, .T. ) ;
#238 = DIRECTION ( 'NONE',  ( 0.000000000000000000, -1.000000000000000000, 0.000000000000000000 ) ) ;
#239 = VECTOR ( 'NONE', #2288, 1000.000000000000000 ) ;
#240 = FILL_AREA_STYLE ('',( #1162 ) ) ;
#241 =( GEOMETRIC_REPRESENTATION_CONTEXT ( 3 ) GLOBAL_UNCERTAINTY_ASSIGNED_CONTEXT ( ( #1191 ) ) GLOBAL_UNIT_ASSIGNED_CONTEXT ( ( #507, #936, #1270 ) ) REPRESENTATION_CONTEXT ( 'NONE', 'WORKASPACE' ) );
#242 = FACE_OUTER_BOUND ( 'NONE', #1053, .T. ) ;
#243 = MECHANICAL_DESIGN_GEOMETRIC_PRESENTATION_REPRESENTATION (  '', ( #1388 ), #1544 ) ;
#244 = VERTEX_POINT ( 'NONE', #862 ) ;
#245 = DIRECTION ( 'NONE',  ( 0.000000000000000000, -0.000000000000000000, -1.000000000000000000 ) ) ;
#246 = PRESENTATION_LAYER_ASSIGNMENT (  '', '', ( #1310 ) ) ;
#247 = CARTESIAN_POINT ( 'NONE',  ( 2.779000000000002135, 12.40099999999999980, 0.000000000000000000 ) ) ;
#248 = FILL_AREA_STYLE_COLOUR ( '', #1345 ) ;
#249 = EDGE_LOOP ( 'NONE', ( #1558, #237, #1571, #886 ) ) ;
#250 =( NAMED_UNIT ( * ) PLANE_ANGLE_UNIT ( ) SI_UNIT ( $, .RADIAN. ) );
#251 = UNCERTAINTY_MEASURE_WITH_UNIT (LENGTH_MEASURE( 1.000000000000000082E-05 ), #432, 'distance_accuracy_value', 'NONE');
#252 = SURFACE_SIDE_STYLE ('',( #75 ) ) ;
#253 = CARTESIAN_POINT ( 'NONE',  ( 9.440000000000004832, 12.40099999999999980, 30.00000000000000000 ) ) ;
#254 = STYLED_ITEM ( 'NONE', ( #2024 ), #1102 ) ;
#255 = EDGE_LOOP ( 'NONE', ( #745, #1836, #908, #1458 ) ) ;
#256 = DIRECTION ( 'NONE',  ( -1.000000000000000000, 0.000000000000000000, 0.000000000000000000 ) ) ;
#257 = CARTESIAN_POINT ( 'NONE',  ( 13.90100000000000868, 13.50000000000000000, 0.000000000000000000 ) ) ;
#258 = ADVANCED_FACE ( 'NONE', ( #1234 ), #633, .T. ) ;
#259 = VECTOR ( 'NONE', #2187, 1000.000000000000000 ) ;
#260 =( NAMED_UNIT ( * ) SI_UNIT ( $, .STERADIAN. ) SOLID_ANGLE_UNIT ( ) );
#261 = FILL_AREA_STYLE_COLOUR ( '', #2014 ) ;
#262 = ORIENTED_EDGE ( 'NONE', *, *, #1423, .F. ) ;
#263 = PLANE ( 'NONE',  #366 ) ;
#264 = MECHANICAL_DESIGN_GEOMETRIC_PRESENTATION_REPRESENTATION (  '', ( #300 ), #100 ) ;
#265 = SURFACE_SIDE_STYLE ('',( #276 ) ) ;
#266 = DIRECTION ( 'NONE',  ( -1.591343432691319046E-16, 1.000000000000000000, 0.000000000000000000 ) ) ;
#267 = VECTOR ( 'NONE', #26, 1000.000000000000000 ) ;
#268 = VERTEX_POINT ( 'NONE', #838 ) ;
#269 = STYLED_ITEM ( 'NONE', ( #1972 ), #409 ) ;
#270 = CARTESIAN_POINT ( 'NONE',  ( -3.879999999999994564, 12.40099999999999980, 0.000000000000000000 ) ) ;
#271 = LINE ( 'NONE', #1416, #239 ) ;
#272 = CARTESIAN_POINT ( 'NONE',  ( -11.09999999999999787, 0.7275480734413672934, 19.99999999999999645 ) ) ;
#273 = FACE_OUTER_BOUND ( 'NONE', #853, .T. ) ;
#274 = VERTEX_POINT ( 'NONE', #643 ) ;
#275 = VECTOR ( 'NONE', #1332, 1000.000000000000000 ) ;
#276 = SURFACE_STYLE_FILL_AREA ( #495 ) ;
#277 = UNCERTAINTY_MEASURE_WITH_UNIT (LENGTH_MEASURE( 1.000000000000000082E-05 ), #1734, 'distance_accuracy_value', 'NONE');
#278 = SURFACE_STYLE_USAGE ( .BOTH. , #252 ) ;
#279 = ORIENTED_EDGE ( 'NONE', *, *, #2406, .T. ) ;
#280 = DIRECTION ( 'NONE',  ( 0.000000000000000000, 0.000000000000000000, 1.000000000000000000 ) ) ;
#281 =( GEOMETRIC_REPRESENTATION_CONTEXT ( 3 ) GLOBAL_UNCERTAINTY_ASSIGNED_CONTEXT ( ( #1212 ) ) GLOBAL_UNIT_ASSIGNED_CONTEXT ( ( #132, #869, #918 ) ) REPRESENTATION_CONTEXT ( 'NONE', 'WORKASPACE' ) );
#282 = STYLED_ITEM ( 'NONE', ( #1946 ), #2293 ) ;
#283 = CYLINDRICAL_SURFACE ( 'NONE', #2314, 0.6999999999999992895 ) ;
#284 = LINE ( 'NONE', #2307, #840 ) ;
#285 = AXIS2_PLACEMENT_3D ( 'NONE', #2004, #317, #2148 ) ;
#286 = VERTEX_POINT ( 'NONE', #1023 ) ;
#287 = DIRECTION ( 'NONE',  ( -1.000000000000000000, 0.000000000000000000, -0.000000000000000000 ) ) ;
#288 = CARTESIAN_POINT ( 'NONE',  ( 1.680000000000004379, 12.40099999999999980, 0.000000000000000000 ) ) ;
#289 = ADVANCED_FACE ( 'NONE', ( #1404 ), #456, .T. ) ;
#290 = DIRECTION ( 'NONE',  ( 1.000000000000000000, 0.000000000000000000, 0.000000000000000000 ) ) ;
#291 = CARTESIAN_POINT ( 'NONE',  ( 11.79999999999999893, 1.500000000000000444, 0.000000000000000000 ) ) ;
#292 = SURFACE_STYLE_FILL_AREA ( #1982 ) ;
#293 = EDGE_LOOP ( 'NONE', ( #1319, #1257, #2376, #2196 ) ) ;
#294 = CARTESIAN_POINT ( 'NONE',  ( -2.780999999999997030, 12.40099999999999980, 0.000000000000000000 ) ) ;
#295 = SURFACE_SIDE_STYLE ('',( #1985 ) ) ;
#296 = ORIENTED_EDGE ( 'NONE', *, *, #1824, .T. ) ;
#297 = UNCERTAINTY_MEASURE_WITH_UNIT (LENGTH_MEASURE( 1.000000000000000082E-05 ), #1121, 'distance_accuracy_value', 'NONE');
#298 = SURFACE_SIDE_STYLE ('',( #1035 ) ) ;
#299 = PRESENTATION_LAYER_ASSIGNMENT (  '', '', ( #690 ) ) ;
#300 = STYLED_ITEM ( 'NONE', ( #1786 ), #1207 ) ;
#301 = EDGE_CURVE ( 'NONE', #817, #1344, #1247, .T. ) ;
#302 =( GEOMETRIC_REPRESENTATION_CONTEXT ( 3 ) GLOBAL_UNCERTAINTY_ASSIGNED_CONTEXT ( ( #251 ) ) GLOBAL_UNIT_ASSIGNED_CONTEXT ( ( #432, #204, #582 ) ) REPRESENTATION_CONTEXT ( 'NONE', 'WORKASPACE' ) );
#303 = ORIENTED_EDGE ( 'NONE', *, *, #1524, .F. ) ;
#304 =( GEOMETRIC_REPRESENTATION_CONTEXT ( 3 ) GLOBAL_UNCERTAINTY_ASSIGNED_CONTEXT ( ( #1022 ) ) GLOBAL_UNIT_ASSIGNED_CONTEXT ( ( #823, #473, #1390 ) ) REPRESENTATION_CONTEXT ( 'NONE', 'WORKASPACE' ) );
#305 = PRESENTATION_LAYER_ASSIGNMENT (  '', '', ( #581 ) ) ;
#306 = DIRECTION ( 'NONE',  ( 1.000000000000000000, 0.000000000000000000, 0.000000000000000000 ) ) ;
#307 = VECTOR ( 'NONE', #2019, 1000.000000000000000 ) ;
#308 = ORIENTED_EDGE ( 'NONE', *, *, #1974, .F. ) ;
#309 = FILL_AREA_STYLE ('',( #1469 ) ) ;
#310 = COLOUR_RGB ( '',0.1098039215686274495, 0.1098039215686274495, 0.1098039215686274495 ) ;
#311 = ORIENTED_EDGE ( 'NONE', *, *, #881, .T. ) ;
#312 = PRESENTATION_STYLE_ASSIGNMENT (( #704 ) ) ;
#313 =( NAMED_UNIT ( * ) SI_UNIT ( $, .STERADIAN. ) SOLID_ANGLE_UNIT ( ) );
#314 = CIRCLE ( 'NONE', #1180, 0.6999999999999992895 ) ;
#315 = AXIS2_PLACEMENT_3D ( 'NONE', #2150, #84, #1969 ) ;
#316 = ORIENTED_EDGE ( 'NONE', *, *, #1929, .T. ) ;
#317 = DIRECTION ( 'NONE',  ( 0.000000000000000000, 0.000000000000000000, 1.000000000000000000 ) ) ;
#318 = EDGE_CURVE ( 'NONE', #274, #17, #324, .T. ) ;
#319 =( NAMED_UNIT ( * ) SI_UNIT ( $, .STERADIAN. ) SOLID_ANGLE_UNIT ( ) );
#320 = CIRCLE ( 'NONE', #997, 0.6999999999999992895 ) ;
#321 = ORIENTED_EDGE ( 'NONE', *, *, #1810, .T. ) ;
#322 = DIRECTION ( 'NONE',  ( 1.000000000000000000, 0.000000000000000000, 0.000000000000000000 ) ) ;
#323 = EDGE_LOOP ( 'NONE', ( #1984, #404, #968, #2422 ) ) ;
#324 = LINE ( 'NONE', #2388, #2423 ) ;
#325 = CARTESIAN_POINT ( 'NONE',  ( -11.09999999999999787, 0.7275480734413672934, 19.99999999999999645 ) ) ;
#326 =( NAMED_UNIT ( * ) PLANE_ANGLE_UNIT ( ) SI_UNIT ( $, .RADIAN. ) );
#327 = DIRECTION ( 'NONE',  ( 5.735365044436847242E-16, 1.000000000000000000, 0.000000000000000000 ) ) ;
#328 = DIRECTION ( 'NONE',  ( -1.591343432691319046E-16, -1.000000000000000000, -0.000000000000000000 ) ) ;
#329 = MECHANICAL_DESIGN_GEOMETRIC_PRESENTATION_REPRESENTATION (  '', ( #1437 ), #606 ) ;
#330 = ADVANCED_FACE ( 'NONE', ( #1078 ), #1830, .T. ) ;
#331 = ORIENTED_EDGE ( 'NONE', *, *, #2105, .T. ) ;
#332 = SURFACE_STYLE_FILL_AREA ( #1798 ) ;
#333 = CARTESIAN_POINT ( 'NONE',  ( -12.79999999999999893, 12.40099999999999980, 0.000000000000000000 ) ) ;
#334 = CARTESIAN_POINT ( 'NONE',  ( -14.99999999999999822, 1.500000000000000000, 30.00000000000000000 ) ) ;
#335 = VERTEX_POINT ( 'NONE', #153 ) ;
#336 = COLOUR_RGB ( '',0.1098039215686274495, 0.1098039215686274495, 0.1098039215686274495 ) ;
#337 = PRESENTATION_STYLE_ASSIGNMENT (( #2016 ) ) ;
#338 = FILL_AREA_STYLE ('',( #1330 ) ) ;
#339 = COLOUR_RGB ( '',0.1098039215686274495, 0.1098039215686274495, 0.1098039215686274495 ) ;
#340 = ADVANCED_FACE ( 'NONE', ( #178 ), #548, .T. ) ;
#341 = FILL_AREA_STYLE_COLOUR ( '', #358 ) ;
#342 = EDGE_LOOP ( 'NONE', ( #1993, #22, #2363, #94 ) ) ;
#343 = DIRECTION ( 'NONE',  ( -5.735365044436847242E-16, -1.000000000000000000, 0.000000000000000000 ) ) ;
#344 = PRESENTATION_LAYER_ASSIGNMENT (  '', '', ( #2302 ) ) ;
#345 = FACE_OUTER_BOUND ( 'NONE', #1979, .T. ) ;
#346 = ORIENTED_EDGE ( 'NONE', *, *, #2289, .T. ) ;
#347 = CARTESIAN_POINT ( 'NONE',  ( 11.09999999999999964, 0.7275480734413597439, 30.00000000000000000 ) ) ;
#348 = ORIENTED_EDGE ( 'NONE', *, *, #1243, .T. ) ;
#349 = CARTESIAN_POINT ( 'NONE',  ( -1.679999999999996607, 12.40099999999999980, 0.000000000000000000 ) ) ;
#350 = VECTOR ( 'NONE', #663, 1000.000000000000000 ) ;
#351 = PRESENTATION_STYLE_ASSIGNMENT (( #943 ) ) ;
#352 = CARTESIAN_POINT ( 'NONE',  ( -2.780999999999997030, 13.50000000000000000, 0.000000000000000000 ) ) ;
#353 = ORIENTED_EDGE ( 'NONE', *, *, #1511, .T. ) ;
#354 =( GEOMETRIC_REPRESENTATION_CONTEXT ( 3 ) GLOBAL_UNCERTAINTY_ASSIGNED_CONTEXT ( ( #794 ) ) GLOBAL_UNIT_ASSIGNED_CONTEXT ( ( #1474, #158, #1229 ) ) REPRESENTATION_CONTEXT ( 'NONE', 'WORKASPACE' ) );
#355 = FILL_AREA_STYLE_COLOUR ( '', #1488 ) ;
#356 =( NAMED_UNIT ( * ) SI_UNIT ( $, .STERADIAN. ) SOLID_ANGLE_UNIT ( ) );
#357 = CARTESIAN_POINT ( 'NONE',  ( 3.880000000000002558, 12.40099999999999980, 30.00000000000000000 ) ) ;
#358 = COLOUR_RGB ( '',0.1098039215686274495, 0.1098039215686274495, 0.1098039215686274495 ) ;
#359 = EDGE_LOOP ( 'NONE', ( #1271, #1198, #2132, #1267 ) ) ;
#360 = SURFACE_STYLE_USAGE ( .BOTH. , #168 ) ;
#361 = DIRECTION ( 'NONE',  ( -0.000000000000000000, 1.000000000000000000, -0.000000000000000000 ) ) ;
#362 = ADVANCED_FACE ( 'NONE', ( #1090 ), #713, .F. ) ;
#363 = CARTESIAN_POINT ( 'NONE',  ( -13.89899999999999558, 12.40099999999999980, 30.00000000000000000 ) ) ;
#364 = ORIENTED_EDGE ( 'NONE', *, *, #1848, .T. ) ;
#365 = CARTESIAN_POINT ( 'NONE',  ( -14.99999999999999822, -1.500000000000000000, 30.00000000000000000 ) ) ;
#366 = AXIS2_PLACEMENT_3D ( 'NONE', #725, #1099, #1995 ) ;
#367 = PLANE ( 'NONE',  #1687 ) ;
#368 = CARTESIAN_POINT ( 'NONE',  ( 15.00000000000000178, -1.500000000000000000, 30.00000000000000000 ) ) ;
#369 = EDGE_LOOP ( 'NONE', ( #2169, #1230, #1352, #2089 ) ) ;
#370 =( NAMED_UNIT ( * ) PLANE_ANGLE_UNIT ( ) SI_UNIT ( $, .RADIAN. ) );
#371 = EDGE_LOOP ( 'NONE', ( #1859, #963 ) ) ;
#372 = EDGE_CURVE ( 'NONE', #1632, #1249, #2096, .T. ) ;
#373 = ADVANCED_FACE ( 'NONE', ( #1361 ), #1325, .T. ) ;
#374 = LINE ( 'NONE', #1833, #1706 ) ;
#375 = LINE ( 'NONE', #390, #389 ) ;
#376 = DIRECTION ( 'NONE',  ( 0.000000000000000000, 0.000000000000000000, 1.000000000000000000 ) ) ;
#377 = AXIS2_PLACEMENT_3D ( 'NONE', #598, #1202, #1179 ) ;
#378 = CARTESIAN_POINT ( 'NONE',  ( 10.40000000000000213, 0.7275480734413597439, 0.000000000000000000 ) ) ;
#379 = LINE ( 'NONE', #568, #1663 ) ;
#380 = ORIENTED_EDGE ( 'NONE', *, *, #514, .F. ) ;
#381 =( GEOMETRIC_REPRESENTATION_CONTEXT ( 3 ) GLOBAL_UNCERTAINTY_ASSIGNED_CONTEXT ( ( #1559 ) ) GLOBAL_UNIT_ASSIGNED_CONTEXT ( ( #571, #2, #35 ) ) REPRESENTATION_CONTEXT ( 'NONE', 'WORKASPACE' ) );
#382 =( NAMED_UNIT ( * ) PLANE_ANGLE_UNIT ( ) SI_UNIT ( $, .RADIAN. ) );
#383 = CARTESIAN_POINT ( 'NONE',  ( 12.80000000000000959, 12.40099999999999980, 0.000000000000000000 ) ) ;
#384 = STYLED_ITEM ( 'NONE', ( #2115 ), #436 ) ;
#385 =( NAMED_UNIT ( * ) SI_UNIT ( $, .STERADIAN. ) SOLID_ANGLE_UNIT ( ) );
#386 = EDGE_CURVE ( 'NONE', #286, #214, #791, .T. ) ;
#387 = AXIS2_PLACEMENT_3D ( 'NONE', #272, #613, #2306 ) ;
#388 = ORIENTED_EDGE ( 'NONE', *, *, #587, .T. ) ;
#389 = VECTOR ( 'NONE', #1133, 1000.000000000000000 ) ;
#390 = CARTESIAN_POINT ( 'NONE',  ( -14.99999999999999822, 1.500000000000000000, 30.00000000000000000 ) ) ;
#391 =( NAMED_UNIT ( * ) SI_UNIT ( $, .STERADIAN. ) SOLID_ANGLE_UNIT ( ) );
#392 =( NAMED_UNIT ( * ) SI_UNIT ( $, .STERADIAN. ) SOLID_ANGLE_UNIT ( ) );
#393 = ADVANCED_FACE ( 'NONE', ( #422 ), #2069, .F. ) ;
#394 = ADVANCED_FACE ( 'NONE', ( #1211 ), #2163, .T. ) ;
#395 = FILL_AREA_STYLE ('',( #1682 ) ) ;
#396 = AXIS2_PLACEMENT_3D ( 'NONE', #185, #417, #2263 ) ;
#397 = DIRECTION ( 'NONE',  ( -0.000000000000000000, -0.000000000000000000, 1.000000000000000000 ) ) ;
#398 = ORIENTED_EDGE ( 'NONE', *, *, #903, .F. ) ;
#399 = FILL_AREA_STYLE ('',( #995 ) ) ;
#400 = MECHANICAL_DESIGN_GEOMETRIC_PRESENTATION_REPRESENTATION (  '', ( #518 ), #2278 ) ;
#401 = UNCERTAINTY_MEASURE_WITH_UNIT (LENGTH_MEASURE( 1.000000000000000082E-05 ), #756, 'distance_accuracy_value', 'NONE');
#402 = DIRECTION ( 'NONE',  ( -1.000000000000000000, 1.591343432691319046E-16, 0.000000000000000000 ) ) ;
#403 = SURFACE_STYLE_USAGE ( .BOTH. , #231 ) ;
#404 = ORIENTED_EDGE ( 'NONE', *, *, #21, .T. ) ;
#405 =( NAMED_UNIT ( * ) PLANE_ANGLE_UNIT ( ) SI_UNIT ( $, .RADIAN. ) );
#406 = LINE ( 'NONE', #1728, #1383 ) ;
#407 = CARTESIAN_POINT ( 'NONE',  ( -12.79999999999999893, 12.40099999999999980, 0.000000000000000000 ) ) ;
#408 = CARTESIAN_POINT ( 'NONE',  ( -14.99999999999999645, 12.40099999999999980, 30.00000000000000000 ) ) ;
#409 = ADVANCED_FACE ( 'NONE', ( #1595 ), #1949, .T. ) ;
#410 = ORIENTED_EDGE ( 'NONE', *, *, #1434, .F. ) ;
#411 = FILL_AREA_STYLE_COLOUR ( '', #1885 ) ;
#412 = PRESENTATION_LAYER_ASSIGNMENT (  '', '', ( #254 ) ) ;
#413 = DIRECTION ( 'NONE',  ( 0.000000000000000000, -0.000000000000000000, -1.000000000000000000 ) ) ;
#414 = VECTOR ( 'NONE', #2361, 1000.000000000000000 ) ;
#415 = ORIENTED_EDGE ( 'NONE', *, *, #1061, .F. ) ;
#416 =( NAMED_UNIT ( * ) SI_UNIT ( $, .STERADIAN. ) SOLID_ANGLE_UNIT ( ) );
#417 = DIRECTION ( 'NONE',  ( -1.000000000000000000, 1.591343432691319046E-16, 0.000000000000000000 ) ) ;
#418 = CARTESIAN_POINT ( 'NONE',  ( -8.340999999999997527, 13.49999999999999822, 0.000000000000000000 ) ) ;
#419 = DIRECTION ( 'NONE',  ( 1.000000000000000000, 0.000000000000000000, 0.000000000000000000 ) ) ;
#420 = AXIS2_PLACEMENT_3D ( 'NONE', #1032, #1950, #72 ) ;
#421 = ORIENTED_EDGE ( 'NONE', *, *, #927, .T. ) ;
#422 = FACE_OUTER_BOUND ( 'NONE', #1311, .T. ) ;
#423 =( GEOMETRIC_REPRESENTATION_CONTEXT ( 3 ) GLOBAL_UNCERTAINTY_ASSIGNED_CONTEXT ( ( #1802 ) ) GLOBAL_UNIT_ASSIGNED_CONTEXT ( ( #14, #382, #1520 ) ) REPRESENTATION_CONTEXT ( 'NONE', 'WORKASPACE' ) );
#424 = UNCERTAINTY_MEASURE_WITH_UNIT (LENGTH_MEASURE( 1.000000000000000082E-05 ), #694, 'distance_accuracy_value', 'NONE');
#425 = VECTOR ( 'NONE', #1268, 1000.000000000000000 ) ;
#426 = VERTEX_POINT ( 'NONE', #61 ) ;
#427 = MECHANICAL_DESIGN_GEOMETRIC_PRESENTATION_REPRESENTATION (  '', ( #1890 ), #585 ) ;
#428 = CARTESIAN_POINT ( 'NONE',  ( 10.40000000000000213, 1.500000000000000444, 0.000000000000000000 ) ) ;
#429 = DIRECTION ( 'NONE',  ( 0.000000000000000000, 0.000000000000000000, 1.000000000000000000 ) ) ;
#430 = ORIENTED_EDGE ( 'NONE', *, *, #1315, .F. ) ;
#431 =( LENGTH_UNIT ( ) NAMED_UNIT ( * ) SI_UNIT ( .MILLI., .METRE. ) );
#432 =( LENGTH_UNIT ( ) NAMED_UNIT ( * ) SI_UNIT ( .MILLI., .METRE. ) );
#433 = CIRCLE ( 'NONE', #749, 1.098999999999998423 ) ;
#434 =( GEOMETRIC_REPRESENTATION_CONTEXT ( 3 ) GLOBAL_UNCERTAINTY_ASSIGNED_CONTEXT ( ( #1610 ) ) GLOBAL_UNIT_ASSIGNED_CONTEXT ( ( #2005, #2017, #1822 ) ) REPRESENTATION_CONTEXT ( 'NONE', 'WORKASPACE' ) );
#435 = STYLED_ITEM ( 'NONE', ( #601 ), #1943 ) ;
#436 = ADVANCED_FACE ( 'NONE', ( #1607 ), #1411, .T. ) ;
#437 = VERTEX_POINT ( 'NONE', #1644 ) ;
#438 = LINE ( 'NONE', #1781, #1182 ) ;
#439 = PRESENTATION_STYLE_ASSIGNMENT (( #2290 ) ) ;
#440 = CARTESIAN_POINT ( 'NONE',  ( 13.90100000000000868, 12.40099999999999980, 0.000000000000000000 ) ) ;
#441 = ORIENTED_EDGE ( 'NONE', *, *, #736, .T. ) ;
#442 = DIRECTION ( 'NONE',  ( -1.591343432691319046E-16, -1.000000000000000000, 0.000000000000000000 ) ) ;
#443 = DIRECTION ( 'NONE',  ( 0.000000000000000000, 0.000000000000000000, -1.000000000000000000 ) ) ;
#444 = UNCERTAINTY_MEASURE_WITH_UNIT (LENGTH_MEASURE( 1.000000000000000082E-05 ), #1589, 'distance_accuracy_value', 'NONE');
#445 = CARTESIAN_POINT ( 'NONE',  ( 9.440000000000004832, 1.500000000000000000, 0.000000000000000000 ) ) ;
#446 = CARTESIAN_POINT ( 'NONE',  ( -8.338999999999995083, 12.40099999999999980, 0.000000000000000000 ) ) ;
#447 = ORIENTED_EDGE ( 'NONE', *, *, #1549, .F. ) ;
#448 = DIRECTION ( 'NONE',  ( -1.591343432691319046E-16, 1.000000000000000000, 0.000000000000000000 ) ) ;
#449 = ADVANCED_FACE ( 'NONE', ( #2045 ), #543, .F. ) ;
#450 = CARTESIAN_POINT ( 'NONE',  ( -2.778999999999995030, 12.40099999999999980, 0.000000000000000000 ) ) ;
#451 = EDGE_CURVE ( 'NONE', #737, #2208, #724, .T. ) ;
#452 =( NAMED_UNIT ( * ) SI_UNIT ( $, .STERADIAN. ) SOLID_ANGLE_UNIT ( ) );
#453 = ORIENTED_EDGE ( 'NONE', *, *, #1929, .F. ) ;
#454 = CARTESIAN_POINT ( 'NONE',  ( 7.240000000000005542, 1.500000000000000000, 0.000000000000000000 ) ) ;
#455 = PRESENTATION_STYLE_ASSIGNMENT (( #1402 ) ) ;
#456 = CYLINDRICAL_SURFACE ( 'NONE', #1653, 1.098999999999997534 ) ;
#457 = PRODUCT_DEFINITION ( 'UNKNOWN', '', #992, #1584 ) ;
#458 = ADVANCED_FACE ( 'NONE', ( #2383 ), #1994, .F. ) ;
#459 = ORIENTED_EDGE ( 'NONE', *, *, #1711, .F. ) ;
#460 = DIRECTION ( 'NONE',  ( 0.000000000000000000, 1.000000000000000000, 0.000000000000000000 ) ) ;
#461 = DIRECTION ( 'NONE',  ( 1.000000000000000000, 0.000000000000000000, 0.000000000000000000 ) ) ;
#462 = VECTOR ( 'NONE', #1903, 1000.000000000000000 ) ;
#463 = AXIS2_PLACEMENT_3D ( 'NONE', #1450, #1990, #2160 ) ;
#464 = SURFACE_STYLE_USAGE ( .BOTH. , #2333 ) ;
#465 = CIRCLE ( 'NONE', #387, 0.6999999999999992895 ) ;
#466 = CARTESIAN_POINT ( 'NONE',  ( -8.340999999999997527, 12.40099999999999980, 0.000000000000000000 ) ) ;
#467 = CARTESIAN_POINT ( 'NONE',  ( -3.879999999999994564, 12.40099999999999980, 30.00000000000000000 ) ) ;
#468 = EDGE_CURVE ( 'NONE', #797, #610, #1621, .T. ) ;
#469 = VERTEX_POINT ( 'NONE', #506 ) ;
#470 = DIRECTION ( 'NONE',  ( -1.000000000000000000, 1.591343432691319046E-16, 0.000000000000000000 ) ) ;
#471 = LINE ( 'NONE', #1047, #1363 ) ;
#472 = UNCERTAINTY_MEASURE_WITH_UNIT (LENGTH_MEASURE( 1.000000000000000082E-05 ), #1040, 'distance_accuracy_value', 'NONE');
#473 =( NAMED_UNIT ( * ) PLANE_ANGLE_UNIT ( ) SI_UNIT ( $, .RADIAN. ) );
#474 = VECTOR ( 'NONE', #376, 1000.000000000000000 ) ;
#475 = VECTOR ( 'NONE', #946, 1000.000000000000000 ) ;
#476 = ORIENTED_EDGE ( 'NONE', *, *, #510, .T. ) ;
#477 = FACE_OUTER_BOUND ( 'NONE', #1948, .T. ) ;
#478 = CARTESIAN_POINT ( 'NONE',  ( -11.09999999999999787, 0.7275480734413672934, 0.000000000000000000 ) ) ;
#479 = COLOUR_RGB ( '',0.1098039215686274495, 0.1098039215686274495, 0.1098039215686274495 ) ;
#480 = APPLICATION_PROTOCOL_DEFINITION ( 'draft international standard', 'automotive_design', 1998, #2300 ) ;
#481 = VECTOR ( 'NONE', #898, 1000.000000000000000 ) ;
#482 =( NAMED_UNIT ( * ) PLANE_ANGLE_UNIT ( ) SI_UNIT ( $, .RADIAN. ) );
#483 =( NAMED_UNIT ( * ) PLANE_ANGLE_UNIT ( ) SI_UNIT ( $, .RADIAN. ) );
#484 = VERTEX_POINT ( 'NONE', #1669 ) ;
#485 = ADVANCED_FACE ( 'NONE', ( #2412 ), #1479, .T. ) ;
#486 = LINE ( 'NONE', #2167, #861 ) ;
#487 = CARTESIAN_POINT ( 'NONE',  ( -7.239999999999997549, 0.5000000000000000000, 30.00000000000000000 ) ) ;
#488 = EDGE_LOOP ( 'NONE', ( #552, #2419, #2228, #1059 ) ) ;
#489 = LINE ( 'NONE', #1792, #1575 ) ;
#490 = DIRECTION ( 'NONE',  ( 0.000000000000000000, 0.000000000000000000, 1.000000000000000000 ) ) ;
#491 =( LENGTH_UNIT ( ) NAMED_UNIT ( * ) SI_UNIT ( .MILLI., .METRE. ) );
#492 = ADVANCED_FACE ( 'NONE', ( #1241 ), #2372, .T. ) ;
#493 = VERTEX_POINT ( 'NONE', #2101 ) ;
#494 = DIRECTION ( 'NONE',  ( 1.000000000000000000, 0.000000000000000000, 0.000000000000000000 ) ) ;
#495 = FILL_AREA_STYLE ('',( #1659 ) ) ;
#496 =( NAMED_UNIT ( * ) PLANE_ANGLE_UNIT ( ) SI_UNIT ( $, .RADIAN. ) );
#497 = ORIENTED_EDGE ( 'NONE', *, *, #526, .T. ) ;
#498 = UNCERTAINTY_MEASURE_WITH_UNIT (LENGTH_MEASURE( 1.000000000000000082E-05 ), #1928, 'distance_accuracy_value', 'NONE');
#499 = EDGE_CURVE ( 'NONE', #1089, #1236, #1886, .T. ) ;
#500 = ORIENTED_EDGE ( 'NONE', *, *, #514, .T. ) ;
#501 = AXIS2_PLACEMENT_3D ( 'NONE', #669, #1976, #2312 ) ;
#502 = MECHANICAL_DESIGN_GEOMETRIC_PRESENTATION_REPRESENTATION (  '', ( #151 ), #2074 ) ;
#503 = LINE ( 'NONE', #1440, #705 ) ;
#504 = FILL_AREA_STYLE_COLOUR ( '', #962 ) ;
#505 = ORIENTED_EDGE ( 'NONE', *, *, #2117, .F. ) ;
#506 = CARTESIAN_POINT ( 'NONE',  ( -11.79999999999999538, 0.7275480734413674044, 19.99999999999999645 ) ) ;
#507 =( LENGTH_UNIT ( ) NAMED_UNIT ( * ) SI_UNIT ( .MILLI., .METRE. ) );
#508 = ORIENTED_EDGE ( 'NONE', *, *, #2374, .F. ) ;
#509 = CARTESIAN_POINT ( 'NONE',  ( 13.89900000000000624, 12.40099999999999980, 0.000000000000000000 ) ) ;
#510 = EDGE_CURVE ( 'NONE', #1313, #214, #1529, .T. ) ;
#511 = PLANE ( 'NONE',  #733 ) ;
#512 = VECTOR ( 'NONE', #2378, 1000.000000000000000 ) ;
#513 = FACE_OUTER_BOUND ( 'NONE', #1254, .T. ) ;
#514 = EDGE_CURVE ( 'NONE', #1372, #2208, #752, .T. ) ;
#515 = AXIS2_PLACEMENT_3D ( 'NONE', #1646, #2046, #740 ) ;
#516 = CIRCLE ( 'NONE', #2053, 1.098999999999998423 ) ;
#517 = DIRECTION ( 'NONE',  ( 1.000000000000000000, 0.000000000000000000, 0.000000000000000000 ) ) ;
#518 = STYLED_ITEM ( 'NONE', ( #1132 ), #2357 ) ;
#519 = VERTEX_POINT ( 'NONE', #378 ) ;
#520 = CARTESIAN_POINT ( 'NONE',  ( 11.79999999999999893, 1.500000000000000000, 30.00000000000000000 ) ) ;
#521 = LINE ( 'NONE', #1086, #114 ) ;
#522 = FILL_AREA_STYLE_COLOUR ( '', #2011 ) ;
#523 = ORIENTED_EDGE ( 'NONE', *, *, #1751, .F. ) ;
#524 = LINE ( 'NONE', #2051, #1983 ) ;
#525 = DIRECTION ( 'NONE',  ( 1.000000000000000000, 0.000000000000000000, 0.000000000000000000 ) ) ;
#526 = EDGE_CURVE ( 'NONE', #1828, #1873, #1729, .T. ) ;
#527 = DIRECTION ( 'NONE',  ( -1.000000000000000000, -0.000000000000000000, -0.000000000000000000 ) ) ;
#528 =( NAMED_UNIT ( * ) PLANE_ANGLE_UNIT ( ) SI_UNIT ( $, .RADIAN. ) );
#529 = SURFACE_STYLE_FILL_AREA ( #120 ) ;
#530 = DIRECTION ( 'NONE',  ( -1.591343432691319046E-16, 1.000000000000000000, 0.000000000000000000 ) ) ;
#531 = EDGE_LOOP ( 'NONE', ( #316, #1115, #181, #1240 ) ) ;
#532 = LINE ( 'NONE', #2218, #259 ) ;
#533 = ORIENTED_EDGE ( 'NONE', *, *, #1088, .T. ) ;
#534 = VECTOR ( 'NONE', #2310, 1000.000000000000000 ) ;
#535 = CARTESIAN_POINT ( 'NONE',  ( -8.340999999999997527, 13.50000000000000000, 30.00000000000000000 ) ) ;
#536 = CARTESIAN_POINT ( 'NONE',  ( 7.240000000000005542, 0.5000000000000000000, 30.00000000000000000 ) ) ;
#537 = ORIENTED_EDGE ( 'NONE', *, *, #569, .T. ) ;
#538 = FACE_OUTER_BOUND ( 'NONE', #1849, .T. ) ;
#539 = LINE ( 'NONE', #1295, #1924 ) ;
#540 = SURFACE_STYLE_USAGE ( .BOTH. , #1266 ) ;
#541 = STYLED_ITEM ( 'NONE', ( #1581 ), #394 ) ;
#542 = ORIENTED_EDGE ( 'NONE', *, *, #1616, .T. ) ;
#543 = PLANE ( 'NONE',  #1373 ) ;
#544 = LINE ( 'NONE', #2373, #1280 ) ;
#545 = VECTOR ( 'NONE', #1507, 1000.000000000000000 ) ;
#546 = ADVANCED_FACE ( 'NONE', ( #1116 ), #367, .T. ) ;
#547 = EDGE_LOOP ( 'NONE', ( #1419, #2276, #887, #783 ) ) ;
#548 = PLANE ( 'NONE',  #1565 ) ;
#549 = CARTESIAN_POINT ( 'NONE',  ( 2.779000000000002135, 13.49999999999999822, 0.000000000000000000 ) ) ;
#550 = CARTESIAN_POINT ( 'NONE',  ( -10.39999999999999858, 0.7275480734413672934, 19.99999999999999645 ) ) ;
#551 = DIRECTION ( 'NONE',  ( -1.000000000000000000, -0.000000000000000000, -0.000000000000000000 ) ) ;
#552 = ORIENTED_EDGE ( 'NONE', *, *, #59, .F. ) ;
#553 = COLOUR_RGB ( '',0.1098039215686274495, 0.1098039215686274495, 0.1098039215686274495 ) ;
#554 = SURFACE_STYLE_FILL_AREA ( #1346 ) ;
#555 = CARTESIAN_POINT ( 'NONE',  ( -11.79999999999999538, 0.7275480734413677375, 30.00000000000000000 ) ) ;
#556 = CIRCLE ( 'NONE', #1256, 0.6999999999999992895 ) ;
#557 = ORIENTED_EDGE ( 'NONE', *, *, #1033, .T. ) ;
#558 = AXIS2_PLACEMENT_3D ( 'NONE', #2094, #1146, #2081 ) ;
#559 =( NAMED_UNIT ( * ) PLANE_ANGLE_UNIT ( ) SI_UNIT ( $, .RADIAN. ) );
#560 = CIRCLE ( 'NONE', #1262, 1.098999999999997534 ) ;
#561 = EDGE_LOOP ( 'NONE', ( #2301, #346 ) ) ;
#562 = EDGE_CURVE ( 'NONE', #981, #1671, #1126, .T. ) ;
#563 = SURFACE_STYLE_FILL_AREA ( #2062 ) ;
#564 = LINE ( 'NONE', #550, #757 ) ;
#565 = ORIENTED_EDGE ( 'NONE', *, *, #154, .F. ) ;
#566 = CARTESIAN_POINT ( 'NONE',  ( 0.000000000000000000, 0.000000000000000000, 0.000000000000000000 ) ) ;
#567 = DIRECTION ( 'NONE',  ( 0.000000000000000000, 0.000000000000000000, 1.000000000000000000 ) ) ;
#568 = CARTESIAN_POINT ( 'NONE',  ( -14.99999999999999822, 1.500000000000000000, 30.00000000000000000 ) ) ;
#569 = EDGE_CURVE ( 'NONE', #922, #2351, #212, .T. ) ;
#570 = ORIENTED_EDGE ( 'NONE', *, *, #2273, .F. ) ;
#571 =( LENGTH_UNIT ( ) NAMED_UNIT ( * ) SI_UNIT ( .MILLI., .METRE. ) );
#572 = FILL_AREA_STYLE_COLOUR ( '', #336 ) ;
#573 = UNCERTAINTY_MEASURE_WITH_UNIT (LENGTH_MEASURE( 1.000000000000000082E-05 ), #738, 'distance_accuracy_value', 'NONE');
#574 = DIRECTION ( 'NONE',  ( 1.000000000000000000, 0.000000000000000000, -0.000000000000000000 ) ) ;
#575 = VERTEX_POINT ( 'NONE', #786 ) ;
#576 = EDGE_CURVE ( 'NONE', #1249, #933, #2075, .T. ) ;
#577 = DIRECTION ( 'NONE',  ( -1.591343432691319046E-16, -1.000000000000000000, -0.000000000000000000 ) ) ;
#578 = LINE ( 'NONE', #2279, #2084 ) ;
#579 = DIRECTION ( 'NONE',  ( -0.000000000000000000, -1.000000000000000000, -0.000000000000000000 ) ) ;
#580 = ORIENTED_EDGE ( 'NONE', *, *, #1259, .F. ) ;
#581 = STYLED_ITEM ( 'NONE', ( #1649 ), #289 ) ;
#582 =( NAMED_UNIT ( * ) SI_UNIT ( $, .STERADIAN. ) SOLID_ANGLE_UNIT ( ) );
#583 = AXIS2_PLACEMENT_3D ( 'NONE', #1350, #2093, #18 ) ;
#584 = ORIENTED_EDGE ( 'NONE', *, *, #301, .F. ) ;
#585 =( GEOMETRIC_REPRESENTATION_CONTEXT ( 3 ) GLOBAL_UNCERTAINTY_ASSIGNED_CONTEXT ( ( #768 ) ) GLOBAL_UNIT_ASSIGNED_CONTEXT ( ( #2057, #1515, #1688 ) ) REPRESENTATION_CONTEXT ( 'NONE', 'WORKASPACE' ) );
#586 = CARTESIAN_POINT ( 'NONE',  ( 10.40000000000000213, 1.500000000000000000, 30.00000000000000000 ) ) ;
#587 = EDGE_CURVE ( 'NONE', #1777, #2068, #1336, .T. ) ;
#588 = CARTESIAN_POINT ( 'NONE',  ( 9.440000000000004832, 1.500000000000000000, 30.00000000000000000 ) ) ;
#589 = PRESENTATION_STYLE_ASSIGNMENT (( #2264 ) ) ;
#590 = DIRECTION ( 'NONE',  ( 0.000000000000000000, 0.000000000000000000, 1.000000000000000000 ) ) ;
#591 = STYLED_ITEM ( 'NONE', ( #439 ), #674 ) ;
#592 = AXIS2_PLACEMENT_3D ( 'NONE', #626, #799, #1590 ) ;
#593 = LINE ( 'NONE', #1904, #1110 ) ;
#594 = ORIENTED_EDGE ( 'NONE', *, *, #1650, .F. ) ;
#595 =( NAMED_UNIT ( * ) PLANE_ANGLE_UNIT ( ) SI_UNIT ( $, .RADIAN. ) );
#596 = PRESENTATION_LAYER_ASSIGNMENT (  '', '', ( #1741 ) ) ;
#597 = ORIENTED_EDGE ( 'NONE', *, *, #1650, .T. ) ;
#598 = CARTESIAN_POINT ( 'NONE',  ( 8.341000000000006409, 12.40099999999999980, 30.00000000000000000 ) ) ;
#599 = DIRECTION ( 'NONE',  ( -1.000000000000000000, 0.000000000000000000, 0.000000000000000000 ) ) ;
#600 = LINE ( 'NONE', #407, #664 ) ;
#601 = PRESENTATION_STYLE_ASSIGNMENT (( #788 ) ) ;
#602 = FACE_OUTER_BOUND ( 'NONE', #1148, .T. ) ;
#603 = STYLED_ITEM ( 'NONE', ( #455 ), #1265 ) ;
#604 = ORIENTED_EDGE ( 'NONE', *, *, #1062, .T. ) ;
#605 = DIRECTION ( 'NONE',  ( 1.000000000000000000, 0.000000000000000000, 0.000000000000000000 ) ) ;
#606 =( GEOMETRIC_REPRESENTATION_CONTEXT ( 3 ) GLOBAL_UNCERTAINTY_ASSIGNED_CONTEXT ( ( #297 ) ) GLOBAL_UNIT_ASSIGNED_CONTEXT ( ( #1121, #370, #1129 ) ) REPRESENTATION_CONTEXT ( 'NONE', 'WORKASPACE' ) );
#607 = CARTESIAN_POINT ( 'NONE',  ( -3.879999999999996341, 1.500000000000000000, 0.000000000000000000 ) ) ;
#608 = PRESENTATION_STYLE_ASSIGNMENT (( #403 ) ) ;
#609 = AXIS2_PLACEMENT_3D ( 'NONE', #1868, #1814, #322 ) ;
#610 = VERTEX_POINT ( 'NONE', #773 ) ;
#611 = CARTESIAN_POINT ( 'NONE',  ( -3.879999999999996341, 0.5000000000000000000, 0.000000000000000000 ) ) ;
#612 = CARTESIAN_POINT ( 'NONE',  ( -11.79999999999999538, 1.500000000000000444, 30.00000000000000000 ) ) ;
#613 = DIRECTION ( 'NONE',  ( 0.000000000000000000, 0.000000000000000000, 1.000000000000000000 ) ) ;
#614 = SURFACE_STYLE_USAGE ( .BOTH. , #2321 ) ;
#615 = CARTESIAN_POINT ( 'NONE',  ( -7.239999999999996660, 1.500000000000000000, 0.000000000000000000 ) ) ;
#616 = VERTEX_POINT ( 'NONE', #1867 ) ;
#617 = SURFACE_STYLE_USAGE ( .BOTH. , #1199 ) ;
#618 = EDGE_CURVE ( 'NONE', #1306, #2174, #600, .T. ) ;
#619 = PRESENTATION_LAYER_ASSIGNMENT (  '', '', ( #151 ) ) ;
#620 =( NAMED_UNIT ( * ) SI_UNIT ( $, .STERADIAN. ) SOLID_ANGLE_UNIT ( ) );
#621 = FILL_AREA_STYLE_COLOUR ( '', #40 ) ;
#622 = VECTOR ( 'NONE', #959, 1000.000000000000000 ) ;
#623 = ORIENTED_EDGE ( 'NONE', *, *, #1034, .T. ) ;
#624 = LINE ( 'NONE', #2100, #1955 ) ;
#625 = CIRCLE ( 'NONE', #463, 1.098999999999998423 ) ;
#626 = CARTESIAN_POINT ( 'NONE',  ( -11.09999999999999787, 0.7275480734413672934, 0.000000000000000000 ) ) ;
#627 = CARTESIAN_POINT ( 'NONE',  ( -11.09999999999999787, 0.7275480734413672934, 40.00000000000000000 ) ) ;
#628 = VERTEX_POINT ( 'NONE', #1168 ) ;
#629 = VECTOR ( 'NONE', #567, 1000.000000000000000 ) ;
#630 = DIRECTION ( 'NONE',  ( -1.591343432691319046E-16, -1.000000000000000000, -0.000000000000000000 ) ) ;
#631 = PRESENTATION_LAYER_ASSIGNMENT (  '', '', ( #2431 ) ) ;
#632 = EDGE_CURVE ( 'NONE', #469, #1049, #465, .T. ) ;
#633 = PLANE ( 'NONE',  #1563 ) ;
#634 = STYLED_ITEM ( 'NONE', ( #2207 ), #1779 ) ;
#635 = AXIS2_PLACEMENT_3D ( 'NONE', #1522, #2098, #413 ) ;
#636 = ORIENTED_EDGE ( 'NONE', *, *, #1635, .T. ) ;
#637 = DIRECTION ( 'NONE',  ( 0.000000000000000000, -1.000000000000000000, 0.000000000000000000 ) ) ;
#638 = DIRECTION ( 'NONE',  ( -1.000000000000000000, 0.000000000000000000, 0.000000000000000000 ) ) ;
#639 = LINE ( 'NONE', #1209, #710 ) ;
#640 = ORIENTED_EDGE ( 'NONE', *, *, #903, .T. ) ;
#641 = SURFACE_SIDE_STYLE ('',( #1223 ) ) ;
#642 = FILL_AREA_STYLE ('',( #1387 ) ) ;
#643 = CARTESIAN_POINT ( 'NONE',  ( 8.339000000000003965, 13.49999999999999822, 0.000000000000000000 ) ) ;
#644 = COLOUR_RGB ( '',0.1098039215686274495, 0.1098039215686274495, 0.1098039215686274495 ) ;
#645 =( GEOMETRIC_REPRESENTATION_CONTEXT ( 3 ) GLOBAL_UNCERTAINTY_ASSIGNED_CONTEXT ( ( #472 ) ) GLOBAL_UNIT_ASSIGNED_CONTEXT ( ( #1040, #1215, #798 ) ) REPRESENTATION_CONTEXT ( 'NONE', 'WORKASPACE' ) );
#646 = ORIENTED_EDGE ( 'NONE', *, *, #1003, .F. ) ;
#647 = CARTESIAN_POINT ( 'NONE',  ( -1.679999999999995719, 1.500000000000000000, 30.00000000000000000 ) ) ;
#648 = ADVANCED_FACE ( 'NONE', ( #1760 ), #1752, .T. ) ;
#649 = VECTOR ( 'NONE', #124, 1000.000000000000000 ) ;
#650 =( NAMED_UNIT ( * ) PLANE_ANGLE_UNIT ( ) SI_UNIT ( $, .RADIAN. ) );
#651 = LINE ( 'NONE', #1029, #350 ) ;
#652 = SURFACE_STYLE_FILL_AREA ( #68 ) ;
#653 = ORIENTED_EDGE ( 'NONE', *, *, #1418, .T. ) ;
#654 =( NAMED_UNIT ( * ) PLANE_ANGLE_UNIT ( ) SI_UNIT ( $, .RADIAN. ) );
#655 = CARTESIAN_POINT ( 'NONE',  ( -8.340999999999997527, 13.49999999999999822, 0.000000000000000000 ) ) ;
#656 = VERTEX_POINT ( 'NONE', #1772 ) ;
#657 = DIRECTION ( 'NONE',  ( -1.000000000000000000, -0.000000000000000000, -0.000000000000000000 ) ) ;
#658 = AXIS2_PLACEMENT_3D ( 'NONE', #696, #719, #160 ) ;
#659 = CARTESIAN_POINT ( 'NONE',  ( 10.40000000000000213, 0.7275480734413598549, 40.00000000000000000 ) ) ;
#660 = PRESENTATION_LAYER_ASSIGNMENT (  '', '', ( #1448 ) ) ;
#661 =( NAMED_UNIT ( * ) SI_UNIT ( $, .STERADIAN. ) SOLID_ANGLE_UNIT ( ) );
#662 = EDGE_CURVE ( 'NONE', #2127, #610, #651, .T. ) ;
#663 = DIRECTION ( 'NONE',  ( -1.000000000000000000, -0.000000000000000000, -0.000000000000000000 ) ) ;
#664 = VECTOR ( 'NONE', #1156, 1000.000000000000000 ) ;
#665 = PLANE ( 'NONE',  #1036 ) ;
#666 = ORIENTED_EDGE ( 'NONE', *, *, #318, .F. ) ;
#667 = CARTESIAN_POINT ( 'NONE',  ( 13.89900000000000624, 13.49999999999999822, 0.000000000000000000 ) ) ;
#668 = UNCERTAINTY_MEASURE_WITH_UNIT (LENGTH_MEASURE( 1.000000000000000082E-05 ), #1218, 'distance_accuracy_value', 'NONE');
#669 = CARTESIAN_POINT ( 'NONE',  ( 2.779000000000002135, 12.40099999999999980, 0.000000000000000000 ) ) ;
#670 = CIRCLE ( 'NONE', #876, 1.098999999999997534 ) ;
#671 = ORIENTED_EDGE ( 'NONE', *, *, #1235, .F. ) ;
#672 = ORIENTED_EDGE ( 'NONE', *, *, #1676, .F. ) ;
#673 = AXIS2_PLACEMENT_3D ( 'NONE', #2173, #1823, #306 ) ;
#674 = ADVANCED_FACE ( 'NONE', ( #1604 ), #1920, .T. ) ;
#675 =( GEOMETRIC_REPRESENTATION_CONTEXT ( 3 ) GLOBAL_UNCERTAINTY_ASSIGNED_CONTEXT ( ( #498 ) ) GLOBAL_UNIT_ASSIGNED_CONTEXT ( ( #1928, #1152, #780 ) ) REPRESENTATION_CONTEXT ( 'NONE', 'WORKASPACE' ) );
#676 = DIRECTION ( 'NONE',  ( -1.000000000000000000, -0.000000000000000000, -0.000000000000000000 ) ) ;
#677 = ORIENTED_EDGE ( 'NONE', *, *, #1248, .T. ) ;
#678 = DIRECTION ( 'NONE',  ( 0.000000000000000000, -1.000000000000000000, 0.000000000000000000 ) ) ;
#679 = EDGE_LOOP ( 'NONE', ( #2396, #208, #1708, #1519 ) ) ;
#680 = FILL_AREA_STYLE ('',( #1598 ) ) ;
#681 = DIRECTION ( 'NONE',  ( 0.000000000000000000, 0.000000000000000000, 1.000000000000000000 ) ) ;
#682 = VECTOR ( 'NONE', #1228, 1000.000000000000000 ) ;
#683 = SURFACE_SIDE_STYLE ('',( #1093 ) ) ;
#684 = DIRECTION ( 'NONE',  ( 1.000000000000000000, 0.000000000000000000, 0.000000000000000000 ) ) ;
#685 = FACE_OUTER_BOUND ( 'NONE', #703, .T. ) ;
#686 = DIRECTION ( 'NONE',  ( -5.735365044436847242E-16, -1.000000000000000000, 0.000000000000000000 ) ) ;
#687 = EDGE_LOOP ( 'NONE', ( #2055, #380, #1442, #2261, #2238, #1006, #2073, #846, #1509, #321, #1643, #1410, #1393, #70, #134, #994, #1513, #1108, #1971, #1400, #790, #1201, #2221, #972, #1030, #234, #2048, #1580, #1478, #1747, #1668, #640, #1497, #1661, #2082, #623, #388, #712, #2168, #636, #2216, #2258, #542, #476 ) ) ;
#688 = CARTESIAN_POINT ( 'NONE',  ( 7.240000000000005542, 0.5000000000000000000, 0.000000000000000000 ) ) ;
#689 = CIRCLE ( 'NONE', #1599, 1.098999999999998423 ) ;
#690 = STYLED_ITEM ( 'NONE', ( #1895 ), #1163 ) ;
#691 = ORIENTED_EDGE ( 'NONE', *, *, #468, .T. ) ;
#692 =( NAMED_UNIT ( * ) PLANE_ANGLE_UNIT ( ) SI_UNIT ( $, .RADIAN. ) );
#693 = EDGE_CURVE ( 'NONE', #1153, #628, #1500, .T. ) ;
#694 =( LENGTH_UNIT ( ) NAMED_UNIT ( * ) SI_UNIT ( .MILLI., .METRE. ) );
#695 = CARTESIAN_POINT ( 'NONE',  ( -8.338999999999995083, 13.50000000000000000, 30.00000000000000000 ) ) ;
#696 = CARTESIAN_POINT ( 'NONE',  ( -1.679999999999995719, 1.500000000000000000, 0.000000000000000000 ) ) ;
#697 = LINE ( 'NONE', #1657, #205 ) ;
#698 = VECTOR ( 'NONE', #186, 1000.000000000000000 ) ;
#699 = EDGE_LOOP ( 'NONE', ( #126, #1055, #115, #353 ) ) ;
#700 =( NAMED_UNIT ( * ) PLANE_ANGLE_UNIT ( ) SI_UNIT ( $, .RADIAN. ) );
#701 = SURFACE_SIDE_STYLE ('',( #1480 ) ) ;
#702 = FILL_AREA_STYLE_COLOUR ( '', #2085 ) ;
#703 = EDGE_LOOP ( 'NONE', ( #646, #303, #843, #421 ) ) ;
#704 = SURFACE_STYLE_USAGE ( .BOTH. , #1101 ) ;
#705 = VECTOR ( 'NONE', #1429, 1000.000000000000000 ) ;
#706 = FILL_AREA_STYLE ('',( #2226 ) ) ;
#707 = VECTOR ( 'NONE', #1542, 1000.000000000000000 ) ;
#708 = CARTESIAN_POINT ( 'NONE',  ( 11.09999999999999964, 0.7275480734413597439, 19.99999999999999645 ) ) ;
#709 = PRESENTATION_LAYER_ASSIGNMENT (  '', '', ( #1898 ) ) ;
#710 = VECTOR ( 'NONE', #2292, 1000.000000000000000 ) ;
#711 = EDGE_LOOP ( 'NONE', ( #1193, #1965, #188, #2308 ) ) ;
#712 = ORIENTED_EDGE ( 'NONE', *, *, #103, .T. ) ;
#713 = PLANE ( 'NONE',  #1487 ) ;
#714 = FILL_AREA_STYLE_COLOUR ( '', #807 ) ;
#715 = ADVANCED_FACE ( 'NONE', ( #2138 ), #283, .T. ) ;
#716 = SURFACE_STYLE_USAGE ( .BOTH. , #157 ) ;
#717 = SURFACE_STYLE_FILL_AREA ( #1081 ) ;
#718 = DIRECTION ( 'NONE',  ( 0.000000000000000000, 1.000000000000000000, 0.000000000000000000 ) ) ;
#719 = DIRECTION ( 'NONE',  ( 1.000000000000000000, 1.591343432691319046E-16, -0.000000000000000000 ) ) ;
#720 = PRESENTATION_LAYER_ASSIGNMENT (  '', '', ( #1437 ) ) ;
#721 = EDGE_CURVE ( 'NONE', #1249, #2359, #2343, .T. ) ;
#722 = CARTESIAN_POINT ( 'NONE',  ( 9.440000000000004832, 1.500000000000000000, 30.00000000000000000 ) ) ;
#723 = EDGE_LOOP ( 'NONE', ( #728, #2252, #1210, #1438 ) ) ;
#724 = LINE ( 'NONE', #1085, #425 ) ;
#725 = CARTESIAN_POINT ( 'NONE',  ( -10.39999999999999503, 6.776765385805617825, 0.000000000000000000 ) ) ;
#726 = SURFACE_STYLE_FILL_AREA ( #1087 ) ;
#727 =( GEOMETRIC_REPRESENTATION_CONTEXT ( 3 ) GLOBAL_UNCERTAINTY_ASSIGNED_CONTEXT ( ( #2364 ) ) GLOBAL_UNIT_ASSIGNED_CONTEXT ( ( #1492, #2010, #921 ) ) REPRESENTATION_CONTEXT ( 'NONE', 'WORKASPACE' ) );
#728 = ORIENTED_EDGE ( 'NONE', *, *, #1376, .F. ) ;
#729 =( NAMED_UNIT ( * ) SI_UNIT ( $, .STERADIAN. ) SOLID_ANGLE_UNIT ( ) );
#730 = PRESENTATION_STYLE_ASSIGNMENT (( #360 ) ) ;
#731 = LINE ( 'NONE', #536, #1573 ) ;
#732 = ORIENTED_EDGE ( 'NONE', *, *, #1248, .F. ) ;
#733 = AXIS2_PLACEMENT_3D ( 'NONE', #607, #402, #808 ) ;
#734 = DIRECTION ( 'NONE',  ( -1.000000000000000000, -0.000000000000000000, -0.000000000000000000 ) ) ;
#735 = DIRECTION ( 'NONE',  ( 0.000000000000000000, 0.000000000000000000, 1.000000000000000000 ) ) ;
#736 = EDGE_CURVE ( 'NONE', #1119, #244, #503, .T. ) ;
#737 = VERTEX_POINT ( 'NONE', #145 ) ;
#738 =( LENGTH_UNIT ( ) NAMED_UNIT ( * ) SI_UNIT ( .MILLI., .METRE. ) );
#739 =( GEOMETRIC_REPRESENTATION_CONTEXT ( 3 ) GLOBAL_UNCERTAINTY_ASSIGNED_CONTEXT ( ( #573 ) ) GLOBAL_UNIT_ASSIGNED_CONTEXT ( ( #738, #1312, #2235 ) ) REPRESENTATION_CONTEXT ( 'NONE', 'WORKASPACE' ) );
#740 = DIRECTION ( 'NONE',  ( 0.000000000000000000, -0.000000000000000000, 1.000000000000000000 ) ) ;
#741 = AXIS2_PLACEMENT_3D ( 'NONE', #1369, #1934, #1408 ) ;
#742 = ORIENTED_EDGE ( 'NONE', *, *, #2406, .F. ) ;
#743 = COLOUR_RGB ( '',0.1098039215686274495, 0.1098039215686274495, 0.1098039215686274495 ) ;
#744 =( NAMED_UNIT ( * ) SI_UNIT ( $, .STERADIAN. ) SOLID_ANGLE_UNIT ( ) );
#745 = ORIENTED_EDGE ( 'NONE', *, *, #2145, .T. ) ;
#746 = AXIS2_PLACEMENT_3D ( 'NONE', #363, #170, #925 ) ;
#747 = SURFACE_STYLE_USAGE ( .BOTH. , #2076 ) ;
#748 = DIRECTION ( 'NONE',  ( -1.591343432691319046E-16, 1.000000000000000000, 0.000000000000000000 ) ) ;
#749 = AXIS2_PLACEMENT_3D ( 'NONE', #450, #2147, #461 ) ;
#750 =( NAMED_UNIT ( * ) PLANE_ANGLE_UNIT ( ) SI_UNIT ( $, .RADIAN. ) );
#751 = PRESENTATION_LAYER_ASSIGNMENT (  '', '', ( #435 ) ) ;
#752 = LINE ( 'NONE', #934, #545 ) ;
#753 = DIRECTION ( 'NONE',  ( -1.000000000000000000, -0.000000000000000000, -0.000000000000000000 ) ) ;
#754 = PRESENTATION_LAYER_ASSIGNMENT (  '', '', ( #1388 ) ) ;
#755 = ORIENTED_EDGE ( 'NONE', *, *, #1464, .F. ) ;
#756 =( LENGTH_UNIT ( ) NAMED_UNIT ( * ) SI_UNIT ( .MILLI., .METRE. ) );
#757 = VECTOR ( 'NONE', #951, 1000.000000000000000 ) ;
#758 = EDGE_CURVE ( 'NONE', #41, #1764, #1641, .T. ) ;
#759 = PRESENTATION_STYLE_ASSIGNMENT (( #1327 ) ) ;
#760 = VERTEX_POINT ( 'NONE', #2368 ) ;
#761 = CARTESIAN_POINT ( 'NONE',  ( 1.680000000000002602, 1.500000000000000000, 30.00000000000000000 ) ) ;
#762 = SURFACE_SIDE_STYLE ('',( #2427 ) ) ;
#763 = CARTESIAN_POINT ( 'NONE',  ( -9.439999999999997726, 1.500000000000000000, 30.00000000000000000 ) ) ;
#764 = LINE ( 'NONE', #960, #2355 ) ;
#765 = VERTEX_POINT ( 'NONE', #2409 ) ;
#766 =( NAMED_UNIT ( * ) PLANE_ANGLE_UNIT ( ) SI_UNIT ( $, .RADIAN. ) );
#767 = ADVANCED_FACE ( 'NONE', ( #685 ), #1095, .T. ) ;
#768 = UNCERTAINTY_MEASURE_WITH_UNIT (LENGTH_MEASURE( 1.000000000000000082E-05 ), #2057, 'distance_accuracy_value', 'NONE');
#769 = CARTESIAN_POINT ( 'NONE',  ( 13.89900000000000624, 13.50000000000000000, 0.000000000000000000 ) ) ;
#770 = EDGE_LOOP ( 'NONE', ( #415, #54, #2033, #441 ) ) ;
#771 = PLANE ( 'NONE',  #2267 ) ;
#772 = DIRECTION ( 'NONE',  ( -1.591343432691319046E-16, 1.000000000000000000, 0.000000000000000000 ) ) ;
#773 = CARTESIAN_POINT ( 'NONE',  ( 11.79999999999999893, 1.500000000000000444, 30.00000000000000000 ) ) ;
#774 = FACE_OUTER_BOUND ( 'NONE', #1686, .T. ) ;
#775 = AXIS2_PLACEMENT_3D ( 'NONE', #769, #1521, #1151 ) ;
#776 = ORIENTED_EDGE ( 'NONE', *, *, #1678, .T. ) ;
#777 = STYLED_ITEM ( 'NONE', ( #1709 ), #373 ) ;
#778 = AXIS2_PLACEMENT_3D ( 'NONE', #2058, #1693, #1358 ) ;
#779 = CARTESIAN_POINT ( 'NONE',  ( 8.339000000000003965, 13.50000000000000000, 30.00000000000000000 ) ) ;
#780 =( NAMED_UNIT ( * ) SI_UNIT ( $, .STERADIAN. ) SOLID_ANGLE_UNIT ( ) );
#781 = MECHANICAL_DESIGN_GEOMETRIC_PRESENTATION_REPRESENTATION (  '', ( #1534 ), #1615 ) ;
#782 = CIRCLE ( 'NONE', #1921, 0.6999999999999992895 ) ;
#783 = ORIENTED_EDGE ( 'NONE', *, *, #386, .T. ) ;
#784 = SURFACE_STYLE_USAGE ( .BOTH. , #67 ) ;
#785 = CARTESIAN_POINT ( 'NONE',  ( -2.780999999999997030, 13.49999999999999822, 0.000000000000000000 ) ) ;
#786 = CARTESIAN_POINT ( 'NONE',  ( -7.239999999999997549, 0.5000000000000000000, 0.000000000000000000 ) ) ;
#787 = VECTOR ( 'NONE', #327, 1000.000000000000000 ) ;
#788 = SURFACE_STYLE_USAGE ( .BOTH. , #1731 ) ;
#789 = CIRCLE ( 'NONE', #558, 1.098999999999997534 ) ;
#790 = ORIENTED_EDGE ( 'NONE', *, *, #839, .T. ) ;
#791 = LINE ( 'NONE', #1923, #1292 ) ;
#792 = AXIS2_PLACEMENT_3D ( 'NONE', #446, #1192, #1164 ) ;
#793 = AXIS2_PLACEMENT_3D ( 'NONE', #566, #1111, #1514 ) ;
#794 = UNCERTAINTY_MEASURE_WITH_UNIT (LENGTH_MEASURE( 1.000000000000000082E-05 ), #1474, 'distance_accuracy_value', 'NONE');
#795 = LINE ( 'NONE', #1714, #267 ) ;
#796 = FILL_AREA_STYLE ('',( #39 ) ) ;
#797 = VERTEX_POINT ( 'NONE', #291 ) ;
#798 =( NAMED_UNIT ( * ) SI_UNIT ( $, .STERADIAN. ) SOLID_ANGLE_UNIT ( ) );
#799 = DIRECTION ( 'NONE',  ( -0.000000000000000000, -0.000000000000000000, 1.000000000000000000 ) ) ;
#800 = EDGE_CURVE ( 'NONE', #274, #79, #625, .T. ) ;
#801 = DIRECTION ( 'NONE',  ( 0.000000000000000000, 0.000000000000000000, 1.000000000000000000 ) ) ;
#802 =( LENGTH_UNIT ( ) NAMED_UNIT ( * ) SI_UNIT ( .MILLI., .METRE. ) );
#803 = PRESENTATION_LAYER_ASSIGNMENT (  '', '', ( #1553 ) ) ;
#804 = ORIENTED_EDGE ( 'NONE', *, *, #1494, .F. ) ;
#805 = SURFACE_STYLE_FILL_AREA ( #71 ) ;
#806 = PLANE ( 'NONE',  #2379 ) ;
#807 = COLOUR_RGB ( '',0.1098039215686274495, 0.1098039215686274495, 0.1098039215686274495 ) ;
#808 = DIRECTION ( 'NONE',  ( -1.591343432691319046E-16, -1.000000000000000000, 0.000000000000000000 ) ) ;
#809 = ORIENTED_EDGE ( 'NONE', *, *, #632, .F. ) ;
#810 = LINE ( 'NONE', #2303, #1872 ) ;
#811 =( NAMED_UNIT ( * ) PLANE_ANGLE_UNIT ( ) SI_UNIT ( $, .RADIAN. ) );
#812 = SURFACE_SIDE_STYLE ('',( #1750 ) ) ;
#813 = SURFACE_STYLE_FILL_AREA ( #45 ) ;
#814 = DIRECTION ( 'NONE',  ( -0.000000000000000000, -1.000000000000000000, -0.000000000000000000 ) ) ;
#815 = DIRECTION ( 'NONE',  ( -1.591343432691319046E-16, -1.000000000000000000, -0.000000000000000000 ) ) ;
#816 = ADVANCED_FACE ( 'NONE', ( #1656 ), #1809, .T. ) ;
#817 = VERTEX_POINT ( 'NONE', #1981 ) ;
#818 =( NAMED_UNIT ( * ) SI_UNIT ( $, .STERADIAN. ) SOLID_ANGLE_UNIT ( ) );
#819 = LINE ( 'NONE', #96, #534 ) ;
#820 = COLOUR_RGB ( '',0.1098039215686274495, 0.1098039215686274495, 0.1098039215686274495 ) ;
#821 =( GEOMETRIC_REPRESENTATION_CONTEXT ( 3 ) GLOBAL_UNCERTAINTY_ASSIGNED_CONTEXT ( ( #1713 ) ) GLOBAL_UNIT_ASSIGNED_CONTEXT ( ( #1817, #127, #729 ) ) REPRESENTATION_CONTEXT ( 'NONE', 'WORKASPACE' ) );
#822 = UNCERTAINTY_MEASURE_WITH_UNIT (LENGTH_MEASURE( 1.000000000000000082E-05 ), #1552, 'distance_accuracy_value', 'NONE');
#823 =( LENGTH_UNIT ( ) NAMED_UNIT ( * ) SI_UNIT ( .MILLI., .METRE. ) );
#824 = CARTESIAN_POINT ( 'NONE',  ( 15.00000000000000178, -1.500000000000000000, 30.00000000000000000 ) ) ;
#825 = MECHANICAL_DESIGN_GEOMETRIC_PRESENTATION_REPRESENTATION (  '', ( #269 ), #1172 ) ;
#826 = ORIENTED_EDGE ( 'NONE', *, *, #800, .T. ) ;
#827 = CARTESIAN_POINT ( 'NONE',  ( 10.40000000000000213, 0.7275480734413598549, 19.99999999999999645 ) ) ;
#828 = CARTESIAN_POINT ( 'NONE',  ( -13.89899999999999558, 12.40099999999999980, 0.000000000000000000 ) ) ;
#829 = EDGE_CURVE ( 'NONE', #162, #1453, #867, .T. ) ;
#830 = SURFACE_SIDE_STYLE ('',( #652 ) ) ;
#831 = COLOUR_RGB ( '',0.7921568627450980005, 0.8196078431372548767, 0.9333333333333333481 ) ;
#832 = ORIENTED_EDGE ( 'NONE', *, *, #1317, .T. ) ;
#833 = MECHANICAL_DESIGN_GEOMETRIC_PRESENTATION_REPRESENTATION (  '', ( #2352 ), #1700 ) ;
#834 = SURFACE_SIDE_STYLE ('',( #805 ) ) ;
#835 = CARTESIAN_POINT ( 'NONE',  ( -13.90099999999999802, 12.40099999999999980, 30.00000000000000000 ) ) ;
#836 = STYLED_ITEM ( 'NONE', ( #165 ), #1790 ) ;
#837 = PRODUCT ( 'RAD-DY-GF3', 'RAD-DY-GF3', '', ( #131 ) ) ;
#838 = CARTESIAN_POINT ( 'NONE',  ( 10.40000000000000213, 0.7275480734413597439, 30.00000000000000000 ) ) ;
#839 = EDGE_CURVE ( 'NONE', #437, #2144, #375, .T. ) ;
#840 = VECTOR ( 'NONE', #1947, 1000.000000000000000 ) ;
#841 = EDGE_CURVE ( 'NONE', #1306, #139, #1570, .T. ) ;
#842 = COLOUR_RGB ( '',0.1098039215686274495, 0.1098039215686274495, 0.1098039215686274495 ) ;
#843 = ORIENTED_EDGE ( 'NONE', *, *, #758, .T. ) ;
#844 = DIRECTION ( 'NONE',  ( 1.000000000000000000, 0.000000000000000000, 0.000000000000000000 ) ) ;
#845 = DIRECTION ( 'NONE',  ( -1.591343432691319046E-16, 1.000000000000000000, 0.000000000000000000 ) ) ;
#846 = ORIENTED_EDGE ( 'NONE', *, *, #1751, .T. ) ;
#847 = FILL_AREA_STYLE ('',( #87 ) ) ;
#848 = ADVANCED_FACE ( 'NONE', ( #1716 ), #771, .T. ) ;
#849 = UNCERTAINTY_MEASURE_WITH_UNIT (LENGTH_MEASURE( 1.000000000000000082E-05 ), #2272, 'distance_accuracy_value', 'NONE');
#850 = SURFACE_STYLE_USAGE ( .BOTH. , #298 ) ;
#851 = CIRCLE ( 'NONE', #1787, 0.6999999999999992895 ) ;
#852 = EDGE_CURVE ( 'NONE', #1286, #1540, #174, .T. ) ;
#853 = EDGE_LOOP ( 'NONE', ( #2012, #919, #1812, #1532 ) ) ;
#854 = DIRECTION ( 'NONE',  ( 0.000000000000000000, 0.000000000000000000, -1.000000000000000000 ) ) ;
#855 = EDGE_CURVE ( 'NONE', #575, #7, #539, .T. ) ;
#856 =( NAMED_UNIT ( * ) SI_UNIT ( $, .STERADIAN. ) SOLID_ANGLE_UNIT ( ) );
#857 = DIRECTION ( 'NONE',  ( 1.000000000000000000, 0.000000000000000000, 0.000000000000000000 ) ) ;
#858 = ORIENTED_EDGE ( 'NONE', *, *, #318, .T. ) ;
#859 = FACE_OUTER_BOUND ( 'NONE', #1250, .T. ) ;
#860 = SURFACE_STYLE_USAGE ( .BOTH. , #265 ) ;
#861 = VECTOR ( 'NONE', #2156, 1000.000000000000000 ) ;
#862 = CARTESIAN_POINT ( 'NONE',  ( 12.80000000000000959, 12.40099999999999980, 30.00000000000000000 ) ) ;
#863 = CARTESIAN_POINT ( 'NONE',  ( 2.781000000000004135, 12.40099999999999980, 0.000000000000000000 ) ) ;
#864 = AXIS2_PLACEMENT_3D ( 'NONE', #1633, #1297, #1826 ) ;
#865 = CARTESIAN_POINT ( 'NONE',  ( 8.341000000000006409, 13.50000000000000000, 30.00000000000000000 ) ) ;
#866 = VECTOR ( 'NONE', #676, 1000.000000000000000 ) ;
#867 = LINE ( 'NONE', #1617, #866 ) ;
#868 = CIRCLE ( 'NONE', #2230, 1.098999999999998423 ) ;
#869 =( NAMED_UNIT ( * ) PLANE_ANGLE_UNIT ( ) SI_UNIT ( $, .RADIAN. ) );
#870 = VECTOR ( 'NONE', #1124, 1000.000000000000000 ) ;
#871 = ORIENTED_EDGE ( 'NONE', *, *, #1569, .F. ) ;
#872 = SURFACE_STYLE_USAGE ( .BOTH. , #108 ) ;
#873 =( NAMED_UNIT ( * ) PLANE_ANGLE_UNIT ( ) SI_UNIT ( $, .RADIAN. ) );
#874 = PRESENTATION_LAYER_ASSIGNMENT (  '', '', ( #1499 ) ) ;
#875 = EDGE_LOOP ( 'NONE', ( #2001, #732, #2193, #2060 ) ) ;
#876 = AXIS2_PLACEMENT_3D ( 'NONE', #1527, #735, #599 ) ;
#877 = PRESENTATION_LAYER_ASSIGNMENT (  '', '', ( #1543 ) ) ;
#878 = CARTESIAN_POINT ( 'NONE',  ( 15.00000000000000178, -1.500000000000000000, 0.000000000000000000 ) ) ;
#879 = VECTOR ( 'NONE', #1075, 1000.000000000000000 ) ;
#880 = FILL_AREA_STYLE_COLOUR ( '', #310 ) ;
#881 = EDGE_CURVE ( 'NONE', #2063, #1405, #957, .T. ) ;
#882 = EDGE_LOOP ( 'NONE', ( #953, #672, #2008, #2371 ) ) ;
#883 = CARTESIAN_POINT ( 'NONE',  ( -14.99999999999999822, 1.500000000000000000, 30.00000000000000000 ) ) ;
#884 = DIRECTION ( 'NONE',  ( 0.000000000000000000, 0.000000000000000000, 1.000000000000000000 ) ) ;
#885 = FILL_AREA_STYLE ('',( #522 ) ) ;
#886 = ORIENTED_EDGE ( 'NONE', *, *, #2032, .T. ) ;
#887 = ORIENTED_EDGE ( 'NONE', *, *, #1259, .T. ) ;
#888 = VECTOR ( 'NONE', #141, 1000.000000000000000 ) ;
#889 = SURFACE_STYLE_FILL_AREA ( #1477 ) ;
#890 = ORIENTED_EDGE ( 'NONE', *, *, #216, .F. ) ;
#891 =( NAMED_UNIT ( * ) SI_UNIT ( $, .STERADIAN. ) SOLID_ANGLE_UNIT ( ) );
#892 = LINE ( 'NONE', #164, #97 ) ;
#893 = EDGE_CURVE ( 'NONE', #575, #1100, #9, .T. ) ;
#894 = PRODUCT_DEFINITION_SHAPE ( 'NONE', 'NONE',  #457 ) ;
#895 = EDGE_LOOP ( 'NONE', ( #505, #1523, #203, #497 ) ) ;
#896 = FILL_AREA_STYLE ('',( #1963 ) ) ;
#897 = FACE_OUTER_BOUND ( 'NONE', #249, .T. ) ;
#898 = DIRECTION ( 'NONE',  ( -1.000000000000000000, 0.000000000000000000, 0.000000000000000000 ) ) ;
#899 = PRESENTATION_STYLE_ASSIGNMENT (( #716 ) ) ;
#900 = STYLED_ITEM ( 'NONE', ( #1755 ), #229 ) ;
#901 = CARTESIAN_POINT ( 'NONE',  ( -1.679999999999995719, 1.500000000000000000, 0.000000000000000000 ) ) ;
#902 = CARTESIAN_POINT ( 'NONE',  ( 11.79999999999999893, 6.776765385805610720, 30.00000000000000000 ) ) ;
#903 = EDGE_CURVE ( 'NONE', #1236, #2028, #2231, .T. ) ;
#904 = ORIENTED_EDGE ( 'NONE', *, *, #1392, .F. ) ;
#905 = SURFACE_SIDE_STYLE ('',( #149 ) ) ;
#906 = FACE_OUTER_BOUND ( 'NONE', #1065, .T. ) ;
#907 = SURFACE_SIDE_STYLE ('',( #726 ) ) ;
#908 = ORIENTED_EDGE ( 'NONE', *, *, #116, .T. ) ;
#909 = FILL_AREA_STYLE_COLOUR ( '', #2153 ) ;
#910 = DIRECTION ( 'NONE',  ( 0.000000000000000000, 0.000000000000000000, 1.000000000000000000 ) ) ;
#911 = LINE ( 'NONE', #2052, #206 ) ;
#912 = EDGE_CURVE ( 'NONE', #2415, #1076, #2418, .T. ) ;
#913 =( LENGTH_UNIT ( ) NAMED_UNIT ( * ) SI_UNIT ( .MILLI., .METRE. ) );
#914 = EDGE_CURVE ( 'NONE', #437, #2415, #1320, .T. ) ;
#915 = AXIS2_PLACEMENT_3D ( 'NONE', #1407, #1759, #638 ) ;
#916 = ADVANCED_FACE ( 'NONE', ( #1875 ), #2066, .F. ) ;
#917 = SURFACE_STYLE_FILL_AREA ( #2172 ) ;
#918 =( NAMED_UNIT ( * ) SI_UNIT ( $, .STERADIAN. ) SOLID_ANGLE_UNIT ( ) );
#919 = ORIENTED_EDGE ( 'NONE', *, *, #721, .F. ) ;
#920 = CARTESIAN_POINT ( 'NONE',  ( -11.09999999999999787, 0.7275480734413672934, 19.99999999999999645 ) ) ;
#921 =( NAMED_UNIT ( * ) SI_UNIT ( $, .STERADIAN. ) SOLID_ANGLE_UNIT ( ) );
#922 = VERTEX_POINT ( 'NONE', #80 ) ;
#923 = DIRECTION ( 'NONE',  ( 0.000000000000000000, 0.000000000000000000, 1.000000000000000000 ) ) ;
#924 = LINE ( 'NONE', #938, #1473 ) ;
#925 = DIRECTION ( 'NONE',  ( 1.000000000000000000, 0.000000000000000000, 0.000000000000000000 ) ) ;
#926 = VERTEX_POINT ( 'NONE', #611 ) ;
#927 = EDGE_CURVE ( 'NONE', #1764, #1017, #624, .T. ) ;
#928 =( NAMED_UNIT ( * ) SI_UNIT ( $, .STERADIAN. ) SOLID_ANGLE_UNIT ( ) );
#929 = DIRECTION ( 'NONE',  ( 0.000000000000000000, 0.000000000000000000, 1.000000000000000000 ) ) ;
#930 = CIRCLE ( 'NONE', #2286, 1.098999999999997534 ) ;
#931 =( NAMED_UNIT ( * ) PLANE_ANGLE_UNIT ( ) SI_UNIT ( $, .RADIAN. ) );
#932 = EDGE_CURVE ( 'NONE', #2189, #1743, #1015, .T. ) ;
#933 = VERTEX_POINT ( 'NONE', #1551 ) ;
#934 = CARTESIAN_POINT ( 'NONE',  ( -10.39999999999999503, 6.776765385805617825, 30.00000000000000000 ) ) ;
#935 = LINE ( 'NONE', #1837, #1105 ) ;
#936 =( NAMED_UNIT ( * ) PLANE_ANGLE_UNIT ( ) SI_UNIT ( $, .RADIAN. ) );
#937 = ORIENTED_EDGE ( 'NONE', *, *, #914, .F. ) ;
#938 = CARTESIAN_POINT ( 'NONE',  ( -11.79999999999999538, 0.7275480734413674044, 19.99999999999999645 ) ) ;
#939 = CARTESIAN_POINT ( 'NONE',  ( -14.99999999999999822, 1.500000000000000000, 30.00000000000000000 ) ) ;
#940 = EDGE_CURVE ( 'NONE', #1721, #797, #2277, .T. ) ;
#941 = ORIENTED_EDGE ( 'NONE', *, *, #526, .F. ) ;
#942 =( LENGTH_UNIT ( ) NAMED_UNIT ( * ) SI_UNIT ( .MILLI., .METRE. ) );
#943 = SURFACE_STYLE_USAGE ( .BOTH. , #209 ) ;
#944 = FACE_OUTER_BOUND ( 'NONE', #687, .T. ) ;
#945 = ADVANCED_FACE ( 'NONE', ( #235 ), #1942, .F. ) ;
#946 = DIRECTION ( 'NONE',  ( -1.000000000000000000, -0.000000000000000000, -0.000000000000000000 ) ) ;
#947 = ORIENTED_EDGE ( 'NONE', *, *, #855, .T. ) ;
#948 = PRESENTATION_STYLE_ASSIGNMENT (( #190 ) ) ;
#949 =( GEOMETRIC_REPRESENTATION_CONTEXT ( 3 ) GLOBAL_UNCERTAINTY_ASSIGNED_CONTEXT ( ( #2166 ) ) GLOBAL_UNIT_ASSIGNED_CONTEXT ( ( #1051, #482, #1264 ) ) REPRESENTATION_CONTEXT ( 'NONE', 'WORKASPACE' ) );
#950 = PLANE ( 'NONE',  #1718 ) ;
#951 = DIRECTION ( 'NONE',  ( 0.000000000000000000, 0.000000000000000000, 1.000000000000000000 ) ) ;
#952 = PLANE ( 'NONE',  #775 ) ;
#953 = ORIENTED_EDGE ( 'NONE', *, *, #499, .F. ) ;
#954 = MECHANICAL_DESIGN_GEOMETRIC_PRESENTATION_REPRESENTATION (  '', ( #1499 ), #1896 ) ;
#955 = STYLED_ITEM ( 'NONE', ( #2184 ), #767 ) ;
#956 = AXIS2_PLACEMENT_3D ( 'NONE', #81, #1216, #1739 ) ;
#957 = LINE ( 'NONE', #2042, #1964 ) ;
#958 = LINE ( 'NONE', #1705, #707 ) ;
#959 = DIRECTION ( 'NONE',  ( 0.000000000000000000, 0.000000000000000000, 1.000000000000000000 ) ) ;
#960 = CARTESIAN_POINT ( 'NONE',  ( -14.99999999999999822, 1.500000000000000000, 0.000000000000000000 ) ) ;
#961 = EDGE_CURVE ( 'NONE', #1467, #1806, #2133, .T. ) ;
#962 = COLOUR_RGB ( '',0.1098039215686274495, 0.1098039215686274495, 0.1098039215686274495 ) ;
#963 = ORIENTED_EDGE ( 'NONE', *, *, #2003, .T. ) ;
#964 = FILL_AREA_STYLE ('',( #411 ) ) ;
#965 = SURFACE_SIDE_STYLE ('',( #1353 ) ) ;
#966 = EDGE_CURVE ( 'NONE', #765, #2174, #1002, .T. ) ;
#967 = PRESENTATION_STYLE_ASSIGNMENT (( #51 ) ) ;
#968 = ORIENTED_EDGE ( 'NONE', *, *, #1300, .T. ) ;
#969 = CARTESIAN_POINT ( 'NONE',  ( 11.09999999999999964, 0.7275480734413597439, 19.99999999999999645 ) ) ;
#970 = CARTESIAN_POINT ( 'NONE',  ( -8.340999999999997527, 12.40099999999999980, 0.000000000000000000 ) ) ;
#971 = LINE ( 'NONE', #224, #163 ) ;
#972 = ORIENTED_EDGE ( 'NONE', *, *, #172, .T. ) ;
#973 = CARTESIAN_POINT ( 'NONE',  ( 11.79999999999999893, 6.776765385805610720, 0.000000000000000000 ) ) ;
#974 = FILL_AREA_STYLE_COLOUR ( '', #2296 ) ;
#975 = UNCERTAINTY_MEASURE_WITH_UNIT (LENGTH_MEASURE( 1.000000000000000082E-05 ), #1042, 'distance_accuracy_value', 'NONE');
#976 = CYLINDRICAL_SURFACE ( 'NONE', #1074, 1.098999999999997534 ) ;
#977 = EDGE_LOOP ( 'NONE', ( #2234, #809 ) ) ;
#978 = CARTESIAN_POINT ( 'NONE',  ( -13.89899999999999558, 13.50000000000000000, 30.00000000000000000 ) ) ;
#979 = DIRECTION ( 'NONE',  ( -1.000000000000000000, 0.000000000000000000, 0.000000000000000000 ) ) ;
#980 = CARTESIAN_POINT ( 'NONE',  ( -12.79999999999999716, 1.500000000000000000, 0.000000000000000000 ) ) ;
#981 = VERTEX_POINT ( 'NONE', #827 ) ;
#982 = STYLED_ITEM ( 'NONE', ( #2217 ), #458 ) ;
#983 =( NAMED_UNIT ( * ) SI_UNIT ( $, .STERADIAN. ) SOLID_ANGLE_UNIT ( ) );
#984 = COLOUR_RGB ( '',0.1098039215686274495, 0.1098039215686274495, 0.1098039215686274495 ) ;
#985 = CARTESIAN_POINT ( 'NONE',  ( 13.90100000000000868, 13.50000000000000000, 0.000000000000000000 ) ) ;
#986 = EDGE_CURVE ( 'NONE', #177, #2189, #1588, .T. ) ;
#987 = EDGE_LOOP ( 'NONE', ( #1636, #1281, #2108, #2044 ) ) ;
#988 = DIRECTION ( 'NONE',  ( 1.000000000000000000, 0.000000000000000000, 0.000000000000000000 ) ) ;
#989 = VECTOR ( 'NONE', #2354, 1000.000000000000000 ) ;
#990 =( NAMED_UNIT ( * ) PLANE_ANGLE_UNIT ( ) SI_UNIT ( $, .RADIAN. ) );
#991 = CARTESIAN_POINT ( 'NONE',  ( 2.781000000000004135, 13.50000000000000000, 0.000000000000000000 ) ) ;
#992 = PRODUCT_DEFINITION_FORMATION_WITH_SPECIFIED_SOURCE ( 'ANY', '', #837, .NOT_KNOWN. ) ;
#993 = PRESENTATION_LAYER_ASSIGNMENT (  '', '', ( #836 ) ) ;
#994 = ORIENTED_EDGE ( 'NONE', *, *, #2375, .T. ) ;
#995 = FILL_AREA_STYLE_COLOUR ( '', #1136 ) ;
#996 = FACE_OUTER_BOUND ( 'NONE', #2283, .T. ) ;
#997 = AXIS2_PLACEMENT_3D ( 'NONE', #1238, #1835, #517 ) ;
#998 = VECTOR ( 'NONE', #144, 1000.000000000000000 ) ;
#999 = UNCERTAINTY_MEASURE_WITH_UNIT (LENGTH_MEASURE( 1.000000000000000082E-05 ), #1888, 'distance_accuracy_value', 'NONE');
#1000 = CYLINDRICAL_SURFACE ( 'NONE', #1546, 1.098999999999998423 ) ;
#1001 = EDGE_LOOP ( 'NONE', ( #1870, #557, #584, #1486 ) ) ;
#1002 = LINE ( 'NONE', #1748, #1048 ) ;
#1003 = EDGE_CURVE ( 'NONE', #1010, #1017, #810, .T. ) ;
#1004 = FILL_AREA_STYLE ('',( #2122 ) ) ;
#1005 = SURFACE_STYLE_FILL_AREA ( #1591 ) ;
#1006 = ORIENTED_EDGE ( 'NONE', *, *, #966, .T. ) ;
#1007 = DIRECTION ( 'NONE',  ( -1.000000000000000000, 0.000000000000000000, 0.000000000000000000 ) ) ;
#1008 = DIRECTION ( 'NONE',  ( 0.000000000000000000, 0.000000000000000000, 1.000000000000000000 ) ) ;
#1009 = EDGE_CURVE ( 'NONE', #148, #2068, #1954, .T. ) ;
#1010 = VERTEX_POINT ( 'NONE', #647 ) ;
#1011 = VECTOR ( 'NONE', #2337, 1000.000000000000000 ) ;
#1012 = SURFACE_SIDE_STYLE ('',( #1749 ) ) ;
#1013 = EDGE_CURVE ( 'NONE', #519, #2415, #1406, .T. ) ;
#1014 = CARTESIAN_POINT ( 'NONE',  ( 11.79999999999999893, 0.7275480734413598549, 30.00000000000000000 ) ) ;
#1015 = CIRCLE ( 'NONE', #377, 1.098999999999997534 ) ;
#1016 = ADVANCED_FACE ( 'NONE', ( #477 ), #1854, .T. ) ;
#1017 = VERTEX_POINT ( 'NONE', #1415 ) ;
#1018 = DIRECTION ( 'NONE',  ( 0.000000000000000000, 0.000000000000000000, 1.000000000000000000 ) ) ;
#1019 = CARTESIAN_POINT ( 'NONE',  ( -10.39999999999999503, 6.776765385805617825, 0.000000000000000000 ) ) ;
#1020 = AXIS2_PLACEMENT_3D ( 'NONE', #1537, #2106, #574 ) ;
#1021 = AXIS2_PLACEMENT_3D ( 'NONE', #1533, #287, #2336 ) ;
#1022 = UNCERTAINTY_MEASURE_WITH_UNIT (LENGTH_MEASURE( 1.000000000000000082E-05 ), #823, 'distance_accuracy_value', 'NONE');
#1023 = CARTESIAN_POINT ( 'NONE',  ( -9.439999999999997726, 1.500000000000000000, 0.000000000000000000 ) ) ;
#1024 = DIRECTION ( 'NONE',  ( -0.000000000000000000, -0.000000000000000000, -1.000000000000000000 ) ) ;
#1025 = AXIS2_PLACEMENT_3D ( 'NONE', #970, #1719, #1545 ) ;
#1026 = ORIENTED_EDGE ( 'NONE', *, *, #1883, .T. ) ;
#1027 = DIRECTION ( 'NONE',  ( 0.000000000000000000, 0.000000000000000000, 1.000000000000000000 ) ) ;
#1028 = DIRECTION ( 'NONE',  ( -1.000000000000000000, 0.000000000000000000, 0.000000000000000000 ) ) ;
#1029 = CARTESIAN_POINT ( 'NONE',  ( -14.99999999999999822, 1.500000000000000000, 30.00000000000000000 ) ) ;
#1030 = ORIENTED_EDGE ( 'NONE', *, *, #1118, .T. ) ;
#1031 = AXIS2_PLACEMENT_3D ( 'NONE', #247, #44, #1028 ) ;
#1032 = CARTESIAN_POINT ( 'NONE',  ( 3.880000000000003446, 1.500000000000000000, 0.000000000000000000 ) ) ;
#1033 = EDGE_CURVE ( 'NONE', #469, #1344, #924, .T. ) ;
#1034 = EDGE_CURVE ( 'NONE', #2351, #1777, #524, .T. ) ;
#1035 = SURFACE_STYLE_FILL_AREA ( #680 ) ;
#1036 = AXIS2_PLACEMENT_3D ( 'NONE', #1631, #1114, #530 ) ;
#1037 = CARTESIAN_POINT ( 'NONE',  ( 8.339000000000003965, 12.40099999999999980, 0.000000000000000000 ) ) ;
#1038 = MECHANICAL_DESIGN_GEOMETRIC_PRESENTATION_REPRESENTATION (  '', ( #282 ), #2323 ) ;
#1039 = VERTEX_POINT ( 'NONE', #2239 ) ;
#1040 =( LENGTH_UNIT ( ) NAMED_UNIT ( * ) SI_UNIT ( .MILLI., .METRE. ) );
#1041 = CARTESIAN_POINT ( 'NONE',  ( -3.879999999999996341, 0.5000000000000000000, 30.00000000000000000 ) ) ;
#1042 =( LENGTH_UNIT ( ) NAMED_UNIT ( * ) SI_UNIT ( .MILLI., .METRE. ) );
#1043 = CARTESIAN_POINT ( 'NONE',  ( 11.09999999999999964, 0.7275480734413597439, 19.99999999999999645 ) ) ;
#1044 = SURFACE_STYLE_FILL_AREA ( #2291 ) ;
#1045 = FACE_OUTER_BOUND ( 'NONE', #2204, .T. ) ;
#1046 = ORIENTED_EDGE ( 'NONE', *, *, #2280, .T. ) ;
#1047 = CARTESIAN_POINT ( 'NONE',  ( -9.439999999999997726, 1.500000000000000000, 0.000000000000000000 ) ) ;
#1048 = VECTOR ( 'NONE', #55, 1000.000000000000000 ) ;
#1049 = VERTEX_POINT ( 'NONE', #1685 ) ;
#1050 = SHAPE_DEFINITION_REPRESENTATION ( #894, #29 ) ;
#1051 =( LENGTH_UNIT ( ) NAMED_UNIT ( * ) SI_UNIT ( .MILLI., .METRE. ) );
#1052 = SURFACE_SIDE_STYLE ('',( #292 ) ) ;
#1053 = EDGE_LOOP ( 'NONE', ( #1491, #666, #826, #107 ) ) ;
#1054 =( NAMED_UNIT ( * ) PLANE_ANGLE_UNIT ( ) SI_UNIT ( $, .RADIAN. ) );
#1055 = ORIENTED_EDGE ( 'NONE', *, *, #569, .F. ) ;
#1056 = MECHANICAL_DESIGN_GEOMETRIC_PRESENTATION_REPRESENTATION (  '', ( #900 ), #1725 ) ;
#1057 = LINE ( 'NONE', #1424, #1648 ) ;
#1058 = STYLED_ITEM ( 'NONE', ( #312 ), #330 ) ;
#1059 = ORIENTED_EDGE ( 'NONE', *, *, #1195, .T. ) ;
#1060 = AXIS2_PLACEMENT_3D ( 'NONE', #883, #678, #2029 ) ;
#1061 = EDGE_CURVE ( 'NONE', #1547, #244, #930, .T. ) ;
#1062 = EDGE_CURVE ( 'NONE', #1165, #274, #2424, .T. ) ;
#1063 = EDGE_CURVE ( 'NONE', #1683, #2359, #2158, .T. ) ;
#1064 = CARTESIAN_POINT ( 'NONE',  ( -12.79999999999999893, 12.40099999999999980, 30.00000000000000000 ) ) ;
#1065 = EDGE_LOOP ( 'NONE', ( #2294, #1647, #1178, #1471 ) ) ;
#1066 = SURFACE_STYLE_USAGE ( .BOTH. , #907 ) ;
#1067 = VECTOR ( 'NONE', #1485, 1000.000000000000000 ) ;
#1068 = ORIENTED_EDGE ( 'NONE', *, *, #758, .F. ) ;
#1069 = DIRECTION ( 'NONE',  ( 1.000000000000000000, 0.000000000000000000, 0.000000000000000000 ) ) ;
#1070 = COLOUR_RGB ( '',0.7921568627450980005, 0.8196078431372548767, 0.9333333333333333481 ) ;
#1071 = PLANE ( 'NONE',  #1702 ) ;
#1072 = AXIS2_PLACEMENT_3D ( 'NONE', #615, #85, #845 ) ;
#1073 = ADVANCED_FACE ( 'NONE', ( #1978 ), #2389, .T. ) ;
#1074 = AXIS2_PLACEMENT_3D ( 'NONE', #1037, #1586, #1805 ) ;
#1075 = DIRECTION ( 'NONE',  ( -0.000000000000000000, 1.000000000000000000, -0.000000000000000000 ) ) ;
#1076 = VERTEX_POINT ( 'NONE', #2223 ) ;
#1077 = EDGE_LOOP ( 'NONE', ( #1797, #2095, #364, #1360 ) ) ;
#1078 = FACE_OUTER_BOUND ( 'NONE', #1894, .T. ) ;
#1079 = PRESENTATION_LAYER_ASSIGNMENT (  '', '', ( #603 ) ) ;
#1080 =( NAMED_UNIT ( * ) SI_UNIT ( $, .STERADIAN. ) SOLID_ANGLE_UNIT ( ) );
#1081 = FILL_AREA_STYLE ('',( #2182 ) ) ;
#1082 = CARTESIAN_POINT ( 'NONE',  ( -9.439999999999997726, 1.500000000000000000, 0.000000000000000000 ) ) ;
#1083 = PLANE ( 'NONE',  #2241 ) ;
#1084 = VERTEX_POINT ( 'NONE', #549 ) ;
#1085 = CARTESIAN_POINT ( 'NONE',  ( -10.39999999999999680, 1.500000000000000000, 30.00000000000000000 ) ) ;
#1086 = CARTESIAN_POINT ( 'NONE',  ( -10.39999999999999858, 0.7275480734413668493, 0.000000000000000000 ) ) ;
#1087 = FILL_AREA_STYLE ('',( #1470 ) ) ;
#1088 = EDGE_CURVE ( 'NONE', #148, #926, #1288, .T. ) ;
#1089 = VERTEX_POINT ( 'NONE', #2404 ) ;
#1090 = FACE_OUTER_BOUND ( 'NONE', #679, .T. ) ;
#1091 = SURFACE_STYLE_FILL_AREA ( #2199 ) ;
#1092 =( GEOMETRIC_REPRESENTATION_CONTEXT ( 3 ) GLOBAL_UNCERTAINTY_ASSIGNED_CONTEXT ( ( #25 ) ) GLOBAL_UNIT_ASSIGNED_CONTEXT ( ( #2284, #2299, #620 ) ) REPRESENTATION_CONTEXT ( 'NONE', 'WORKASPACE' ) );
#1093 = SURFACE_STYLE_FILL_AREA ( #1989 ) ;
#1094 = PLANE ( 'NONE',  #793 ) ;
#1095 = PLANE ( 'NONE',  #658 ) ;
#1096 = PRESENTATION_STYLE_ASSIGNMENT (( #540 ) ) ;
#1097 = ORIENTED_EDGE ( 'NONE', *, *, #841, .F. ) ;
#1098 = SURFACE_STYLE_USAGE ( .BOTH. , #905 ) ;
#1099 = DIRECTION ( 'NONE',  ( 1.000000000000000000, -5.735365044436847242E-16, 0.000000000000000000 ) ) ;
#1100 = VERTEX_POINT ( 'NONE', #2036 ) ;
#1101 = SURFACE_SIDE_STYLE ('',( #140 ) ) ;
#1102 = ADVANCED_FACE ( 'NONE', ( #897 ), #1303, .F. ) ;
#1103 = FILL_AREA_STYLE_COLOUR ( '', #2370 ) ;
#1104 = LINE ( 'NONE', #1304, #481 ) ;
#1105 = VECTOR ( 'NONE', #150, 1000.000000000000000 ) ;
#1106 = DIRECTION ( 'NONE',  ( -1.000000000000000000, 0.000000000000000000, 0.000000000000000000 ) ) ;
#1107 = COLOUR_RGB ( '',0.1098039215686274495, 0.1098039215686274495, 0.1098039215686274495 ) ;
#1108 = ORIENTED_EDGE ( 'NONE', *, *, #2135, .F. ) ;
#1109 = PLANE ( 'NONE',  #202 ) ;
#1110 = VECTOR ( 'NONE', #397, 1000.000000000000000 ) ;
#1111 = DIRECTION ( 'NONE',  ( 0.000000000000000000, 0.000000000000000000, -1.000000000000000000 ) ) ;
#1112 = FILL_AREA_STYLE ('',( #196 ) ) ;
#1113 = CIRCLE ( 'NONE', #1626, 0.6999999999999992895 ) ;
#1114 = DIRECTION ( 'NONE',  ( 1.000000000000000000, 1.591343432691319046E-16, -0.000000000000000000 ) ) ;
#1115 = ORIENTED_EDGE ( 'NONE', *, *, #1447, .T. ) ;
#1116 = FACE_OUTER_BOUND ( 'NONE', #1825, .T. ) ;
#1117 = SURFACE_STYLE_USAGE ( .BOTH. , #1443 ) ;
#1118 = EDGE_CURVE ( 'NONE', #17, #2181, #1829, .T. ) ;
#1119 = VERTEX_POINT ( 'NONE', #383 ) ;
#1120 = FILL_AREA_STYLE_COLOUR ( '', #1412 ) ;
#1121 =( LENGTH_UNIT ( ) NAMED_UNIT ( * ) SI_UNIT ( .MILLI., .METRE. ) );
#1122 = CARTESIAN_POINT ( 'NONE',  ( -3.879999999999996341, 1.500000000000000000, 30.00000000000000000 ) ) ;
#1123 = ORIENTED_EDGE ( 'NONE', *, *, #881, .F. ) ;
#1124 = DIRECTION ( 'NONE',  ( 0.000000000000000000, 0.000000000000000000, -1.000000000000000000 ) ) ;
#1125 = DIRECTION ( 'NONE',  ( -0.000000000000000000, -0.000000000000000000, -1.000000000000000000 ) ) ;
#1126 = LINE ( 'NONE', #1878, #698 ) ;
#1127 = ORIENTED_EDGE ( 'NONE', *, *, #1088, .F. ) ;
#1128 = SURFACE_STYLE_FILL_AREA ( #399 ) ;
#1129 =( NAMED_UNIT ( * ) SI_UNIT ( $, .STERADIAN. ) SOLID_ANGLE_UNIT ( ) );
#1130 = ORIENTED_EDGE ( 'NONE', *, *, #233, .T. ) ;
#1131 = COLOUR_RGB ( '',0.1098039215686274495, 0.1098039215686274495, 0.1098039215686274495 ) ;
#1132 = PRESENTATION_STYLE_ASSIGNMENT (( #173 ) ) ;
#1133 = DIRECTION ( 'NONE',  ( -1.000000000000000000, -0.000000000000000000, -0.000000000000000000 ) ) ;
#1134 = EDGE_CURVE ( 'NONE', #437, #268, #23, .T. ) ;
#1135 = CARTESIAN_POINT ( 'NONE',  ( -14.99999999999999822, -1.500000000000000000, 30.00000000000000000 ) ) ;
#1136 = COLOUR_RGB ( '',0.1098039215686274495, 0.1098039215686274495, 0.1098039215686274495 ) ;
#1137 = PLANE ( 'NONE',  #396 ) ;
#1138 = CARTESIAN_POINT ( 'NONE',  ( 2.781000000000004135, 13.50000000000000000, 0.000000000000000000 ) ) ;
#1139 = DIRECTION ( 'NONE',  ( -1.591343432691319046E-16, 1.000000000000000000, 0.000000000000000000 ) ) ;
#1140 = ORIENTED_EDGE ( 'NONE', *, *, #1874, .F. ) ;
#1141 = CARTESIAN_POINT ( 'NONE',  ( -13.90099999999999802, 13.49999999999999822, 0.000000000000000000 ) ) ;
#1142 = ORIENTED_EDGE ( 'NONE', *, *, #1674, .T. ) ;
#1143 = CIRCLE ( 'NONE', #1031, 1.098999999999998423 ) ;
#1144 = SURFACE_STYLE_FILL_AREA ( #1112 ) ;
#1145 = CARTESIAN_POINT ( 'NONE',  ( -14.99999999999999645, 12.40099999999999980, 0.000000000000000000 ) ) ;
#1146 = DIRECTION ( 'NONE',  ( 0.000000000000000000, 0.000000000000000000, 1.000000000000000000 ) ) ;
#1147 = LINE ( 'NONE', #20, #2405 ) ;
#1148 = EDGE_LOOP ( 'NONE', ( #348, #308, #580, #1561, #1444, #123, #1291, #570, #1127, #671, #2318, #594, #1068, #1780, #871, #2157, #1738, #1550, #2366, #1801, #508, #171, #1839, #2425, #1879, #2382, #1378, #1675, #1046, #2162, #1613, #262, #1328, #1426, #453, #430, #2103, #2114, #890, #1097, #1866, #2411, #1997, #776 ) ) ;
#1149 = DIRECTION ( 'NONE',  ( 0.000000000000000000, 1.000000000000000000, 0.000000000000000000 ) ) ;
#1150 = SURFACE_STYLE_USAGE ( .BOTH. , #965 ) ;
#1151 = DIRECTION ( 'NONE',  ( 0.000000000000000000, -0.000000000000000000, 1.000000000000000000 ) ) ;
#1152 =( NAMED_UNIT ( * ) PLANE_ANGLE_UNIT ( ) SI_UNIT ( $, .RADIAN. ) );
#1153 = VERTEX_POINT ( 'NONE', #1141 ) ;
#1154 = DIRECTION ( 'NONE',  ( 0.000000000000000000, 0.000000000000000000, 1.000000000000000000 ) ) ;
#1155 = DIRECTION ( 'NONE',  ( 0.000000000000000000, 0.000000000000000000, 1.000000000000000000 ) ) ;
#1156 = DIRECTION ( 'NONE',  ( 0.000000000000000000, 0.000000000000000000, 1.000000000000000000 ) ) ;
#1157 = FILL_AREA_STYLE ('',( #2268 ) ) ;
#1158 = ORIENTED_EDGE ( 'NONE', *, *, #1359, .F. ) ;
#1159 = EDGE_CURVE ( 'NONE', #1049, #469, #851, .T. ) ;
#1160 = AXIS2_PLACEMENT_3D ( 'NONE', #835, #2141, #1007 ) ;
#1161 = VECTOR ( 'NONE', #343, 1000.000000000000000 ) ;
#1162 = FILL_AREA_STYLE_COLOUR ( '', #339 ) ;
#1163 = ADVANCED_FACE ( 'NONE', ( #996 ), #806, .T. ) ;
#1164 = DIRECTION ( 'NONE',  ( 1.000000000000000000, 0.000000000000000000, 0.000000000000000000 ) ) ;
#1165 = VERTEX_POINT ( 'NONE', #2116 ) ;
#1166 = CARTESIAN_POINT ( 'NONE',  ( -13.89899999999999558, 13.50000000000000000, 0.000000000000000000 ) ) ;
#1167 = MECHANICAL_DESIGN_GEOMETRIC_PRESENTATION_REPRESENTATION (  '', ( #2421 ), #304 ) ;
#1168 = CARTESIAN_POINT ( 'NONE',  ( -14.99999999999999645, 12.40099999999999980, 0.000000000000000000 ) ) ;
#1169 = DIRECTION ( 'NONE',  ( 0.000000000000000000, 1.000000000000000000, 0.000000000000000000 ) ) ;
#1170 = COLOUR_RGB ( '',0.1098039215686274495, 0.1098039215686274495, 0.1098039215686274495 ) ;
#1171 = EDGE_LOOP ( 'NONE', ( #226, #565, #1911, #2186 ) ) ;
#1172 =( GEOMETRIC_REPRESENTATION_CONTEXT ( 3 ) GLOBAL_UNCERTAINTY_ASSIGNED_CONTEXT ( ( #2071 ) ) GLOBAL_UNIT_ASSIGNED_CONTEXT ( ( #95, #654, #2128 ) ) REPRESENTATION_CONTEXT ( 'NONE', 'WORKASPACE' ) );
#1173 = SURFACE_STYLE_USAGE ( .BOTH. , #1744 ) ;
#1174 = DIRECTION ( 'NONE',  ( 0.000000000000000000, -1.000000000000000000, 0.000000000000000000 ) ) ;
#1175 = ADVANCED_FACE ( 'NONE', ( #2270 ), #950, .F. ) ;
#1176 = CARTESIAN_POINT ( 'NONE',  ( -3.879999999999994564, 12.40099999999999980, 0.000000000000000000 ) ) ;
#1177 = DIRECTION ( 'NONE',  ( -1.000000000000000000, 0.000000000000000000, 0.000000000000000000 ) ) ;
#1178 = ORIENTED_EDGE ( 'NONE', *, *, #2407, .T. ) ;
#1179 = DIRECTION ( 'NONE',  ( 1.000000000000000000, 0.000000000000000000, 0.000000000000000000 ) ) ;
#1180 = AXIS2_PLACEMENT_3D ( 'NONE', #347, #2391, #1106 ) ;
#1181 = CYLINDRICAL_SURFACE ( 'NONE', #1583, 1.098999999999997534 ) ;
#1182 = VECTOR ( 'NONE', #1967, 1000.000000000000000 ) ;
#1183 =( NAMED_UNIT ( * ) PLANE_ANGLE_UNIT ( ) SI_UNIT ( $, .RADIAN. ) );
#1184 = PRESENTATION_STYLE_ASSIGNMENT (( #1796 ) ) ;
#1185 = MECHANICAL_DESIGN_GEOMETRIC_PRESENTATION_REPRESENTATION (  '', ( #955 ), #434 ) ;
#1186 = VECTOR ( 'NONE', #1707, 1000.000000000000000 ) ;
#1187 = EDGE_LOOP ( 'NONE', ( #1791, #2099, #1503, #1756 ) ) ;
#1188 =( NAMED_UNIT ( * ) PLANE_ANGLE_UNIT ( ) SI_UNIT ( $, .RADIAN. ) );
#1189 = VECTOR ( 'NONE', #1024, 1000.000000000000000 ) ;
#1190 = PRESENTATION_LAYER_ASSIGNMENT (  '', '', ( #518 ) ) ;
#1191 = UNCERTAINTY_MEASURE_WITH_UNIT (LENGTH_MEASURE( 1.000000000000000082E-05 ), #507, 'distance_accuracy_value', 'NONE');
#1192 = DIRECTION ( 'NONE',  ( 0.000000000000000000, 0.000000000000000000, 1.000000000000000000 ) ) ;
#1193 = ORIENTED_EDGE ( 'NONE', *, *, #587, .F. ) ;
#1194 = FILL_AREA_STYLE_COLOUR ( '', #1131 ) ;
#1195 = EDGE_CURVE ( 'NONE', #1453, #1547, #1582, .T. ) ;
#1196 = DIRECTION ( 'NONE',  ( 1.000000000000000000, 0.000000000000000000, 0.000000000000000000 ) ) ;
#1197 = COLOUR_RGB ( '',0.1098039215686274495, 0.1098039215686274495, 0.1098039215686274495 ) ;
#1198 = ORIENTED_EDGE ( 'NONE', *, *, #986, .F. ) ;
#1199 = SURFACE_SIDE_STYLE ('',( #1401 ) ) ;
#1200 = DIRECTION ( 'NONE',  ( 1.000000000000000000, 1.591343432691319046E-16, -0.000000000000000000 ) ) ;
#1201 = ORIENTED_EDGE ( 'NONE', *, *, #1376, .T. ) ;
#1202 = DIRECTION ( 'NONE',  ( 0.000000000000000000, 0.000000000000000000, 1.000000000000000000 ) ) ;
#1203 = LINE ( 'NONE', #1041, #1539 ) ;
#1204 = FILL_AREA_STYLE ('',( #2137 ) ) ;
#1205 = EDGE_CURVE ( 'NONE', #426, #1941, #1788, .T. ) ;
#1206 =( NAMED_UNIT ( * ) PLANE_ANGLE_UNIT ( ) SI_UNIT ( $, .RADIAN. ) );
#1207 = ADVANCED_FACE ( 'NONE', ( #1568 ), #1232, .T. ) ;
#1208 =( LENGTH_UNIT ( ) NAMED_UNIT ( * ) SI_UNIT ( .MILLI., .METRE. ) );
#1209 = CARTESIAN_POINT ( 'NONE',  ( 9.440000000000004832, 1.500000000000000000, 0.000000000000000000 ) ) ;
#1210 = ORIENTED_EDGE ( 'NONE', *, *, #1862, .T. ) ;
#1211 = FACE_OUTER_BOUND ( 'NONE', #369, .T. ) ;
#1212 = UNCERTAINTY_MEASURE_WITH_UNIT (LENGTH_MEASURE( 1.000000000000000082E-05 ), #132, 'distance_accuracy_value', 'NONE');
#1213 = COLOUR_RGB ( '',0.1098039215686274495, 0.1098039215686274495, 0.1098039215686274495 ) ;
#1214 = VERTEX_POINT ( 'NONE', #288 ) ;
#1215 =( NAMED_UNIT ( * ) PLANE_ANGLE_UNIT ( ) SI_UNIT ( $, .RADIAN. ) );
#1216 = DIRECTION ( 'NONE',  ( 0.000000000000000000, 0.000000000000000000, 1.000000000000000000 ) ) ;
#1217 = VECTOR ( 'NONE', #577, 1000.000000000000000 ) ;
#1218 =( LENGTH_UNIT ( ) NAMED_UNIT ( * ) SI_UNIT ( .MILLI., .METRE. ) );
#1219 = DIRECTION ( 'NONE',  ( -1.000000000000000000, -0.000000000000000000, -0.000000000000000000 ) ) ;
#1220 = LINE ( 'NONE', #2112, #1579 ) ;
#1221 = ORIENTED_EDGE ( 'NONE', *, *, #1009, .F. ) ;
#1222 = COLOUR_RGB ( '',0.1098039215686274495, 0.1098039215686274495, 0.1098039215686274495 ) ;
#1223 = SURFACE_STYLE_FILL_AREA ( #1231 ) ;
#1224 = MECHANICAL_DESIGN_GEOMETRIC_PRESENTATION_REPRESENTATION (  '', ( #1898 ), #354 ) ;
#1225 =( GEOMETRIC_REPRESENTATION_CONTEXT ( 3 ) GLOBAL_UNCERTAINTY_ASSIGNED_CONTEXT ( ( #1436 ) ) GLOBAL_UNIT_ASSIGNED_CONTEXT ( ( #802, #559, #1753 ) ) REPRESENTATION_CONTEXT ( 'NONE', 'WORKASPACE' ) );
#1226 = PRESENTATION_LAYER_ASSIGNMENT (  '', '', ( #282 ) ) ;
#1227 = ORIENTED_EDGE ( 'NONE', *, *, #1569, .T. ) ;
#1228 = DIRECTION ( 'NONE',  ( -1.000000000000000000, -0.000000000000000000, -0.000000000000000000 ) ) ;
#1229 =( NAMED_UNIT ( * ) SI_UNIT ( $, .STERADIAN. ) SOLID_ANGLE_UNIT ( ) );
#1230 = ORIENTED_EDGE ( 'NONE', *, *, #2381, .F. ) ;
#1231 = FILL_AREA_STYLE ('',( #2309 ) ) ;
#1232 = PLANE ( 'NONE',  #420 ) ;
#1233 = UNCERTAINTY_MEASURE_WITH_UNIT (LENGTH_MEASURE( 1.000000000000000082E-05 ), #109, 'distance_accuracy_value', 'NONE');
#1234 = FACE_OUTER_BOUND ( 'NONE', #723, .T. ) ;
#1235 = EDGE_CURVE ( 'NONE', #1914, #148, #689, .T. ) ;
#1236 = VERTEX_POINT ( 'NONE', #62 ) ;
#1237 =( LENGTH_UNIT ( ) NAMED_UNIT ( * ) SI_UNIT ( .MILLI., .METRE. ) );
#1238 = CARTESIAN_POINT ( 'NONE',  ( -11.09999999999999787, 0.7275480734413672934, 30.00000000000000000 ) ) ;
#1239 = PRESENTATION_LAYER_ASSIGNMENT (  '', '', ( #2257 ) ) ;
#1240 = ORIENTED_EDGE ( 'NONE', *, *, #2202, .T. ) ;
#1241 = FACE_OUTER_BOUND ( 'NONE', #895, .T. ) ;
#1242 =( NAMED_UNIT ( * ) SI_UNIT ( $, .STERADIAN. ) SOLID_ANGLE_UNIT ( ) );
#1243 = EDGE_CURVE ( 'NONE', #335, #737, #1596, .T. ) ;
#1244 = ORIENTED_EDGE ( 'NONE', *, *, #1349, .T. ) ;
#1245 = MECHANICAL_DESIGN_GEOMETRIC_PRESENTATION_REPRESENTATION (  '', ( #2220 ), #1882 ) ;
#1246 = DIRECTION ( 'NONE',  ( -1.000000000000000000, 1.591343432691319046E-16, 0.000000000000000000 ) ) ;
#1247 = CIRCLE ( 'NONE', #1528, 0.6999999999999992895 ) ;
#1248 = EDGE_CURVE ( 'NONE', #1100, #2387, #819, .T. ) ;
#1249 = VERTEX_POINT ( 'NONE', #655 ) ;
#1250 = EDGE_LOOP ( 'NONE', ( #1931, #1244, #500, #1658 ) ) ;
#1251 = STYLED_ITEM ( 'NONE', ( #1630 ), #816 ) ;
#1252 = SURFACE_STYLE_USAGE ( .BOTH. , #2380 ) ;
#1253 = SURFACE_STYLE_FILL_AREA ( #1642 ) ;
#1254 = EDGE_LOOP ( 'NONE', ( #2269, #941, #296, #89 ) ) ;
#1255 = DIRECTION ( 'NONE',  ( 0.000000000000000000, -0.000000000000000000, -1.000000000000000000 ) ) ;
#1256 = AXIS2_PLACEMENT_3D ( 'NONE', #478, #1919, #988 ) ;
#1257 = ORIENTED_EDGE ( 'NONE', *, *, #2240, .F. ) ;
#1258 =( LENGTH_UNIT ( ) NAMED_UNIT ( * ) SI_UNIT ( .MILLI., .METRE. ) );
#1259 = EDGE_CURVE ( 'NONE', #933, #286, #471, .T. ) ;
#1260 =( NAMED_UNIT ( * ) PLANE_ANGLE_UNIT ( ) SI_UNIT ( $, .RADIAN. ) );
#1261 = FILL_AREA_STYLE_COLOUR ( '', #1840 ) ;
#1262 = AXIS2_PLACEMENT_3D ( 'NONE', #1564, #429, #2345 ) ;
#1263 =( GEOMETRIC_REPRESENTATION_CONTEXT ( 3 ) GLOBAL_UNCERTAINTY_ASSIGNED_CONTEXT ( ( #1951 ) ) GLOBAL_UNIT_ASSIGNED_CONTEXT ( ( #2171, #1603, #856 ) ) REPRESENTATION_CONTEXT ( 'NONE', 'WORKASPACE' ) );
#1264 =( NAMED_UNIT ( * ) SI_UNIT ( $, .STERADIAN. ) SOLID_ANGLE_UNIT ( ) );
#1265 = ADVANCED_FACE ( 'NONE', ( #859 ), #263, .F. ) ;
#1266 = SURFACE_SIDE_STYLE ('',( #889 ) ) ;
#1267 = ORIENTED_EDGE ( 'NONE', *, *, #1494, .T. ) ;
#1268 = DIRECTION ( 'NONE',  ( 0.000000000000000000, 0.000000000000000000, 1.000000000000000000 ) ) ;
#1269 = DIRECTION ( 'NONE',  ( -0.000000000000000000, -0.000000000000000000, 1.000000000000000000 ) ) ;
#1270 =( NAMED_UNIT ( * ) SI_UNIT ( $, .STERADIAN. ) SOLID_ANGLE_UNIT ( ) );
#1271 = ORIENTED_EDGE ( 'NONE', *, *, #932, .F. ) ;
#1272 = SURFACE_STYLE_USAGE ( .BOTH. , #2197 ) ;
#1273 = FILL_AREA_STYLE_COLOUR ( '', #2428 ) ;
#1274 =( GEOMETRIC_REPRESENTATION_CONTEXT ( 3 ) GLOBAL_UNCERTAINTY_ASSIGNED_CONTEXT ( ( #1341 ) ) GLOBAL_UNIT_ASSIGNED_CONTEXT ( ( #155, #766, #1745 ) ) REPRESENTATION_CONTEXT ( 'NONE', 'WORKASPACE' ) );
#1275 = FILL_AREA_STYLE_COLOUR ( '', #1623 ) ;
#1276 = CARTESIAN_POINT ( 'NONE',  ( -7.239999999999997549, 12.40099999999999980, 30.00000000000000000 ) ) ;
#1277 = SURFACE_STYLE_USAGE ( .BOTH. , #2201 ) ;
#1278 = LINE ( 'NONE', #352, #166 ) ;
#1279 = ADVANCED_FACE ( 'NONE', ( #2206 ), #1634, .T. ) ;
#1280 = VECTOR ( 'NONE', #2399, 1000.000000000000000 ) ;
#1281 = ORIENTED_EDGE ( 'NONE', *, *, #451, .T. ) ;
#1282 = DIRECTION ( 'NONE',  ( 0.000000000000000000, 0.000000000000000000, 1.000000000000000000 ) ) ;
#1283 = CARTESIAN_POINT ( 'NONE',  ( 12.80000000000000782, 1.500000000000000000, 0.000000000000000000 ) ) ;
#1284 =( NAMED_UNIT ( * ) SI_UNIT ( $, .STERADIAN. ) SOLID_ANGLE_UNIT ( ) );
#1285 = EDGE_CURVE ( 'NONE', #1721, #2127, #2413, .T. ) ;
#1286 = VERTEX_POINT ( 'NONE', #688 ) ;
#1287 = SURFACE_STYLE_USAGE ( .BOTH. , #2403 ) ;
#1288 = LINE ( 'NONE', #1842, #888 ) ;
#1289 =( GEOMETRIC_REPRESENTATION_CONTEXT ( 3 ) GLOBAL_UNCERTAINTY_ASSIGNED_CONTEXT ( ( #1413 ) ) GLOBAL_UNIT_ASSIGNED_CONTEXT ( ( #913, #180, #744 ) ) REPRESENTATION_CONTEXT ( 'NONE', 'WORKASPACE' ) );
#1290 = DIRECTION ( 'NONE',  ( 0.000000000000000000, 0.000000000000000000, -1.000000000000000000 ) ) ;
#1291 = ORIENTED_EDGE ( 'NONE', *, *, #893, .F. ) ;
#1292 = VECTOR ( 'NONE', #2083, 1000.000000000000000 ) ;
#1293 = CARTESIAN_POINT ( 'NONE',  ( 2.779000000000002135, 13.50000000000000000, 0.000000000000000000 ) ) ;
#1294 = LINE ( 'NONE', #1666, #998 ) ;
#1295 = CARTESIAN_POINT ( 'NONE',  ( -7.239999999999997549, 0.5000000000000000000, 0.000000000000000000 ) ) ;
#1296 = EDGE_LOOP ( 'NONE', ( #1695, #755, #60, #47 ) ) ;
#1297 = DIRECTION ( 'NONE',  ( 0.000000000000000000, 0.000000000000000000, 1.000000000000000000 ) ) ;
#1298 = PRESENTATION_STYLE_ASSIGNMENT (( #2020 ) ) ;
#1299 = PRESENTATION_LAYER_ASSIGNMENT (  '', '', ( #1534 ) ) ;
#1300 = EDGE_CURVE ( 'NONE', #1715, #1628, #1670, .T. ) ;
#1301 = EDGE_LOOP ( 'NONE', ( #331, #2243, #1587, #311 ) ) ;
#1302 = PRESENTATION_STYLE_ASSIGNMENT (( #1287 ) ) ;
#1303 = PLANE ( 'NONE',  #1784 ) ;
#1304 = CARTESIAN_POINT ( 'NONE',  ( -3.879999999999996341, 0.5000000000000000000, 0.000000000000000000 ) ) ;
#1305 = PRESENTATION_STYLE_ASSIGNMENT (( #1318 ) ) ;
#1306 = VERTEX_POINT ( 'NONE', #333 ) ;
#1307 =( GEOMETRIC_REPRESENTATION_CONTEXT ( 3 ) GLOBAL_UNCERTAINTY_ASSIGNED_CONTEXT ( ( #1735 ) ) GLOBAL_UNIT_ASSIGNED_CONTEXT ( ( #1237, #1664, #2002 ) ) REPRESENTATION_CONTEXT ( 'NONE', 'WORKASPACE' ) );
#1308 = DIRECTION ( 'NONE',  ( 1.000000000000000000, 0.000000000000000000, 0.000000000000000000 ) ) ;
#1309 = MECHANICAL_DESIGN_GEOMETRIC_PRESENTATION_REPRESENTATION (  '', ( #2123 ), #1900 ) ;
#1310 = STYLED_ITEM ( 'NONE', ( #589 ), #2430 ) ;
#1311 = EDGE_LOOP ( 'NONE', ( #1431, #742, #2154, #937 ) ) ;
#1312 =( NAMED_UNIT ( * ) PLANE_ANGLE_UNIT ( ) SI_UNIT ( $, .RADIAN. ) );
#1313 = VERTEX_POINT ( 'NONE', #2030 ) ;
#1314 =( NAMED_UNIT ( * ) SI_UNIT ( $, .STERADIAN. ) SOLID_ANGLE_UNIT ( ) );
#1315 = EDGE_CURVE ( 'NONE', #493, #13, #532, .T. ) ;
#1316 = DIRECTION ( 'NONE',  ( -1.000000000000000000, -0.000000000000000000, -0.000000000000000000 ) ) ;
#1317 = EDGE_CURVE ( 'NONE', #7, #34, #544, .T. ) ;
#1318 = SURFACE_STYLE_USAGE ( .BOTH. , #128 ) ;
#1319 = ORIENTED_EDGE ( 'NONE', *, *, #1205, .F. ) ;
#1320 = LINE ( 'NONE', #586, #870 ) ;
#1321 = AXIS2_PLACEMENT_3D ( 'NONE', #325, #1673, #2416 ) ;
#1322 = LINE ( 'NONE', #1720, #1422 ) ;
#1323 = VECTOR ( 'NONE', #1827, 1000.000000000000000 ) ;
#1324 = ORIENTED_EDGE ( 'NONE', *, *, #1602, .T. ) ;
#1325 = PLANE ( 'NONE',  #27 ) ;
#1326 = FILL_AREA_STYLE ('',( #572 ) ) ;
#1327 = SURFACE_STYLE_USAGE ( .BOTH. , #6 ) ;
#1328 = ORIENTED_EDGE ( 'NONE', *, *, #829, .F. ) ;
#1329 = EDGE_CURVE ( 'NONE', #1680, #1405, #1850, .T. ) ;
#1330 = FILL_AREA_STYLE_COLOUR ( '', #1778 ) ;
#1331 = MECHANICAL_DESIGN_GEOMETRIC_PRESENTATION_REPRESENTATION (  '', ( #1484 ), #1092 ) ;
#1332 = DIRECTION ( 'NONE',  ( -1.591343432691319046E-16, 1.000000000000000000, 0.000000000000000000 ) ) ;
#1333 = LINE ( 'NONE', #588, #1457 ) ;
#1334 = AXIS2_PLACEMENT_3D ( 'NONE', #454, #470, #442 ) ;
#1335 =( NAMED_UNIT ( * ) SI_UNIT ( $, .STERADIAN. ) SOLID_ANGLE_UNIT ( ) );
#1336 = CIRCLE ( 'NONE', #583, 1.098999999999998423 ) ;
#1337 = CARTESIAN_POINT ( 'NONE',  ( 2.779000000000002135, 13.50000000000000000, 30.00000000000000000 ) ) ;
#1338 = ORIENTED_EDGE ( 'NONE', *, *, #855, .F. ) ;
#1339 =( NAMED_UNIT ( * ) PLANE_ANGLE_UNIT ( ) SI_UNIT ( $, .RADIAN. ) );
#1340 = DIRECTION ( 'NONE',  ( 0.000000000000000000, -0.000000000000000000, -1.000000000000000000 ) ) ;
#1341 = UNCERTAINTY_MEASURE_WITH_UNIT (LENGTH_MEASURE( 1.000000000000000082E-05 ), #155, 'distance_accuracy_value', 'NONE');
#1342 = EDGE_CURVE ( 'NONE', #656, #2028, #892, .T. ) ;
#1343 = CARTESIAN_POINT ( 'NONE',  ( 7.240000000000006430, 12.40099999999999980, 30.00000000000000000 ) ) ;
#1344 = VERTEX_POINT ( 'NONE', #1645 ) ;
#1345 = COLOUR_RGB ( '',0.1098039215686274495, 0.1098039215686274495, 0.1098039215686274495 ) ;
#1346 = FILL_AREA_STYLE ('',( #2426 ) ) ;
#1347 = DIRECTION ( 'NONE',  ( -1.000000000000000000, 0.000000000000000000, -0.000000000000000000 ) ) ;
#1348 =( GEOMETRIC_REPRESENTATION_CONTEXT ( 3 ) GLOBAL_UNCERTAINTY_ASSIGNED_CONTEXT ( ( #230 ) ) GLOBAL_UNIT_ASSIGNED_CONTEXT ( ( #137, #2400, #1284 ) ) REPRESENTATION_CONTEXT ( 'NONE', 'WORKASPACE' ) );
#1349 = EDGE_CURVE ( 'NONE', #335, #1372, #521, .T. ) ;
#1350 = CARTESIAN_POINT ( 'NONE',  ( -2.780999999999997030, 12.40099999999999980, 30.00000000000000000 ) ) ;
#1351 = DIRECTION ( 'NONE',  ( 1.000000000000000000, 0.000000000000000000, 0.000000000000000000 ) ) ;
#1352 = ORIENTED_EDGE ( 'NONE', *, *, #2374, .T. ) ;
#1353 = SURFACE_STYLE_FILL_AREA ( #1326 ) ;
#1354 = FACE_OUTER_BOUND ( 'NONE', #875, .T. ) ;
#1355 = ORIENTED_EDGE ( 'NONE', *, *, #1905, .F. ) ;
#1356 = DIRECTION ( 'NONE',  ( 0.000000000000000000, 0.000000000000000000, 1.000000000000000000 ) ) ;
#1357 = VECTOR ( 'NONE', #1027, 1000.000000000000000 ) ;
#1358 = DIRECTION ( 'NONE',  ( 1.000000000000000000, 0.000000000000000000, 0.000000000000000000 ) ) ;
#1359 = EDGE_CURVE ( 'NONE', #1214, #1236, #935, .T. ) ;
#1360 = ORIENTED_EDGE ( 'NONE', *, *, #618, .T. ) ;
#1361 = FACE_OUTER_BOUND ( 'NONE', #1171, .T. ) ;
#1362 = DIRECTION ( 'NONE',  ( 0.000000000000000000, -0.000000000000000000, 1.000000000000000000 ) ) ;
#1363 = VECTOR ( 'NONE', #630, 1000.000000000000000 ) ;
#1364 = UNCERTAINTY_MEASURE_WITH_UNIT (LENGTH_MEASURE( 1.000000000000000082E-05 ), #1939, 'distance_accuracy_value', 'NONE');
#1365 = DIRECTION ( 'NONE',  ( -1.000000000000000000, -0.000000000000000000, -0.000000000000000000 ) ) ;
#1366 = ORIENTED_EDGE ( 'NONE', *, *, #1342, .T. ) ;
#1367 = FILL_AREA_STYLE ('',( #1194 ) ) ;
#1368 = CARTESIAN_POINT ( 'NONE',  ( -12.79999999999999716, 1.500000000000000000, 0.000000000000000000 ) ) ;
#1369 = CARTESIAN_POINT ( 'NONE',  ( 0.000000000000000000, 0.5000000000000000000, 0.000000000000000000 ) ) ;
#1370 = ADVANCED_FACE ( 'NONE', ( #906 ), #1137, .T. ) ;
#1371 = VECTOR ( 'NONE', #1722, 1000.000000000000000 ) ;
#1372 = VERTEX_POINT ( 'NONE', #1889 ) ;
#1373 = AXIS2_PLACEMENT_3D ( 'NONE', #920, #2194, #2398 ) ;
#1374 = CARTESIAN_POINT ( 'NONE',  ( 10.40000000000000213, 6.776765385805610720, 30.00000000000000000 ) ) ;
#1375 = SURFACE_SIDE_STYLE ('',( #1091 ) ) ;
#1376 = EDGE_CURVE ( 'NONE', #2144, #2189, #1333, .T. ) ;
#1377 =( LENGTH_UNIT ( ) NAMED_UNIT ( * ) SI_UNIT ( .MILLI., .METRE. ) );
#1378 = ORIENTED_EDGE ( 'NONE', *, *, #1013, .F. ) ;
#1379 = SURFACE_STYLE_FILL_AREA ( #1367 ) ;
#1380 = FACE_OUTER_BOUND ( 'NONE', #1301, .T. ) ;
#1381 = AXIS2_PLACEMENT_3D ( 'NONE', #828, #1577, #1397 ) ;
#1382 = FILL_AREA_STYLE_COLOUR ( '', #1612 ) ;
#1383 = VECTOR ( 'NONE', #1689, 1000.000000000000000 ) ;
#1384 = DIRECTION ( 'NONE',  ( 1.000000000000000000, 0.000000000000000000, 0.000000000000000000 ) ) ;
#1385 = MECHANICAL_DESIGN_GEOMETRIC_PRESENTATION_REPRESENTATION (  '', ( #634 ), #1348 ) ;
#1386 = EDGE_LOOP ( 'NONE', ( #2324, #1733, #447, #86 ) ) ;
#1387 = FILL_AREA_STYLE_COLOUR ( '', #644 ) ;
#1388 = STYLED_ITEM ( 'NONE', ( #1395 ), #2179 ) ;
#1389 = UNCERTAINTY_MEASURE_WITH_UNIT (LENGTH_MEASURE( 1.000000000000000082E-05 ), #58, 'distance_accuracy_value', 'NONE');
#1390 =( NAMED_UNIT ( * ) SI_UNIT ( $, .STERADIAN. ) SOLID_ANGLE_UNIT ( ) );
#1391 = LINE ( 'NONE', #824, #1189 ) ;
#1392 = EDGE_CURVE ( 'NONE', #1715, #981, #1771, .T. ) ;
#1393 = ORIENTED_EDGE ( 'NONE', *, *, #1959, .T. ) ;
#1394 = PRESENTATION_STYLE_ASSIGNMENT (( #784 ) ) ;
#1395 = PRESENTATION_STYLE_ASSIGNMENT (( #1452 ) ) ;
#1396 = CARTESIAN_POINT ( 'NONE',  ( 11.79999999999999893, 0.7275480734413597439, 40.00000000000000000 ) ) ;
#1397 = DIRECTION ( 'NONE',  ( 1.000000000000000000, 0.000000000000000000, 0.000000000000000000 ) ) ;
#1398 = DIRECTION ( 'NONE',  ( 1.000000000000000000, 0.000000000000000000, 0.000000000000000000 ) ) ;
#1399 = PRESENTATION_STYLE_ASSIGNMENT (( #2322 ) ) ;
#1400 = ORIENTED_EDGE ( 'NONE', *, *, #1134, .F. ) ;
#1401 = SURFACE_STYLE_FILL_AREA ( #847 ) ;
#1402 = SURFACE_STYLE_USAGE ( .BOTH. , #295 ) ;
#1403 =( GEOMETRIC_REPRESENTATION_CONTEXT ( 3 ) GLOBAL_UNCERTAINTY_ASSIGNED_CONTEXT ( ( #401 ) ) GLOBAL_UNIT_ASSIGNED_CONTEXT ( ( #756, #595, #983 ) ) REPRESENTATION_CONTEXT ( 'NONE', 'WORKASPACE' ) );
#1404 = FACE_OUTER_BOUND ( 'NONE', #770, .T. ) ;
#1405 = VERTEX_POINT ( 'NONE', #555 ) ;
#1406 = LINE ( 'NONE', #2146, #2136 ) ;
#1407 = CARTESIAN_POINT ( 'NONE',  ( -8.340999999999997527, 12.40099999999999980, 30.00000000000000000 ) ) ;
#1408 = DIRECTION ( 'NONE',  ( 0.000000000000000000, -0.000000000000000000, 1.000000000000000000 ) ) ;
#1409 = CARTESIAN_POINT ( 'NONE',  ( 11.09999999999999964, 0.7275480734413597439, 40.00000000000000000 ) ) ;
#1410 = ORIENTED_EDGE ( 'NONE', *, *, #2390, .T. ) ;
#1411 = CYLINDRICAL_SURFACE ( 'NONE', #2305, 1.098999999999997534 ) ;
#1412 = COLOUR_RGB ( '',0.1098039215686274495, 0.1098039215686274495, 0.1098039215686274495 ) ;
#1413 = UNCERTAINTY_MEASURE_WITH_UNIT (LENGTH_MEASURE( 1.000000000000000082E-05 ), #913, 'distance_accuracy_value', 'NONE');
#1414 = DIRECTION ( 'NONE',  ( 1.000000000000000000, 0.000000000000000000, 0.000000000000000000 ) ) ;
#1415 = CARTESIAN_POINT ( 'NONE',  ( -1.679999999999996607, 12.40099999999999980, 30.00000000000000000 ) ) ;
#1416 = CARTESIAN_POINT ( 'NONE',  ( 2.779000000000002135, 13.49999999999999822, 0.000000000000000000 ) ) ;
#1417 = FILL_AREA_STYLE_COLOUR ( '', #479 ) ;
#1418 = EDGE_CURVE ( 'NONE', #1540, #484, #578, .T. ) ;
#1419 = ORIENTED_EDGE ( 'NONE', *, *, #510, .F. ) ;
#1420 = VECTOR ( 'NONE', #2245, 1000.000000000000000 ) ;
#1421 = SURFACE_STYLE_USAGE ( .BOTH. , #1973 ) ;
#1422 = VECTOR ( 'NONE', #1169, 1000.000000000000000 ) ;
#1423 = EDGE_CURVE ( 'NONE', #1453, #1119, #670, .T. ) ;
#1424 = CARTESIAN_POINT ( 'NONE',  ( -13.90099999999999802, 13.50000000000000000, 0.000000000000000000 ) ) ;
#1425 = STYLED_ITEM ( 'NONE', ( #608 ), #2215 ) ;
#1426 = ORIENTED_EDGE ( 'NONE', *, *, #2050, .F. ) ;
#1427 = EDGE_LOOP ( 'NONE', ( #1435, #1937, #1769, #1324 ) ) ;
#1428 = LINE ( 'NONE', #1807, #787 ) ;
#1429 = DIRECTION ( 'NONE',  ( 0.000000000000000000, 0.000000000000000000, 1.000000000000000000 ) ) ;
#1430 = LINE ( 'NONE', #902, #879 ) ;
#1431 = ORIENTED_EDGE ( 'NONE', *, *, #1134, .T. ) ;
#1432 = CARTESIAN_POINT ( 'NONE',  ( -13.90099999999999802, 12.40099999999999980, 0.000000000000000000 ) ) ;
#1433 = FILL_AREA_STYLE ('',( #88 ) ) ;
#1434 = EDGE_CURVE ( 'NONE', #139, #1481, #197, .T. ) ;
#1435 = ORIENTED_EDGE ( 'NONE', *, *, #1959, .F. ) ;
#1436 = UNCERTAINTY_MEASURE_WITH_UNIT (LENGTH_MEASURE( 1.000000000000000082E-05 ), #802, 'distance_accuracy_value', 'NONE');
#1437 = STYLED_ITEM ( 'NONE', ( #730 ), #1016 ) ;
#1438 = ORIENTED_EDGE ( 'NONE', *, *, #986, .T. ) ;
#1439 = ORIENTED_EDGE ( 'NONE', *, *, #103, .F. ) ;
#1440 = CARTESIAN_POINT ( 'NONE',  ( 12.80000000000000959, 12.40099999999999980, 0.000000000000000000 ) ) ;
#1441 = ADVANCED_FACE ( 'NONE', ( #944 ), #2232, .F. ) ;
#1442 = ORIENTED_EDGE ( 'NONE', *, *, #2105, .F. ) ;
#1443 = SURFACE_SIDE_STYLE ('',( #2420 ) ) ;
#1444 = ORIENTED_EDGE ( 'NONE', *, *, #372, .F. ) ;
#1445 = CARTESIAN_POINT ( 'NONE',  ( -11.09999999999999787, 0.7275480734413672934, 40.00000000000000000 ) ) ;
#1446 = PRESENTATION_LAYER_ASSIGNMENT (  '', '', ( #1058 ) ) ;
#1447 = EDGE_CURVE ( 'NONE', #1853, #2039, #1876, .T. ) ;
#1448 = STYLED_ITEM ( 'NONE', ( #2255 ), #546 ) ;
#1449 = DIRECTION ( 'NONE',  ( -1.591343432691319046E-16, 1.000000000000000000, 0.000000000000000000 ) ) ;
#1450 = CARTESIAN_POINT ( 'NONE',  ( 8.339000000000003965, 12.40099999999999980, 0.000000000000000000 ) ) ;
#1451 = CLOSED_SHELL ( 'NONE', ( #1073, #485, #449, #340 ) ) ;
#1452 = SURFACE_STYLE_USAGE ( .BOTH. , #2006 ) ;
#1453 = VERTEX_POINT ( 'NONE', #10 ) ;
#1454 =( NAMED_UNIT ( * ) SI_UNIT ( $, .STERADIAN. ) SOLID_ANGLE_UNIT ( ) );
#1455 = PLANE ( 'NONE',  #515 ) ;
#1456 = MECHANICAL_DESIGN_GEOMETRIC_PRESENTATION_REPRESENTATION (  '', ( #591 ), #1736 ) ;
#1457 = VECTOR ( 'NONE', #748, 1000.000000000000000 ) ;
#1458 = ORIENTED_EDGE ( 'NONE', *, *, #852, .T. ) ;
#1459 = SURFACE_STYLE_FILL_AREA ( #1651 ) ;
#1460 = AXIS2_PLACEMENT_3D ( 'NONE', #2067, #2282, #1351 ) ;
#1461 = CIRCLE ( 'NONE', #1505, 0.6999999999999992895 ) ;
#1462 = SURFACE_STYLE_FILL_AREA ( #706 ) ;
#1463 = DIRECTION ( 'NONE',  ( 0.000000000000000000, 0.000000000000000000, 1.000000000000000000 ) ) ;
#1464 = EDGE_CURVE ( 'NONE', #1467, #493, #2092, .T. ) ;
#1465 =( GEOMETRIC_REPRESENTATION_CONTEXT ( 3 ) GLOBAL_UNCERTAINTY_ASSIGNED_CONTEXT ( ( #1998 ) ) GLOBAL_UNIT_ASSIGNED_CONTEXT ( ( #1377, #1260, #1987 ) ) REPRESENTATION_CONTEXT ( 'NONE', 'WORKASPACE' ) );
#1466 = SURFACE_SIDE_STYLE ('',( #2200 ) ) ;
#1467 = VERTEX_POINT ( 'NONE', #1135 ) ;
#1468 = FILL_AREA_STYLE ('',( #2205 ) ) ;
#1469 = FILL_AREA_STYLE_COLOUR ( '', #1197 ) ;
#1470 = FILL_AREA_STYLE_COLOUR ( '', #1578 ) ;
#1471 = ORIENTED_EDGE ( 'NONE', *, *, #1285, .T. ) ;
#1472 = DIRECTION ( 'NONE',  ( -1.000000000000000000, 0.000000000000000000, 0.000000000000000000 ) ) ;
#1473 = VECTOR ( 'NONE', #1831, 1000.000000000000000 ) ;
#1474 =( LENGTH_UNIT ( ) NAMED_UNIT ( * ) SI_UNIT ( .MILLI., .METRE. ) );
#1475 = LINE ( 'NONE', #1863, #2362 ) ;
#1476 = DIRECTION ( 'NONE',  ( 0.000000000000000000, -0.000000000000000000, 1.000000000000000000 ) ) ;
#1477 = FILL_AREA_STYLE ('',( #341 ) ) ;
#1478 = ORIENTED_EDGE ( 'NONE', *, *, #2117, .T. ) ;
#1479 = CYLINDRICAL_SURFACE ( 'NONE', #864, 0.6999999999999992895 ) ;
#1480 = SURFACE_STYLE_FILL_AREA ( #309 ) ;
#1481 = VERTEX_POINT ( 'NONE', #978 ) ;
#1482 = DIRECTION ( 'NONE',  ( -1.591343432691319046E-16, -1.000000000000000000, 0.000000000000000000 ) ) ;
#1483 = CARTESIAN_POINT ( 'NONE',  ( -2.778999999999995030, 12.40099999999999980, 0.000000000000000000 ) ) ;
#1484 = STYLED_ITEM ( 'NONE', ( #967 ), #138 ) ;
#1485 = DIRECTION ( 'NONE',  ( -1.591343432691319046E-16, -1.000000000000000000, -0.000000000000000000 ) ) ;
#1486 = ORIENTED_EDGE ( 'NONE', *, *, #2251, .F. ) ;
#1487 = AXIS2_PLACEMENT_3D ( 'NONE', #973, #605, #1907 ) ;
#1488 = COLOUR_RGB ( '',0.1098039215686274495, 0.1098039215686274495, 0.1098039215686274495 ) ;
#1489 = CARTESIAN_POINT ( 'NONE',  ( 7.240000000000005542, 0.5000000000000000000, 0.000000000000000000 ) ) ;
#1490 = FILL_AREA_STYLE_COLOUR ( '', #1107 ) ;
#1491 = ORIENTED_EDGE ( 'NONE', *, *, #1118, .F. ) ;
#1492 =( LENGTH_UNIT ( ) NAMED_UNIT ( * ) SI_UNIT ( .MILLI., .METRE. ) );
#1493 = PRESENTATION_STYLE_ASSIGNMENT (( #1117 ) ) ;
#1494 = EDGE_CURVE ( 'NONE', #1165, #1743, #406, .T. ) ;
#1495 = EDGE_CURVE ( 'NONE', #628, #1941, #1506, .T. ) ;
#1496 = AXIS2_PLACEMENT_3D ( 'NONE', #1966, #256, #1562 ) ;
#1497 = ORIENTED_EDGE ( 'NONE', *, *, #1804, .T. ) ;
#1498 = CARTESIAN_POINT ( 'NONE',  ( 8.339000000000003965, 13.50000000000000000, 0.000000000000000000 ) ) ;
#1499 = STYLED_ITEM ( 'NONE', ( #899 ), #110 ) ;
#1500 = CIRCLE ( 'NONE', #315, 1.098999999999997534 ) ;
#1501 = LINE ( 'NONE', #1858, #199 ) ;
#1502 = CIRCLE ( 'NONE', #956, 0.6999999999999992895 ) ;
#1503 = ORIENTED_EDGE ( 'NONE', *, *, #2251, .T. ) ;
#1504 = COLOUR_RGB ( '',0.1098039215686274495, 0.1098039215686274495, 0.1098039215686274495 ) ;
#1505 = AXIS2_PLACEMENT_3D ( 'NONE', #627, #2152, #1384 ) ;
#1506 = LINE ( 'NONE', #1145, #1420 ) ;
#1507 = DIRECTION ( 'NONE',  ( 5.735365044436847242E-16, 1.000000000000000000, -0.000000000000000000 ) ) ;
#1508 = CARTESIAN_POINT ( 'NONE',  ( -2.778999999999995030, 12.40099999999999980, 30.00000000000000000 ) ) ;
#1509 = ORIENTED_EDGE ( 'NONE', *, *, #1205, .T. ) ;
#1510 = CARTESIAN_POINT ( 'NONE',  ( -8.340999999999997527, 13.50000000000000000, 0.000000000000000000 ) ) ;
#1511 = EDGE_CURVE ( 'NONE', #1914, #1777, #32, .T. ) ;
#1512 = UNCERTAINTY_MEASURE_WITH_UNIT (LENGTH_MEASURE( 1.000000000000000082E-05 ), #431, 'distance_accuracy_value', 'NONE');
#1513 = ORIENTED_EDGE ( 'NONE', *, *, #662, .T. ) ;
#1514 = DIRECTION ( 'NONE',  ( -1.000000000000000000, 0.000000000000000000, -0.000000000000000000 ) ) ;
#1515 =( NAMED_UNIT ( * ) PLANE_ANGLE_UNIT ( ) SI_UNIT ( $, .RADIAN. ) );
#1516 = VECTOR ( 'NONE', #1572, 1000.000000000000000 ) ;
#1517 =( LENGTH_UNIT ( ) NAMED_UNIT ( * ) SI_UNIT ( .MILLI., .METRE. ) );
#1518 = CARTESIAN_POINT ( 'NONE',  ( 2.781000000000004135, 13.50000000000000000, 30.00000000000000000 ) ) ;
#1519 = ORIENTED_EDGE ( 'NONE', *, *, #468, .F. ) ;
#1520 =( NAMED_UNIT ( * ) SI_UNIT ( $, .STERADIAN. ) SOLID_ANGLE_UNIT ( ) );
#1521 = DIRECTION ( 'NONE',  ( 0.000000000000000000, 1.000000000000000000, 0.000000000000000000 ) ) ;
#1522 = CARTESIAN_POINT ( 'NONE',  ( -14.99999999999999822, 1.500000000000000000, 30.00000000000000000 ) ) ;
#1523 = ORIENTED_EDGE ( 'NONE', *, *, #233, .F. ) ;
#1524 = EDGE_CURVE ( 'NONE', #41, #1010, #958, .T. ) ;
#1525 = EDGE_CURVE ( 'NONE', #1084, #1214, #1143, .T. ) ;
#1526 = CARTESIAN_POINT ( 'NONE',  ( -7.239999999999996660, 1.500000000000000000, 0.000000000000000000 ) ) ;
#1527 = CARTESIAN_POINT ( 'NONE',  ( 13.89900000000000624, 12.40099999999999980, 0.000000000000000000 ) ) ;
#1528 = AXIS2_PLACEMENT_3D ( 'NONE', #1445, #2013, #2178 ) ;
#1529 = LINE ( 'NONE', #763, #462 ) ;
#1530 = AXIS2_PLACEMENT_3D ( 'NONE', #11, #2266, #979 ) ;
#1531 = PLANE ( 'NONE',  #2320 ) ;
#1532 = ORIENTED_EDGE ( 'NONE', *, *, #1681, .T. ) ;
#1533 = CARTESIAN_POINT ( 'NONE',  ( 10.40000000000000213, 6.776765385805610720, 0.000000000000000000 ) ) ;
#1534 = STYLED_ITEM ( 'NONE', ( #1901 ), #916 ) ;
#1535 = VECTOR ( 'NONE', #734, 1000.000000000000000 ) ;
#1536 = UNCERTAINTY_MEASURE_WITH_UNIT (LENGTH_MEASURE( 1.000000000000000082E-05 ), #1962, 'distance_accuracy_value', 'NONE');
#1537 = CARTESIAN_POINT ( 'NONE',  ( 11.09999999999999964, 0.7275480734413597439, 40.00000000000000000 ) ) ;
#1538 = SURFACE_STYLE_FILL_AREA ( #796 ) ;
#1539 = VECTOR ( 'NONE', #854, 1000.000000000000000 ) ;
#1540 = VERTEX_POINT ( 'NONE', #1601 ) ;
#1541 = EDGE_CURVE ( 'NONE', #1899, #765, #1932, .T. ) ;
#1542 = DIRECTION ( 'NONE',  ( 0.000000000000000000, 0.000000000000000000, 1.000000000000000000 ) ) ;
#1543 = STYLED_ITEM ( 'NONE', ( #1493 ), #1773 ) ;
#1544 =( GEOMETRIC_REPRESENTATION_CONTEXT ( 3 ) GLOBAL_UNCERTAINTY_ASSIGNED_CONTEXT ( ( #444 ) ) GLOBAL_UNIT_ASSIGNED_CONTEXT ( ( #1589, #156, #313 ) ) REPRESENTATION_CONTEXT ( 'NONE', 'WORKASPACE' ) );
#1545 = DIRECTION ( 'NONE',  ( -1.000000000000000000, 0.000000000000000000, 0.000000000000000000 ) ) ;
#1546 = AXIS2_PLACEMENT_3D ( 'NONE', #2086, #1008, #219 ) ;
#1547 = VERTEX_POINT ( 'NONE', #1956 ) ;
#1548 = SURFACE_STYLE_USAGE ( .BOTH. , #1746 ) ;
#1549 = EDGE_CURVE ( 'NONE', #1628, #1671, #1502, .T. ) ;
#1550 = ORIENTED_EDGE ( 'NONE', *, *, #28, .F. ) ;
#1551 = CARTESIAN_POINT ( 'NONE',  ( -9.439999999999995950, 12.40099999999999980, 0.000000000000000000 ) ) ;
#1552 =( LENGTH_UNIT ( ) NAMED_UNIT ( * ) SI_UNIT ( .MILLI., .METRE. ) );
#1553 = STYLED_ITEM ( 'NONE', ( #1298 ), #1279 ) ;
#1554 = ADVANCED_FACE ( 'NONE', ( #1380 ), #2110, .F. ) ;
#1555 = DIRECTION ( 'NONE',  ( -1.591343432691319046E-16, -1.000000000000000000, -0.000000000000000000 ) ) ;
#1556 = PRESENTATION_STYLE_ASSIGNMENT (( #464 ) ) ;
#1557 = FILL_AREA_STYLE_COLOUR ( '', #1861 ) ;
#1558 = ORIENTED_EDGE ( 'NONE', *, *, #839, .F. ) ;
#1559 = UNCERTAINTY_MEASURE_WITH_UNIT (LENGTH_MEASURE( 1.000000000000000082E-05 ), #571, 'distance_accuracy_value', 'NONE');
#1560 = FACE_OUTER_BOUND ( 'NONE', #561, .T. ) ;
#1561 = ORIENTED_EDGE ( 'NONE', *, *, #576, .F. ) ;
#1562 = DIRECTION ( 'NONE',  ( 0.000000000000000000, 0.000000000000000000, 1.000000000000000000 ) ) ;
#1563 = AXIS2_PLACEMENT_3D ( 'NONE', #445, #1200, #266 ) ;
#1564 = CARTESIAN_POINT ( 'NONE',  ( 13.90100000000000868, 12.40099999999999980, 30.00000000000000000 ) ) ;
#1565 = AXIS2_PLACEMENT_3D ( 'NONE', #2023, #2210, #1638 ) ;
#1566 = EDGE_LOOP ( 'NONE', ( #1439, #1221, #533, #2180 ) ) ;
#1567 = SURFACE_STYLE_USAGE ( .BOTH. , #641 ) ;
#1568 = FACE_OUTER_BOUND ( 'NONE', #1884, .T. ) ;
#1569 = EDGE_CURVE ( 'NONE', #1214, #656, #438, .T. ) ;
#1570 = CIRCLE ( 'NONE', #2040, 1.098999999999997534 ) ;
#1571 = ORIENTED_EDGE ( 'NONE', *, *, #912, .T. ) ;
#1572 = DIRECTION ( 'NONE',  ( 0.000000000000000000, 0.000000000000000000, 1.000000000000000000 ) ) ;
#1573 = VECTOR ( 'NONE', #1290, 1000.000000000000000 ) ;
#1574 = SURFACE_STYLE_USAGE ( .BOTH. , #1012 ) ;
#1575 = VECTOR ( 'NONE', #1449, 1000.000000000000000 ) ;
#1576 = CARTESIAN_POINT ( 'NONE',  ( 12.80000000000000782, 1.500000000000000000, 0.000000000000000000 ) ) ;
#1577 = DIRECTION ( 'NONE',  ( 0.000000000000000000, 0.000000000000000000, 1.000000000000000000 ) ) ;
#1578 = COLOUR_RGB ( '',0.1098039215686274495, 0.1098039215686274495, 0.1098039215686274495 ) ;
#1579 = VECTOR ( 'NONE', #814, 1000.000000000000000 ) ;
#1580 = ORIENTED_EDGE ( 'NONE', *, *, #1704, .T. ) ;
#1581 = PRESENTATION_STYLE_ASSIGNMENT (( #617 ) ) ;
#1582 = LINE ( 'NONE', #667, #414 ) ;
#1583 = AXIS2_PLACEMENT_3D ( 'NONE', #2353, #490, #684 ) ;
#1584 = PRODUCT_DEFINITION_CONTEXT ( 'detailed design', #2300, 'design' ) ;
#1585 = CARTESIAN_POINT ( 'NONE',  ( -9.439999999999997726, 1.500000000000000000, 30.00000000000000000 ) ) ;
#1586 = DIRECTION ( 'NONE',  ( 0.000000000000000000, 0.000000000000000000, 1.000000000000000000 ) ) ;
#1587 = ORIENTED_EDGE ( 'NONE', *, *, #1678, .F. ) ;
#1588 = LINE ( 'NONE', #2330, #1516 ) ;
#1589 =( LENGTH_UNIT ( ) NAMED_UNIT ( * ) SI_UNIT ( .MILLI., .METRE. ) );
#1590 = DIRECTION ( 'NONE',  ( 1.000000000000000000, 0.000000000000000000, 0.000000000000000000 ) ) ;
#1591 = FILL_AREA_STYLE ('',( #248 ) ) ;
#1592 = CYLINDRICAL_SURFACE ( 'NONE', #1975, 1.098999999999998423 ) ;
#1593 = CARTESIAN_POINT ( 'NONE',  ( 13.90100000000000868, 13.50000000000000000, 30.00000000000000000 ) ) ;
#1594 = ORIENTED_EDGE ( 'NONE', *, *, #1541, .T. ) ;
#1595 = FACE_OUTER_BOUND ( 'NONE', #711, .T. ) ;
#1596 = LINE ( 'NONE', #1019, #1011 ) ;
#1597 = VECTOR ( 'NONE', #238, 1000.000000000000000 ) ;
#1598 = FILL_AREA_STYLE_COLOUR ( '', #820 ) ;
#1599 = AXIS2_PLACEMENT_3D ( 'NONE', #1608, #2326, #2348 ) ;
#1600 = CARTESIAN_POINT ( 'NONE',  ( 11.09999999999999964, 0.7275480734413597439, 19.99999999999999645 ) ) ;
#1601 = CARTESIAN_POINT ( 'NONE',  ( 3.880000000000003446, 0.5000000000000000000, 0.000000000000000000 ) ) ;
#1602 = EDGE_CURVE ( 'NONE', #162, #2018, #1944, .T. ) ;
#1603 =( NAMED_UNIT ( * ) PLANE_ANGLE_UNIT ( ) SI_UNIT ( $, .RADIAN. ) );
#1604 = FACE_OUTER_BOUND ( 'NONE', #342, .T. ) ;
#1605 = FACE_OUTER_BOUND ( 'NONE', #1077, .T. ) ;
#1606 = ORIENTED_EDGE ( 'NONE', *, *, #21, .F. ) ;
#1607 = FACE_OUTER_BOUND ( 'NONE', #293, .T. ) ;
#1608 = CARTESIAN_POINT ( 'NONE',  ( -2.780999999999997030, 12.40099999999999980, 0.000000000000000000 ) ) ;
#1609 =( GEOMETRIC_REPRESENTATION_CONTEXT ( 3 ) GLOBAL_UNCERTAINTY_ASSIGNED_CONTEXT ( ( #207 ) ) GLOBAL_UNIT_ASSIGNED_CONTEXT ( ( #2009, #135, #1335 ) ) REPRESENTATION_CONTEXT ( 'NONE', 'WORKASPACE' ) );
#1610 = UNCERTAINTY_MEASURE_WITH_UNIT (LENGTH_MEASURE( 1.000000000000000082E-05 ), #2005, 'distance_accuracy_value', 'NONE');
#1611 = CARTESIAN_POINT ( 'NONE',  ( 11.09999999999999964, 0.7275480734413597439, 19.99999999999999645 ) ) ;
#1612 = COLOUR_RGB ( '',0.1098039215686274495, 0.1098039215686274495, 0.1098039215686274495 ) ;
#1613 = ORIENTED_EDGE ( 'NONE', *, *, #2407, .F. ) ;
#1614 = CARTESIAN_POINT ( 'NONE',  ( -13.90099999999999802, 13.50000000000000000, 30.00000000000000000 ) ) ;
#1615 =( GEOMETRIC_REPRESENTATION_CONTEXT ( 3 ) GLOBAL_UNCERTAINTY_ASSIGNED_CONTEXT ( ( #999 ) ) GLOBAL_UNIT_ASSIGNED_CONTEXT ( ( #1888, #405, #416 ) ) REPRESENTATION_CONTEXT ( 'NONE', 'WORKASPACE' ) );
#1616 = EDGE_CURVE ( 'NONE', #2359, #1313, #1620, .T. ) ;
#1617 = CARTESIAN_POINT ( 'NONE',  ( 13.89900000000000624, 13.50000000000000000, 0.000000000000000000 ) ) ;
#1618 = CARTESIAN_POINT ( 'NONE',  ( -11.79999999999999361, 6.776765385805619601, 0.000000000000000000 ) ) ;
#1619 = ORIENTED_EDGE ( 'NONE', *, *, #1285, .F. ) ;
#1620 = CIRCLE ( 'NONE', #915, 1.098999999999999311 ) ;
#1621 = LINE ( 'NONE', #520, #307 ) ;
#1622 = CARTESIAN_POINT ( 'NONE',  ( -14.99999999999999822, -1.500000000000000000, 30.00000000000000000 ) ) ;
#1623 = COLOUR_RGB ( '',0.1098039215686274495, 0.1098039215686274495, 0.1098039215686274495 ) ;
#1624 = EDGE_LOOP ( 'NONE', ( #904, #1606 ) ) ;
#1625 =( NAMED_UNIT ( * ) PLANE_ANGLE_UNIT ( ) SI_UNIT ( $, .RADIAN. ) );
#1626 = AXIS2_PLACEMENT_3D ( 'NONE', #1940, #2315, #1177 ) ;
#1627 = MECHANICAL_DESIGN_GEOMETRIC_PRESENTATION_REPRESENTATION (  '', ( #1310 ), #1263 ) ;
#1628 = VERTEX_POINT ( 'NONE', #1396 ) ;
#1629 = CARTESIAN_POINT ( 'NONE',  ( 12.80000000000000782, 1.500000000000000000, 0.000000000000000000 ) ) ;
#1630 = PRESENTATION_STYLE_ASSIGNMENT (( #1277 ) ) ;
#1631 = CARTESIAN_POINT ( 'NONE',  ( -12.79999999999999716, 1.500000000000000000, 0.000000000000000000 ) ) ;
#1632 = VERTEX_POINT ( 'NONE', #92 ) ;
#1633 = CARTESIAN_POINT ( 'NONE',  ( -11.09999999999999787, 0.7275480734413672934, 19.99999999999999645 ) ) ;
#1634 = CYLINDRICAL_SURFACE ( 'NONE', #609, 1.098999999999997534 ) ;
#1635 = EDGE_CURVE ( 'NONE', #7, #2387, #2134, .T. ) ;
#1636 = ORIENTED_EDGE ( 'NONE', *, *, #1974, .T. ) ;
#1637 = MECHANICAL_DESIGN_GEOMETRIC_PRESENTATION_REPRESENTATION (  '', ( #254 ), #1274 ) ;
#1638 = DIRECTION ( 'NONE',  ( 1.000000000000000000, 0.000000000000000000, -0.000000000000000000 ) ) ;
#1639 = CARTESIAN_POINT ( 'NONE',  ( 7.240000000000006430, 12.40099999999999980, 0.000000000000000000 ) ) ;
#1640 = CARTESIAN_POINT ( 'NONE',  ( -9.439999999999995950, 12.40099999999999980, 0.000000000000000000 ) ) ;
#1641 = LINE ( 'NONE', #901, #2350 ) ;
#1642 = FILL_AREA_STYLE ('',( #504 ) ) ;
#1643 = ORIENTED_EDGE ( 'NONE', *, *, #961, .T. ) ;
#1644 = CARTESIAN_POINT ( 'NONE',  ( 10.40000000000000213, 1.500000000000000444, 30.00000000000000000 ) ) ;
#1645 = CARTESIAN_POINT ( 'NONE',  ( -11.79999999999999538, 0.7275480734413674044, 40.00000000000000000 ) ) ;
#1646 = CARTESIAN_POINT ( 'NONE',  ( 0.000000000000000000, 0.5000000000000000000, 0.000000000000000000 ) ) ;
#1647 = ORIENTED_EDGE ( 'NONE', *, *, #736, .F. ) ;
#1648 = VECTOR ( 'NONE', #2365, 1000.000000000000000 ) ;
#1649 = PRESENTATION_STYLE_ASSIGNMENT (( #1871 ) ) ;
#1650 = EDGE_CURVE ( 'NONE', #1764, #922, #433, .T. ) ;
#1651 = FILL_AREA_STYLE ('',( #1103 ) ) ;
#1652 = DIRECTION ( 'NONE',  ( 0.000000000000000000, 0.000000000000000000, 1.000000000000000000 ) ) ;
#1653 = AXIS2_PLACEMENT_3D ( 'NONE', #509, #2190, #1069 ) ;
#1654 =( GEOMETRIC_REPRESENTATION_CONTEXT ( 3 ) GLOBAL_UNCERTAINTY_ASSIGNED_CONTEXT ( ( #1512 ) ) GLOBAL_UNIT_ASSIGNED_CONTEXT ( ( #431, #250, #891 ) ) REPRESENTATION_CONTEXT ( 'NONE', 'WORKASPACE' ) );
#1655 = FACE_OUTER_BOUND ( 'NONE', #1624, .T. ) ;
#1656 = FACE_OUTER_BOUND ( 'NONE', #547, .T. ) ;
#1657 = CARTESIAN_POINT ( 'NONE',  ( 3.880000000000003446, 0.5000000000000000000, 0.000000000000000000 ) ) ;
#1658 = ORIENTED_EDGE ( 'NONE', *, *, #451, .F. ) ;
#1659 = FILL_AREA_STYLE_COLOUR ( '', #1795 ) ;
#1660 = CARTESIAN_POINT ( 'NONE',  ( -2.780999999999997030, 13.49999999999999822, 30.00000000000000000 ) ) ;
#1661 = ORIENTED_EDGE ( 'NONE', *, *, #1003, .T. ) ;
#1662 = FILL_AREA_STYLE ('',( #909 ) ) ;
#1663 = VECTOR ( 'NONE', #2102, 1000.000000000000000 ) ;
#1664 =( NAMED_UNIT ( * ) PLANE_ANGLE_UNIT ( ) SI_UNIT ( $, .RADIAN. ) );
#1665 = MECHANICAL_DESIGN_GEOMETRIC_PRESENTATION_REPRESENTATION (  '', ( #169 ), #1465 ) ;
#1666 = CARTESIAN_POINT ( 'NONE',  ( 7.240000000000006430, 12.40099999999999980, 0.000000000000000000 ) ) ;
#1667 = DIRECTION ( 'NONE',  ( -1.591343432691319046E-16, -1.000000000000000000, 0.000000000000000000 ) ) ;
#1668 = ORIENTED_EDGE ( 'NONE', *, *, #499, .T. ) ;
#1669 = CARTESIAN_POINT ( 'NONE',  ( 3.880000000000002558, 12.40099999999999980, 0.000000000000000000 ) ) ;
#1670 = LINE ( 'NONE', #2384, #1323 ) ;
#1671 = VERTEX_POINT ( 'NONE', #659 ) ;
#1672 =( NAMED_UNIT ( * ) SI_UNIT ( $, .STERADIAN. ) SOLID_ANGLE_UNIT ( ) );
#1673 = DIRECTION ( 'NONE',  ( 0.000000000000000000, 0.000000000000000000, 1.000000000000000000 ) ) ;
#1674 = EDGE_CURVE ( 'NONE', #34, #926, #1203, .T. ) ;
#1675 = ORIENTED_EDGE ( 'NONE', *, *, #2198, .T. ) ;
#1676 = EDGE_CURVE ( 'NONE', #1084, #1089, #271, .T. ) ;
#1677 = DIRECTION ( 'NONE',  ( -0.000000000000000000, -0.000000000000000000, 1.000000000000000000 ) ) ;
#1678 = EDGE_CURVE ( 'NONE', #2063, #335, #556, .T. ) ;
#1679 = DIRECTION ( 'NONE',  ( 1.000000000000000000, 0.000000000000000000, 0.000000000000000000 ) ) ;
#1680 = VERTEX_POINT ( 'NONE', #612 ) ;
#1681 = EDGE_CURVE ( 'NONE', #933, #1313, #1820, .T. ) ;
#1682 = FILL_AREA_STYLE_COLOUR ( '', #2225 ) ;
#1683 = VERTEX_POINT ( 'NONE', #695 ) ;
#1684 = SURFACE_SIDE_STYLE ('',( #1999 ) ) ;
#1685 = CARTESIAN_POINT ( 'NONE',  ( -10.39999999999999858, 0.7275480734413672934, 19.99999999999999645 ) ) ;
#1686 = EDGE_LOOP ( 'NONE', ( #1916, #65, #152, #176 ) ) ;
#1687 = AXIS2_PLACEMENT_3D ( 'NONE', #1892, #1912, #200 ) ;
#1688 =( NAMED_UNIT ( * ) SI_UNIT ( $, .STERADIAN. ) SOLID_ANGLE_UNIT ( ) );
#1689 = DIRECTION ( 'NONE',  ( 0.000000000000000000, 0.000000000000000000, 1.000000000000000000 ) ) ;
#1690 = MECHANICAL_DESIGN_GEOMETRIC_PRESENTATION_REPRESENTATION (  '', ( #1251 ), #949 ) ;
#1691 =( LENGTH_UNIT ( ) NAMED_UNIT ( * ) SI_UNIT ( .MILLI., .METRE. ) );
#1692 = EDGE_CURVE ( 'NONE', #2063, #616, #1428, .T. ) ;
#1693 = DIRECTION ( 'NONE',  ( 0.000000000000000000, 0.000000000000000000, 1.000000000000000000 ) ) ;
#1694 = LINE ( 'NONE', #1337, #475 ) ;
#1695 = ORIENTED_EDGE ( 'NONE', *, *, #2077, .T. ) ;
#1696 = SURFACE_STYLE_FILL_AREA ( #1881 ) ;
#1697 = MECHANICAL_DESIGN_GEOMETRIC_PRESENTATION_REPRESENTATION (  '', ( #2233 ), #1289 ) ;
#1698 = MECHANICAL_DESIGN_GEOMETRIC_PRESENTATION_REPRESENTATION (  '', ( #2431 ), #1307 ) ;
#1699 = SURFACE_STYLE_FILL_AREA ( #240 ) ;
#1700 =( GEOMETRIC_REPRESENTATION_CONTEXT ( 3 ) GLOBAL_UNCERTAINTY_ASSIGNED_CONTEXT ( ( #2311 ) ) GLOBAL_UNIT_ASSIGNED_CONTEXT ( ( #1517, #931, #391 ) ) REPRESENTATION_CONTEXT ( 'NONE', 'WORKASPACE' ) );
#1701 = ORIENTED_EDGE ( 'NONE', *, *, #2313, .T. ) ;
#1702 = AXIS2_PLACEMENT_3D ( 'NONE', #1293, #2041, #1860 ) ;
#1703 = DIRECTION ( 'NONE',  ( -0.000000000000000000, -0.000000000000000000, 1.000000000000000000 ) ) ;
#1704 = EDGE_CURVE ( 'NONE', #760, #1785, #489, .T. ) ;
#1705 = CARTESIAN_POINT ( 'NONE',  ( -1.679999999999995719, 1.500000000000000000, 0.000000000000000000 ) ) ;
#1706 = VECTOR ( 'NONE', #1887, 1000.000000000000000 ) ;
#1707 = DIRECTION ( 'NONE',  ( -1.591343432691319046E-16, 1.000000000000000000, 0.000000000000000000 ) ) ;
#1708 = ORIENTED_EDGE ( 'NONE', *, *, #2135, .T. ) ;
#1709 = PRESENTATION_STYLE_ASSIGNMENT (( #1173 ) ) ;
#1710 = CARTESIAN_POINT ( 'NONE',  ( 8.339000000000003965, 12.40099999999999980, 30.00000000000000000 ) ) ;
#1711 = EDGE_CURVE ( 'NONE', #1680, #765, #143, .T. ) ;
#1712 = DIRECTION ( 'NONE',  ( 0.000000000000000000, 0.000000000000000000, 1.000000000000000000 ) ) ;
#1713 = UNCERTAINTY_MEASURE_WITH_UNIT (LENGTH_MEASURE( 1.000000000000000082E-05 ), #1817, 'distance_accuracy_value', 'NONE');
#1714 = CARTESIAN_POINT ( 'NONE',  ( -8.338999999999995083, 13.50000000000000000, 0.000000000000000000 ) ) ;
#1715 = VERTEX_POINT ( 'NONE', #2026 ) ;
#1716 = FACE_OUTER_BOUND ( 'NONE', #699, .T. ) ;
#1717 = MANIFOLD_SOLID_BREP ( 'Cut-Extrude2', #2265 ) ;
#1718 = AXIS2_PLACEMENT_3D ( 'NONE', #1622, #2129, #443 ) ;
#1719 = DIRECTION ( 'NONE',  ( 0.000000000000000000, 0.000000000000000000, 1.000000000000000000 ) ) ;
#1720 = CARTESIAN_POINT ( 'NONE',  ( 15.00000000000000178, -1.500000000000000000, 0.000000000000000000 ) ) ;
#1721 = VERTEX_POINT ( 'NONE', #1629 ) ;
#1722 = DIRECTION ( 'NONE',  ( -1.000000000000000000, -0.000000000000000000, -0.000000000000000000 ) ) ;
#1723 = SURFACE_STYLE_USAGE ( .BOTH. , #191 ) ;
#1724 = ADVANCED_FACE ( 'NONE', ( #1655 ), #129, .F. ) ;
#1725 =( GEOMETRIC_REPRESENTATION_CONTEXT ( 3 ) GLOBAL_UNCERTAINTY_ASSIGNED_CONTEXT ( ( #1364 ) ) GLOBAL_UNIT_ASSIGNED_CONTEXT ( ( #1939, #1625, #2327 ) ) REPRESENTATION_CONTEXT ( 'NONE', 'WORKASPACE' ) );
#1726 = ORIENTED_EDGE ( 'NONE', *, *, #172, .F. ) ;
#1727 = CARTESIAN_POINT ( 'NONE',  ( -13.89899999999999558, 12.40099999999999980, 0.000000000000000000 ) ) ;
#1728 = CARTESIAN_POINT ( 'NONE',  ( 8.341000000000006409, 13.50000000000000000, 0.000000000000000000 ) ) ;
#1729 = LINE ( 'NONE', #1138, #1730 ) ;
#1730 = VECTOR ( 'NONE', #590, 1000.000000000000000 ) ;
#1731 = SURFACE_SIDE_STYLE ('',( #1913 ) ) ;
#1732 = PRESENTATION_LAYER_ASSIGNMENT (  '', '', ( #2227 ) ) ;
#1733 = ORIENTED_EDGE ( 'NONE', *, *, #562, .T. ) ;
#1734 =( LENGTH_UNIT ( ) NAMED_UNIT ( * ) SI_UNIT ( .MILLI., .METRE. ) );
#1735 = UNCERTAINTY_MEASURE_WITH_UNIT (LENGTH_MEASURE( 1.000000000000000082E-05 ), #1237, 'distance_accuracy_value', 'NONE');
#1736 =( GEOMETRIC_REPRESENTATION_CONTEXT ( 3 ) GLOBAL_UNCERTAINTY_ASSIGNED_CONTEXT ( ( #98 ) ) GLOBAL_UNIT_ASSIGNED_CONTEXT ( ( #57, #1206, #260 ) ) REPRESENTATION_CONTEXT ( 'NONE', 'WORKASPACE' ) );
#1737 =( GEOMETRIC_REPRESENTATION_CONTEXT ( 3 ) GLOBAL_UNCERTAINTY_ASSIGNED_CONTEXT ( ( #1927 ) ) GLOBAL_UNIT_ASSIGNED_CONTEXT ( ( #1691, #750, #392 ) ) REPRESENTATION_CONTEXT ( 'NONE', 'WORKASPACE' ) );
#1738 = ORIENTED_EDGE ( 'NONE', *, *, #1824, .F. ) ;
#1739 = DIRECTION ( 'NONE',  ( 1.000000000000000000, 0.000000000000000000, 0.000000000000000000 ) ) ;
#1740 = LINE ( 'NONE', #1576, #8 ) ;
#1741 = STYLED_ITEM ( 'NONE', ( #1096 ), #2088 ) ;
#1742 =( NAMED_UNIT ( * ) SI_UNIT ( $, .STERADIAN. ) SOLID_ANGLE_UNIT ( ) );
#1743 = VERTEX_POINT ( 'NONE', #865 ) ;
#1744 = SURFACE_SIDE_STYLE ('',( #2061 ) ) ;
#1745 =( NAMED_UNIT ( * ) SI_UNIT ( $, .STERADIAN. ) SOLID_ANGLE_UNIT ( ) );
#1746 = SURFACE_SIDE_STYLE ('',( #1538 ) ) ;
#1747 = ORIENTED_EDGE ( 'NONE', *, *, #1856, .T. ) ;
#1748 = CARTESIAN_POINT ( 'NONE',  ( -12.79999999999999716, 1.500000000000000000, 30.00000000000000000 ) ) ;
#1749 = SURFACE_STYLE_FILL_AREA ( #1004 ) ;
#1750 = SURFACE_STYLE_FILL_AREA ( #1204 ) ;
#1751 = EDGE_CURVE ( 'NONE', #1481, #426, #2367, .T. ) ;
#1752 = PLANE ( 'NONE',  #741 ) ;
#1753 =( NAMED_UNIT ( * ) SI_UNIT ( $, .STERADIAN. ) SOLID_ANGLE_UNIT ( ) );
#1754 = VERTEX_POINT ( 'NONE', #1980 ) ;
#1755 = PRESENTATION_STYLE_ASSIGNMENT (( #850 ) ) ;
#1756 = ORIENTED_EDGE ( 'NONE', *, *, #2003, .F. ) ;
#1757 = CARTESIAN_POINT ( 'NONE',  ( -14.99999999999999822, -1.500000000000000000, 30.00000000000000000 ) ) ;
#1758 = STYLED_ITEM ( 'NONE', ( #1394 ), #945 ) ;
#1759 = DIRECTION ( 'NONE',  ( 0.000000000000000000, 0.000000000000000000, 1.000000000000000000 ) ) ;
#1760 = FACE_OUTER_BOUND ( 'NONE', #255, .T. ) ;
#1761 = CARTESIAN_POINT ( 'NONE',  ( -11.79999999999999538, 0.7275480734413677375, 0.000000000000000000 ) ) ;
#1762 = MECHANICAL_DESIGN_GEOMETRIC_PRESENTATION_REPRESENTATION (  '', ( #2302 ), #423 ) ;
#1763 = ADVANCED_FACE ( 'NONE', ( #513 ), #1071, .T. ) ;
#1764 = VERTEX_POINT ( 'NONE', #349 ) ;
#1765 = MECHANICAL_DESIGN_GEOMETRIC_PRESENTATION_REPRESENTATION (  '', ( #982 ), #192 ) ;
#1766 = DIRECTION ( 'NONE',  ( 1.000000000000000000, 0.000000000000000000, 0.000000000000000000 ) ) ;
#1767 = MECHANICAL_DESIGN_GEOMETRIC_PRESENTATION_REPRESENTATION (  '', ( #2227 ), #2155 ) ;
#1768 = FILL_AREA_STYLE_COLOUR ( '', #2340 ) ;
#1769 = ORIENTED_EDGE ( 'NONE', *, *, #2050, .T. ) ;
#1770 = CARTESIAN_POINT ( 'NONE',  ( -14.99999999999999822, 1.500000000000000000, 30.00000000000000000 ) ) ;
#1771 = CIRCLE ( 'NONE', #1930, 0.6999999999999992895 ) ;
#1772 = CARTESIAN_POINT ( 'NONE',  ( 1.680000000000002602, 1.500000000000000000, 0.000000000000000000 ) ) ;
#1773 = ADVANCED_FACE ( 'NONE', ( #538 ), #1109, .F. ) ;
#1774 = AXIS2_PLACEMENT_3D ( 'NONE', #708, #1463, #102 ) ;
#1775 = PLANE ( 'NONE',  #1072 ) ;
#1776 = CIRCLE ( 'NONE', #673, 1.098999999999998423 ) ;
#1777 = VERTEX_POINT ( 'NONE', #1660 ) ;
#1778 = COLOUR_RGB ( '',0.1098039215686274495, 0.1098039215686274495, 0.1098039215686274495 ) ;
#1779 = ADVANCED_FACE ( 'NONE', ( #2219 ), #1455, .T. ) ;
#1780 = ORIENTED_EDGE ( 'NONE', *, *, #1883, .F. ) ;
#1781 = CARTESIAN_POINT ( 'NONE',  ( 1.680000000000002602, 1.500000000000000000, 0.000000000000000000 ) ) ;
#1782 = DIRECTION ( 'NONE',  ( 0.000000000000000000, 0.000000000000000000, 1.000000000000000000 ) ) ;
#1783 = CARTESIAN_POINT ( 'NONE',  ( 1.680000000000002602, 1.500000000000000000, 30.00000000000000000 ) ) ;
#1784 = AXIS2_PLACEMENT_3D ( 'NONE', #2295, #1174, #1340 ) ;
#1785 = VERTEX_POINT ( 'NONE', #357 ) ;
#1786 = PRESENTATION_STYLE_ASSIGNMENT (( #1421 ) ) ;
#1787 = AXIS2_PLACEMENT_3D ( 'NONE', #2249, #15, #49 ) ;
#1788 = CIRCLE ( 'NONE', #1160, 1.098999999999997534 ) ;
#1789 = CYLINDRICAL_SURFACE ( 'NONE', #501, 1.098999999999998423 ) ;
#1790 = ADVANCED_FACE ( 'NONE', ( #345 ), #125, .F. ) ;
#1791 = ORIENTED_EDGE ( 'NONE', *, *, #1033, .F. ) ;
#1792 = CARTESIAN_POINT ( 'NONE',  ( 3.880000000000003446, 1.500000000000000000, 30.00000000000000000 ) ) ;
#1793 = EDGE_CURVE ( 'NONE', #177, #1165, #789, .T. ) ;
#1794 = FILL_AREA_STYLE_COLOUR ( '', #553 ) ;
#1795 = COLOUR_RGB ( '',0.1098039215686274495, 0.1098039215686274495, 0.1098039215686274495 ) ;
#1796 = SURFACE_STYLE_USAGE ( .BOTH. , #1052 ) ;
#1797 = ORIENTED_EDGE ( 'NONE', *, *, #966, .F. ) ;
#1798 = FILL_AREA_STYLE ('',( #355 ) ) ;
#1799 = PRESENTATION_LAYER_ASSIGNMENT (  '', '', ( #269 ) ) ;
#1800 = MECHANICAL_DESIGN_GEOMETRIC_PRESENTATION_REPRESENTATION (  '', ( #1448 ), #739 ) ;
#1801 = ORIENTED_EDGE ( 'NONE', *, *, #852, .F. ) ;
#1802 = UNCERTAINTY_MEASURE_WITH_UNIT (LENGTH_MEASURE( 1.000000000000000082E-05 ), #14, 'distance_accuracy_value', 'NONE');
#1803 = DIRECTION ( 'NONE',  ( 1.000000000000000000, 0.000000000000000000, 0.000000000000000000 ) ) ;
#1804 = EDGE_CURVE ( 'NONE', #2028, #1010, #379, .T. ) ;
#1805 = DIRECTION ( 'NONE',  ( 1.000000000000000000, 0.000000000000000000, 0.000000000000000000 ) ) ;
#1806 = VERTEX_POINT ( 'NONE', #368 ) ;
#1807 = CARTESIAN_POINT ( 'NONE',  ( -11.79999999999999538, 6.767730752435477774E-15, 0.000000000000000000 ) ) ;
#1808 = CIRCLE ( 'NONE', #746, 1.098999999999997534 ) ;
#1809 = PLANE ( 'NONE',  #31 ) ;
#1810 = EDGE_CURVE ( 'NONE', #1941, #1467, #187, .T. ) ;
#1811 = FACE_OUTER_BOUND ( 'NONE', #2335, .T. ) ;
#1812 = ORIENTED_EDGE ( 'NONE', *, *, #576, .T. ) ;
#1813 =( GEOMETRIC_REPRESENTATION_CONTEXT ( 3 ) GLOBAL_UNCERTAINTY_ASSIGNED_CONTEXT ( ( #822 ) ) GLOBAL_UNIT_ASSIGNED_CONTEXT ( ( #1552, #811, #2304 ) ) REPRESENTATION_CONTEXT ( 'NONE', 'WORKASPACE' ) );
#1814 = DIRECTION ( 'NONE',  ( 0.000000000000000000, 0.000000000000000000, 1.000000000000000000 ) ) ;
#1815 = VECTOR ( 'NONE', #753, 1000.000000000000000 ) ;
#1816 = ORIENTED_EDGE ( 'NONE', *, *, #119, .T. ) ;
#1817 =( LENGTH_UNIT ( ) NAMED_UNIT ( * ) SI_UNIT ( .MILLI., .METRE. ) );
#1818 = PRESENTATION_LAYER_ASSIGNMENT (  '', '', ( #2123 ) ) ;
#1819 = VECTOR ( 'NONE', #328, 1000.000000000000000 ) ;
#1820 = LINE ( 'NONE', #1640, #2119 ) ;
#1821 = APPLICATION_PROTOCOL_DEFINITION ( 'draft international standard', 'automotive_design', 1998, #2203 ) ;
#1822 =( NAMED_UNIT ( * ) SI_UNIT ( $, .STERADIAN. ) SOLID_ANGLE_UNIT ( ) );
#1823 = DIRECTION ( 'NONE',  ( 0.000000000000000000, 0.000000000000000000, 1.000000000000000000 ) ) ;
#1824 = EDGE_CURVE ( 'NONE', #1828, #1084, #33, .T. ) ;
#1825 = EDGE_LOOP ( 'NONE', ( #1726, #804, #604, #858 ) ) ;
#1826 = DIRECTION ( 'NONE',  ( 1.000000000000000000, 0.000000000000000000, 0.000000000000000000 ) ) ;
#1827 = DIRECTION ( 'NONE',  ( 0.000000000000000000, 0.000000000000000000, 1.000000000000000000 ) ) ;
#1828 = VERTEX_POINT ( 'NONE', #991 ) ;
#1829 = CIRCLE ( 'NONE', #217, 1.098999999999998423 ) ;
#1830 = PLANE ( 'NONE',  #189 ) ;
#1831 = DIRECTION ( 'NONE',  ( 0.000000000000000000, 0.000000000000000000, 1.000000000000000000 ) ) ;
#1832 = FILL_AREA_STYLE ('',( #1273 ) ) ;
#1833 = CARTESIAN_POINT ( 'NONE',  ( 12.80000000000000782, 1.500000000000000000, 30.00000000000000000 ) ) ;
#1834 = DIRECTION ( 'NONE',  ( -1.000000000000000000, 1.591343432691319046E-16, 0.000000000000000000 ) ) ;
#1835 = DIRECTION ( 'NONE',  ( 0.000000000000000000, 0.000000000000000000, 1.000000000000000000 ) ) ;
#1836 = ORIENTED_EDGE ( 'NONE', *, *, #130, .T. ) ;
#1837 = CARTESIAN_POINT ( 'NONE',  ( 1.680000000000004379, 12.40099999999999980, 0.000000000000000000 ) ) ;
#1838 = SURFACE_SIDE_STYLE ('',( #1851 ) ) ;
#1839 = ORIENTED_EDGE ( 'NONE', *, *, #1062, .F. ) ;
#1840 = COLOUR_RGB ( '',0.1098039215686274495, 0.1098039215686274495, 0.1098039215686274495 ) ;
#1841 = CARTESIAN_POINT ( 'NONE',  ( 1.680000000000002602, 1.500000000000000000, 0.000000000000000000 ) ) ;
#1842 = CARTESIAN_POINT ( 'NONE',  ( -3.879999999999996341, 1.500000000000000000, 0.000000000000000000 ) ) ;
#1843 = DIRECTION ( 'NONE',  ( -1.000000000000000000, -0.000000000000000000, -0.000000000000000000 ) ) ;
#1844 = MECHANICAL_DESIGN_GEOMETRIC_PRESENTATION_REPRESENTATION (  '', ( #384 ), #1654 ) ;
#1845 = SURFACE_STYLE_USAGE ( .BOTH. , #2170 ) ;
#1846 = LINE ( 'NONE', #2065, #1819 ) ;
#1847 = DIRECTION ( 'NONE',  ( -1.591343432691319046E-16, 1.000000000000000000, 0.000000000000000000 ) ) ;
#1848 = EDGE_CURVE ( 'NONE', #1899, #1306, #971, .T. ) ;
#1849 = EDGE_LOOP ( 'NONE', ( #2417, #691, #2248, #1619 ) ) ;
#1850 = LINE ( 'NONE', #136, #1161 ) ;
#1851 = SURFACE_STYLE_FILL_AREA ( #885 ) ;
#1852 = PRESENTATION_LAYER_ASSIGNMENT (  '', '', ( #2352 ) ) ;
#1853 = VERTEX_POINT ( 'NONE', #19 ) ;
#1854 = CYLINDRICAL_SURFACE ( 'NONE', #91, 1.098999999999998423 ) ;
#1855 = MECHANICAL_DESIGN_GEOMETRIC_PRESENTATION_REPRESENTATION (  '', ( #836 ), #78 ) ;
#1856 = EDGE_CURVE ( 'NONE', #1873, #1089, #1694, .T. ) ;
#1857 = CIRCLE ( 'NONE', #792, 1.098999999999998423 ) ;
#1858 = CARTESIAN_POINT ( 'NONE',  ( 3.880000000000003446, 0.5000000000000000000, 30.00000000000000000 ) ) ;
#1859 = ORIENTED_EDGE ( 'NONE', *, *, #301, .T. ) ;
#1860 = DIRECTION ( 'NONE',  ( 0.000000000000000000, -0.000000000000000000, 1.000000000000000000 ) ) ;
#1861 = COLOUR_RGB ( '',0.1098039215686274495, 0.1098039215686274495, 0.1098039215686274495 ) ;
#1862 = EDGE_CURVE ( 'NONE', #1076, #177, #46, .T. ) ;
#1863 = CARTESIAN_POINT ( 'NONE',  ( 10.40000000000000213, 0.7275480734413597439, 0.000000000000000000 ) ) ;
#1864 = DIRECTION ( 'NONE',  ( 0.000000000000000000, 1.000000000000000000, 0.000000000000000000 ) ) ;
#1865 =( NAMED_UNIT ( * ) PLANE_ANGLE_UNIT ( ) SI_UNIT ( $, .RADIAN. ) );
#1866 = ORIENTED_EDGE ( 'NONE', *, *, #1848, .F. ) ;
#1867 = CARTESIAN_POINT ( 'NONE',  ( -11.79999999999999538, 1.500000000000000444, 0.000000000000000000 ) ) ;
#1868 = CARTESIAN_POINT ( 'NONE',  ( 8.341000000000006409, 12.40099999999999980, 0.000000000000000000 ) ) ;
#1869 = SURFACE_STYLE_USAGE ( .BOTH. , #1838 ) ;
#1870 = ORIENTED_EDGE ( 'NONE', *, *, #1159, .T. ) ;
#1871 = SURFACE_STYLE_USAGE ( .BOTH. , #1684 ) ;
#1872 = VECTOR ( 'NONE', #448, 1000.000000000000000 ) ;
#1873 = VERTEX_POINT ( 'NONE', #1518 ) ;
#1874 = EDGE_CURVE ( 'NONE', #1017, #2351, #38, .T. ) ;
#1875 = FACE_OUTER_BOUND ( 'NONE', #531, .T. ) ;
#1876 = LINE ( 'NONE', #211, #474 ) ;
#1877 = MECHANICAL_DESIGN_GEOMETRIC_PRESENTATION_REPRESENTATION (  '', ( #690 ), #302 ) ;
#1878 = CARTESIAN_POINT ( 'NONE',  ( 10.40000000000000213, 0.7275480734413598549, 19.99999999999999645 ) ) ;
#1879 = ORIENTED_EDGE ( 'NONE', *, *, #1862, .F. ) ;
#1880 = SURFACE_SIDE_STYLE ('',( #1128 ) ) ;
#1881 = FILL_AREA_STYLE ('',( #974 ) ) ;
#1882 =( GEOMETRIC_REPRESENTATION_CONTEXT ( 3 ) GLOBAL_UNCERTAINTY_ASSIGNED_CONTEXT ( ( #849 ) ) GLOBAL_UNIT_ASSIGNED_CONTEXT ( ( #2272, #2072, #385 ) ) REPRESENTATION_CONTEXT ( 'NONE', 'WORKASPACE' ) );
#1883 = EDGE_CURVE ( 'NONE', #656, #41, #764, .T. ) ;
#1884 = EDGE_LOOP ( 'NONE', ( #1906, #1, #653, #1130 ) ) ;
#1885 = COLOUR_RGB ( '',0.1098039215686274495, 0.1098039215686274495, 0.1098039215686274495 ) ;
#1886 = CIRCLE ( 'NONE', #1530, 1.098999999999998423 ) ;
#1887 = DIRECTION ( 'NONE',  ( -1.591343432691319046E-16, -1.000000000000000000, -0.000000000000000000 ) ) ;
#1888 =( LENGTH_UNIT ( ) NAMED_UNIT ( * ) SI_UNIT ( .MILLI., .METRE. ) );
#1889 = CARTESIAN_POINT ( 'NONE',  ( -10.39999999999999858, 0.7275480734413668493, 30.00000000000000000 ) ) ;
#1890 = STYLED_ITEM ( 'NONE', ( #351 ), #848 ) ;
#1891 = EDGE_CURVE ( 'NONE', #1680, #616, #2256, .T. ) ;
#1892 = CARTESIAN_POINT ( 'NONE',  ( 8.339000000000003965, 13.50000000000000000, 0.000000000000000000 ) ) ;
#1893 = DIRECTION ( 'NONE',  ( 0.000000000000000000, 0.000000000000000000, 1.000000000000000000 ) ) ;
#1894 = EDGE_LOOP ( 'NONE', ( #398, #1158, #1227, #1366 ) ) ;
#1895 = PRESENTATION_STYLE_ASSIGNMENT (( #1150 ) ) ;
#1896 =( GEOMETRIC_REPRESENTATION_CONTEXT ( 3 ) GLOBAL_UNCERTAINTY_ASSIGNED_CONTEXT ( ( #424 ) ) GLOBAL_UNIT_ASSIGNED_CONTEXT ( ( #694, #326, #1080 ) ) REPRESENTATION_CONTEXT ( 'NONE', 'WORKASPACE' ) );
#1897 = PRESENTATION_LAYER_ASSIGNMENT (  '', '', ( #76 ) ) ;
#1898 = STYLED_ITEM ( 'NONE', ( #337 ), #1763 ) ;
#1899 = VERTEX_POINT ( 'NONE', #980 ) ;
#1900 =( GEOMETRIC_REPRESENTATION_CONTEXT ( 3 ) GLOBAL_UNCERTAINTY_ASSIGNED_CONTEXT ( ( #1389 ) ) GLOBAL_UNIT_ASSIGNED_CONTEXT ( ( #58, #483, #452 ) ) REPRESENTATION_CONTEXT ( 'NONE', 'WORKASPACE' ) );
#1901 = PRESENTATION_STYLE_ASSIGNMENT (( #747 ) ) ;
#1902 = SURFACE_STYLE_USAGE ( .BOTH. , #762 ) ;
#1903 = DIRECTION ( 'NONE',  ( -1.591343432691319046E-16, -1.000000000000000000, -0.000000000000000000 ) ) ;
#1904 = CARTESIAN_POINT ( 'NONE',  ( 11.79999999999999893, 0.7275480734413598549, 0.000000000000000000 ) ) ;
#1905 = EDGE_CURVE ( 'NONE', #1039, #2021, #593, .T. ) ;
#1906 = ORIENTED_EDGE ( 'NONE', *, *, #1704, .F. ) ;
#1907 = DIRECTION ( 'NONE',  ( 0.000000000000000000, 0.000000000000000000, -1.000000000000000000 ) ) ;
#1908 = CARTESIAN_POINT ( 'NONE',  ( -13.90099999999999802, 13.50000000000000000, 0.000000000000000000 ) ) ;
#1909 = UNCERTAINTY_MEASURE_WITH_UNIT (LENGTH_MEASURE( 1.000000000000000082E-05 ), #1208, 'distance_accuracy_value', 'NONE');
#1910 = FACE_OUTER_BOUND ( 'NONE', #323, .T. ) ;
#1911 = ORIENTED_EDGE ( 'NONE', *, *, #372, .T. ) ;
#1912 = DIRECTION ( 'NONE',  ( 0.000000000000000000, 1.000000000000000000, 0.000000000000000000 ) ) ;
#1913 = SURFACE_STYLE_FILL_AREA ( #1157 ) ;
#1914 = VERTEX_POINT ( 'NONE', #201 ) ;
#1915 = FILL_AREA_STYLE ('',( #621 ) ) ;
#1916 = ORIENTED_EDGE ( 'NONE', *, *, #1315, .T. ) ;
#1917 = MECHANICAL_DESIGN_GEOMETRIC_PRESENTATION_REPRESENTATION (  '', ( #541 ), #2385 ) ;
#1918 = DIRECTION ( 'NONE',  ( -1.000000000000000000, -0.000000000000000000, -0.000000000000000000 ) ) ;
#1919 = DIRECTION ( 'NONE',  ( 0.000000000000000000, 0.000000000000000000, 1.000000000000000000 ) ) ;
#1920 = CYLINDRICAL_SURFACE ( 'NONE', #1381, 1.098999999999997534 ) ;
#1921 = AXIS2_PLACEMENT_3D ( 'NONE', #1600, #681, #1414 ) ;
#1922 = ORIENTED_EDGE ( 'NONE', *, *, #2240, .T. ) ;
#1923 = CARTESIAN_POINT ( 'NONE',  ( -9.439999999999997726, 1.500000000000000000, 0.000000000000000000 ) ) ;
#1924 = VECTOR ( 'NONE', #929, 1000.000000000000000 ) ;
#1925 = DIRECTION ( 'NONE',  ( -1.000000000000000000, 0.000000000000000000, 0.000000000000000000 ) ) ;
#1926 = VECTOR ( 'NONE', #551, 1000.000000000000000 ) ;
#1927 = UNCERTAINTY_MEASURE_WITH_UNIT (LENGTH_MEASURE( 1.000000000000000082E-05 ), #1691, 'distance_accuracy_value', 'NONE');
#1928 =( LENGTH_UNIT ( ) NAMED_UNIT ( * ) SI_UNIT ( .MILLI., .METRE. ) );
#1929 = EDGE_CURVE ( 'NONE', #13, #1853, #1322, .T. ) ;
#1930 = AXIS2_PLACEMENT_3D ( 'NONE', #969, #1356, #1679 ) ;
#1931 = ORIENTED_EDGE ( 'NONE', *, *, #1243, .F. ) ;
#1932 = LINE ( 'NONE', #1368, #161 ) ;
#1933 = MECHANICAL_DESIGN_GEOMETRIC_PRESENTATION_REPRESENTATION (  '', ( #82 ), #2358 ) ;
#1934 = DIRECTION ( 'NONE',  ( 0.000000000000000000, 1.000000000000000000, 0.000000000000000000 ) ) ;
#1935 = DIRECTION ( 'NONE',  ( 0.000000000000000000, -0.000000000000000000, 1.000000000000000000 ) ) ;
#1936 = COLOUR_RGB ( '',0.1098039215686274495, 0.1098039215686274495, 0.1098039215686274495 ) ;
#1937 = ORIENTED_EDGE ( 'NONE', *, *, #1447, .F. ) ;
#1938 =( NAMED_UNIT ( * ) SI_UNIT ( $, .STERADIAN. ) SOLID_ANGLE_UNIT ( ) );
#1939 =( LENGTH_UNIT ( ) NAMED_UNIT ( * ) SI_UNIT ( .MILLI., .METRE. ) );
#1940 = CARTESIAN_POINT ( 'NONE',  ( 11.09999999999999964, 0.7275480734413597439, 0.000000000000000000 ) ) ;
#1941 = VERTEX_POINT ( 'NONE', #408 ) ;
#1942 = PLANE ( 'NONE',  #2022 ) ;
#1943 = ADVANCED_FACE ( 'NONE', ( #774 ), #1531, .F. ) ;
#1944 = LINE ( 'NONE', #257, #118 ) ;
#1945 = MECHANICAL_DESIGN_GEOMETRIC_PRESENTATION_REPRESENTATION (  '', ( #603 ), #2250 ) ;
#1946 = PRESENTATION_STYLE_ASSIGNMENT (( #614 ) ) ;
#1947 = DIRECTION ( 'NONE',  ( -1.000000000000000000, -0.000000000000000000, -0.000000000000000000 ) ) ;
#1948 = EDGE_LOOP ( 'NONE', ( #1140, #1988, #597, #537 ) ) ;
#1949 = CYLINDRICAL_SURFACE ( 'NONE', #232, 1.098999999999998423 ) ;
#1950 = DIRECTION ( 'NONE',  ( 1.000000000000000000, 1.591343432691319046E-16, -0.000000000000000000 ) ) ;
#1951 = UNCERTAINTY_MEASURE_WITH_UNIT (LENGTH_MEASURE( 1.000000000000000082E-05 ), #2171, 'distance_accuracy_value', 'NONE');
#1952 = SURFACE_STYLE_FILL_AREA ( #1915 ) ;
#1953 = ORIENTED_EDGE ( 'NONE', *, *, #1635, .F. ) ;
#1954 = LINE ( 'NONE', #270, #1357 ) ;
#1955 = VECTOR ( 'NONE', #2109, 1000.000000000000000 ) ;
#1956 = CARTESIAN_POINT ( 'NONE',  ( 13.89900000000000624, 13.49999999999999822, 30.00000000000000000 ) ) ;
#1957 = VECTOR ( 'NONE', #1365, 1000.000000000000000 ) ;
#1958 = DIRECTION ( 'NONE',  ( 0.000000000000000000, 0.000000000000000000, 1.000000000000000000 ) ) ;
#1959 = EDGE_CURVE ( 'NONE', #2039, #2018, #560, .T. ) ;
#1960 = EDGE_LOOP ( 'NONE', ( #459, #30, #1701, #1594 ) ) ;
#1961 = STYLED_ITEM ( 'NONE', ( #2175 ), #492 ) ;
#1962 =( LENGTH_UNIT ( ) NAMED_UNIT ( * ) SI_UNIT ( .MILLI., .METRE. ) );
#1963 = FILL_AREA_STYLE_COLOUR ( '', #1992 ) ;
#1964 = VECTOR ( 'NONE', #1703, 1000.000000000000000 ) ;
#1965 = ORIENTED_EDGE ( 'NONE', *, *, #1511, .F. ) ;
#1966 = CARTESIAN_POINT ( 'NONE',  ( 15.00000000000000178, -1.500000000000000000, 30.00000000000000000 ) ) ;
#1967 = DIRECTION ( 'NONE',  ( -1.591343432691319046E-16, -1.000000000000000000, -0.000000000000000000 ) ) ;
#1968 = PRESENTATION_LAYER_ASSIGNMENT (  '', '', ( #591 ) ) ;
#1969 = DIRECTION ( 'NONE',  ( -1.000000000000000000, 0.000000000000000000, 0.000000000000000000 ) ) ;
#1970 = MECHANICAL_DESIGN_GEOMETRIC_PRESENTATION_REPRESENTATION (  '', ( #1543 ), #241 ) ;
#1971 = ORIENTED_EDGE ( 'NONE', *, *, #119, .F. ) ;
#1972 = PRESENTATION_STYLE_ASSIGNMENT (( #1567 ) ) ;
#1973 = SURFACE_SIDE_STYLE ('',( #2176 ) ) ;
#1974 = EDGE_CURVE ( 'NONE', #286, #737, #284, .T. ) ;
#1975 = AXIS2_PLACEMENT_3D ( 'NONE', #466, #801, #1398 ) ;
#1976 = DIRECTION ( 'NONE',  ( 0.000000000000000000, 0.000000000000000000, 1.000000000000000000 ) ) ;
#1977 = DIRECTION ( 'NONE',  ( 0.000000000000000000, 0.000000000000000000, 1.000000000000000000 ) ) ;
#1978 = FACE_OUTER_BOUND ( 'NONE', #1001, .T. ) ;
#1979 = EDGE_LOOP ( 'NONE', ( #1816, #1355, #194, #279 ) ) ;
#1980 = CARTESIAN_POINT ( 'NONE',  ( 7.240000000000005542, 0.5000000000000000000, 30.00000000000000000 ) ) ;
#1981 = CARTESIAN_POINT ( 'NONE',  ( -10.39999999999999858, 0.7275480734413672934, 40.00000000000000000 ) ) ;
#1982 = FILL_AREA_STYLE ('',( #1417 ) ) ;
#1983 = VECTOR ( 'NONE', #1316, 1000.000000000000000 ) ;
#1984 = ORIENTED_EDGE ( 'NONE', *, *, #562, .F. ) ;
#1985 = SURFACE_STYLE_FILL_AREA ( #642 ) ;
#1986 = FILL_AREA_STYLE ('',( #1768 ) ) ;
#1987 =( NAMED_UNIT ( * ) SI_UNIT ( $, .STERADIAN. ) SOLID_ANGLE_UNIT ( ) );
#1988 = ORIENTED_EDGE ( 'NONE', *, *, #927, .F. ) ;
#1989 = FILL_AREA_STYLE ('',( #1275 ) ) ;
#1990 = DIRECTION ( 'NONE',  ( 0.000000000000000000, 0.000000000000000000, 1.000000000000000000 ) ) ;
#1991 = CARTESIAN_POINT ( 'NONE',  ( 12.80000000000000782, 1.500000000000000000, 30.00000000000000000 ) ) ;
#1992 = COLOUR_RGB ( '',0.1098039215686274495, 0.1098039215686274495, 0.1098039215686274495 ) ;
#1993 = ORIENTED_EDGE ( 'NONE', *, *, #73, .F. ) ;
#1994 = PLANE ( 'NONE',  #1060 ) ;
#1995 = DIRECTION ( 'NONE',  ( 5.735365044436847242E-16, 1.000000000000000000, 0.000000000000000000 ) ) ;
#1996 = PRESENTATION_LAYER_ASSIGNMENT (  '', '', ( #777 ) ) ;
#1997 = ORIENTED_EDGE ( 'NONE', *, *, #1692, .F. ) ;
#1998 = UNCERTAINTY_MEASURE_WITH_UNIT (LENGTH_MEASURE( 1.000000000000000082E-05 ), #1377, 'distance_accuracy_value', 'NONE');
#1999 = SURFACE_STYLE_FILL_AREA ( #896 ) ;
#2000 = EDGE_LOOP ( 'NONE', ( #2347, #1123, #2402, #2177 ) ) ;
#2001 = ORIENTED_EDGE ( 'NONE', *, *, #2149, .F. ) ;
#2002 =( NAMED_UNIT ( * ) SI_UNIT ( $, .STERADIAN. ) SOLID_ANGLE_UNIT ( ) );
#2003 = EDGE_CURVE ( 'NONE', #1344, #817, #1461, .T. ) ;
#2004 = CARTESIAN_POINT ( 'NONE',  ( 0.000000000000000000, 0.000000000000000000, 0.000000000000000000 ) ) ;
#2005 =( LENGTH_UNIT ( ) NAMED_UNIT ( * ) SI_UNIT ( .MILLI., .METRE. ) );
#2006 = SURFACE_SIDE_STYLE ('',( #1253 ) ) ;
#2007 = MECHANICAL_DESIGN_GEOMETRIC_PRESENTATION_REPRESENTATION (  '', ( #76 ), #1737 ) ;
#2008 = ORIENTED_EDGE ( 'NONE', *, *, #1525, .T. ) ;
#2009 =( LENGTH_UNIT ( ) NAMED_UNIT ( * ) SI_UNIT ( .MILLI., .METRE. ) );
#2010 =( NAMED_UNIT ( * ) PLANE_ANGLE_UNIT ( ) SI_UNIT ( $, .RADIAN. ) );
#2011 = COLOUR_RGB ( '',0.1098039215686274495, 0.1098039215686274495, 0.1098039215686274495 ) ;
#2012 = ORIENTED_EDGE ( 'NONE', *, *, #1616, .F. ) ;
#2013 = DIRECTION ( 'NONE',  ( 0.000000000000000000, 0.000000000000000000, 1.000000000000000000 ) ) ;
#2014 = COLOUR_RGB ( '',0.1098039215686274495, 0.1098039215686274495, 0.1098039215686274495 ) ;
#2015 =( GEOMETRIC_REPRESENTATION_CONTEXT ( 3 ) GLOBAL_UNCERTAINTY_ASSIGNED_CONTEXT ( ( #975 ) ) GLOBAL_UNIT_ASSIGNED_CONTEXT ( ( #1042, #650, #661 ) ) REPRESENTATION_CONTEXT ( 'NONE', 'WORKASPACE' ) );
#2016 = SURFACE_STYLE_USAGE ( .BOTH. , #683 ) ;
#2017 =( NAMED_UNIT ( * ) PLANE_ANGLE_UNIT ( ) SI_UNIT ( $, .RADIAN. ) );
#2018 = VERTEX_POINT ( 'NONE', #1593 ) ;
#2019 = DIRECTION ( 'NONE',  ( -0.000000000000000000, 0.000000000000000000, 1.000000000000000000 ) ) ;
#2020 = SURFACE_STYLE_USAGE ( .BOTH. , #701 ) ;
#2021 = VERTEX_POINT ( 'NONE', #1014 ) ;
#2022 = AXIS2_PLACEMENT_3D ( 'NONE', #1770, #637, #245 ) ;
#2023 = CARTESIAN_POINT ( 'NONE',  ( -11.09999999999999787, 0.7275480734413672934, 40.00000000000000000 ) ) ;
#2024 = PRESENTATION_STYLE_ASSIGNMENT (( #1272 ) ) ;
#2025 = CARTESIAN_POINT ( 'NONE',  ( 13.89900000000000624, 13.50000000000000000, 30.00000000000000000 ) ) ;
#2026 = CARTESIAN_POINT ( 'NONE',  ( 11.79999999999999893, 0.7275480734413597439, 19.99999999999999645 ) ) ;
#2027 = LINE ( 'NONE', #2408, #2126 ) ;
#2028 = VERTEX_POINT ( 'NONE', #1783 ) ;
#2029 = DIRECTION ( 'NONE',  ( 0.000000000000000000, -0.000000000000000000, -1.000000000000000000 ) ) ;
#2030 = CARTESIAN_POINT ( 'NONE',  ( -9.439999999999995950, 12.40099999999999980, 30.00000000000000000 ) ) ;
#2031 = FILL_AREA_STYLE ('',( #702 ) ) ;
#2032 = EDGE_CURVE ( 'NONE', #1076, #2144, #639, .T. ) ;
#2033 = ORIENTED_EDGE ( 'NONE', *, *, #1423, .T. ) ;
#2034 = MECHANICAL_DESIGN_GEOMETRIC_PRESENTATION_REPRESENTATION (  '', ( #581 ), #66 ) ;
#2035 = FILL_AREA_STYLE ('',( #1120 ) ) ;
#2036 = CARTESIAN_POINT ( 'NONE',  ( -7.239999999999997549, 12.40099999999999980, 0.000000000000000000 ) ) ;
#2037 = LINE ( 'NONE', #2025, #1926 ) ;
#2038 = PRESENTATION_LAYER_ASSIGNMENT (  '', '', ( #1961 ) ) ;
#2039 = VERTEX_POINT ( 'NONE', #93 ) ;
#2040 = AXIS2_PLACEMENT_3D ( 'NONE', #1727, #1154, #1308 ) ;
#2041 = DIRECTION ( 'NONE',  ( 0.000000000000000000, 1.000000000000000000, 0.000000000000000000 ) ) ;
#2042 = CARTESIAN_POINT ( 'NONE',  ( -11.79999999999999538, 0.7275480734413677375, 0.000000000000000000 ) ) ;
#2043 = DIRECTION ( 'NONE',  ( -1.000000000000000000, 5.735365044436847242E-16, 0.000000000000000000 ) ) ;
#2044 = ORIENTED_EDGE ( 'NONE', *, *, #386, .F. ) ;
#2045 = FACE_OUTER_BOUND ( 'NONE', #977, .T. ) ;
#2046 = DIRECTION ( 'NONE',  ( 0.000000000000000000, 1.000000000000000000, 0.000000000000000000 ) ) ;
#2047 = MECHANICAL_DESIGN_GEOMETRIC_PRESENTATION_REPRESENTATION (  '', ( #2395 ), #1813 ) ;
#2048 = ORIENTED_EDGE ( 'NONE', *, *, #130, .F. ) ;
#2049 = SURFACE_STYLE_FILL_AREA ( #1662 ) ;
#2050 = EDGE_CURVE ( 'NONE', #1853, #162, #2275, .T. ) ;
#2051 = CARTESIAN_POINT ( 'NONE',  ( -2.780999999999997030, 13.50000000000000000, 30.00000000000000000 ) ) ;
#2052 = CARTESIAN_POINT ( 'NONE',  ( 11.79999999999999893, 6.776765385805610720, 0.000000000000000000 ) ) ;
#2053 = AXIS2_PLACEMENT_3D ( 'NONE', #2356, #2410, #146 ) ;
#2054 = LINE ( 'NONE', #1122, #1067 ) ;
#2055 = ORIENTED_EDGE ( 'NONE', *, *, #42, .T. ) ;
#2056 = AXIS2_PLACEMENT_3D ( 'NONE', #1409, #1712, #2344 ) ;
#2057 =( LENGTH_UNIT ( ) NAMED_UNIT ( * ) SI_UNIT ( .MILLI., .METRE. ) );
#2058 = CARTESIAN_POINT ( 'NONE',  ( 2.781000000000004135, 12.40099999999999980, 0.000000000000000000 ) ) ;
#2059 = DIRECTION ( 'NONE',  ( -1.000000000000000000, -0.000000000000000000, -0.000000000000000000 ) ) ;
#2060 = ORIENTED_EDGE ( 'NONE', *, *, #154, .T. ) ;
#2061 = SURFACE_STYLE_FILL_AREA ( #964 ) ;
#2062 = FILL_AREA_STYLE ('',( #714 ) ) ;
#2063 = VERTEX_POINT ( 'NONE', #1761 ) ;
#2064 = ADVANCED_FACE ( 'NONE', ( #1045 ), #1775, .T. ) ;
#2065 = CARTESIAN_POINT ( 'NONE',  ( 7.240000000000005542, 1.500000000000000000, 0.000000000000000000 ) ) ;
#2066 = PLANE ( 'NONE',  #1496 ) ;
#2067 = CARTESIAN_POINT ( 'NONE',  ( 11.09999999999999964, 0.7275480734413597439, 0.000000000000000000 ) ) ;
#2068 = VERTEX_POINT ( 'NONE', #467 ) ;
#2069 = PLANE ( 'NONE',  #1021 ) ;
#2070 = MECHANICAL_DESIGN_GEOMETRIC_PRESENTATION_REPRESENTATION (  '', ( #1758 ), #645 ) ;
#2071 = UNCERTAINTY_MEASURE_WITH_UNIT (LENGTH_MEASURE( 1.000000000000000082E-05 ), #95, 'distance_accuracy_value', 'NONE');
#2072 =( NAMED_UNIT ( * ) PLANE_ANGLE_UNIT ( ) SI_UNIT ( $, .RADIAN. ) );
#2073 = ORIENTED_EDGE ( 'NONE', *, *, #73, .T. ) ;
#2074 =( GEOMETRIC_REPRESENTATION_CONTEXT ( 3 ) GLOBAL_UNCERTAINTY_ASSIGNED_CONTEXT ( ( #277 ) ) GLOBAL_UNIT_ASSIGNED_CONTEXT ( ( #1734, #1339, #1314 ) ) REPRESENTATION_CONTEXT ( 'NONE', 'WORKASPACE' ) );
#2075 = CIRCLE ( 'NONE', #1025, 1.098999999999999311 ) ;
#2076 = SURFACE_SIDE_STYLE ('',( #554 ) ) ;
#2077 = EDGE_CURVE ( 'NONE', #628, #493, #1220, .T. ) ;
#2078 = FILL_AREA_STYLE ('',( #1490 ) ) ;
#2079 = ADVANCED_FACE ( 'NONE', ( #1605 ), #665, .T. ) ;
#2080 = CARTESIAN_POINT ( 'NONE',  ( -2.778999999999995030, 13.50000000000000000, 0.000000000000000000 ) ) ;
#2081 = DIRECTION ( 'NONE',  ( 1.000000000000000000, 0.000000000000000000, 0.000000000000000000 ) ) ;
#2082 = ORIENTED_EDGE ( 'NONE', *, *, #1874, .T. ) ;
#2083 = DIRECTION ( 'NONE',  ( 0.000000000000000000, 0.000000000000000000, 1.000000000000000000 ) ) ;
#2084 = VECTOR ( 'NONE', #772, 1000.000000000000000 ) ;
#2085 = COLOUR_RGB ( '',0.1098039215686274495, 0.1098039215686274495, 0.1098039215686274495 ) ;
#2086 = CARTESIAN_POINT ( 'NONE',  ( -8.338999999999995083, 12.40099999999999980, 0.000000000000000000 ) ) ;
#2087 = AXIS2_PLACEMENT_3D ( 'NONE', #440, #1958, #1196 ) ;
#2088 = ADVANCED_FACE ( 'NONE', ( #2369 ), #1083, .F. ) ;
#2089 = ORIENTED_EDGE ( 'NONE', *, *, #116, .F. ) ;
#2090 = DIRECTION ( 'NONE',  ( -1.000000000000000000, 0.000000000000000000, 0.000000000000000000 ) ) ;
#2091 = CIRCLE ( 'NONE', #2056, 0.6999999999999992895 ) ;
#2092 = LINE ( 'NONE', #365, #2192 ) ;
#2093 = DIRECTION ( 'NONE',  ( 0.000000000000000000, 0.000000000000000000, 1.000000000000000000 ) ) ;
#2094 = CARTESIAN_POINT ( 'NONE',  ( 8.341000000000006409, 12.40099999999999980, 0.000000000000000000 ) ) ;
#2095 = ORIENTED_EDGE ( 'NONE', *, *, #1541, .F. ) ;
#2096 = LINE ( 'NONE', #1510, #1371 ) ;
#2097 = DIRECTION ( 'NONE',  ( 0.000000000000000000, 0.000000000000000000, 1.000000000000000000 ) ) ;
#2098 = DIRECTION ( 'NONE',  ( 0.000000000000000000, -1.000000000000000000, 0.000000000000000000 ) ) ;
#2099 = ORIENTED_EDGE ( 'NONE', *, *, #632, .T. ) ;
#2100 = CARTESIAN_POINT ( 'NONE',  ( -1.679999999999996607, 12.40099999999999980, 0.000000000000000000 ) ) ;
#2101 = CARTESIAN_POINT ( 'NONE',  ( -14.99999999999999822, -1.500000000000000000, 0.000000000000000000 ) ) ;
#2102 = DIRECTION ( 'NONE',  ( -1.000000000000000000, -0.000000000000000000, -0.000000000000000000 ) ) ;
#2103 = ORIENTED_EDGE ( 'NONE', *, *, #2077, .F. ) ;
#2104 = CARTESIAN_POINT ( 'NONE',  ( -8.340999999999997527, 13.50000000000000000, 0.000000000000000000 ) ) ;
#2105 = EDGE_CURVE ( 'NONE', #1405, #1372, #320, .T. ) ;
#2106 = DIRECTION ( 'NONE',  ( 0.000000000000000000, 0.000000000000000000, 1.000000000000000000 ) ) ;
#2107 = AXIS2_PLACEMENT_3D ( 'NONE', #1611, #2143, #1803 ) ;
#2108 = ORIENTED_EDGE ( 'NONE', *, *, #42, .F. ) ;
#2109 = DIRECTION ( 'NONE',  ( 0.000000000000000000, 0.000000000000000000, 1.000000000000000000 ) ) ;
#2110 = CYLINDRICAL_SURFACE ( 'NONE', #592, 0.6999999999999992895 ) ;
#2111 = MECHANICAL_DESIGN_GEOMETRIC_PRESENTATION_REPRESENTATION (  '', ( #1961 ), #1609 ) ;
#2112 = CARTESIAN_POINT ( 'NONE',  ( -14.99999999999999822, -1.500000000000000000, 0.000000000000000000 ) ) ;
#2113 = EDGE_CURVE ( 'NONE', #922, #1914, #1278, .T. ) ;
#2114 = ORIENTED_EDGE ( 'NONE', *, *, #693, .F. ) ;
#2115 = PRESENTATION_STYLE_ASSIGNMENT (( #2325 ) ) ;
#2116 = CARTESIAN_POINT ( 'NONE',  ( 8.341000000000006409, 13.50000000000000000, 0.000000000000000000 ) ) ;
#2117 = EDGE_CURVE ( 'NONE', #1785, #1873, #516, .T. ) ;
#2118 = UNCERTAINTY_MEASURE_WITH_UNIT (LENGTH_MEASURE( 1.000000000000000082E-05 ), #2360, 'distance_accuracy_value', 'NONE');
#2119 = VECTOR ( 'NONE', #117, 1000.000000000000000 ) ;
#2120 = ORIENTED_EDGE ( 'NONE', *, *, #1804, .F. ) ;
#2121 = CARTESIAN_POINT ( 'NONE',  ( -14.99999999999999822, 1.500000000000000000, 0.000000000000000000 ) ) ;
#2122 = FILL_AREA_STYLE_COLOUR ( '', #1222 ) ;
#2123 = STYLED_ITEM ( 'NONE', ( #1399 ), #2064 ) ;
#2124 = SURFACE_SIDE_STYLE ('',( #1005 ) ) ;
#2125 = DIRECTION ( 'NONE',  ( 0.000000000000000000, 1.000000000000000000, 0.000000000000000000 ) ) ;
#2126 = VECTOR ( 'NONE', #718, 1000.000000000000000 ) ;
#2127 = VERTEX_POINT ( 'NONE', #1991 ) ;
#2128 =( NAMED_UNIT ( * ) SI_UNIT ( $, .STERADIAN. ) SOLID_ANGLE_UNIT ( ) );
#2129 = DIRECTION ( 'NONE',  ( 1.000000000000000000, 0.000000000000000000, 0.000000000000000000 ) ) ;
#2130 = CYLINDRICAL_SURFACE ( 'NONE', #2107, 0.6999999999999992895 ) ;
#2131 = CARTESIAN_POINT ( 'NONE',  ( -10.39999999999999858, 1.500000000000000444, 30.00000000000000000 ) ) ;
#2132 = ORIENTED_EDGE ( 'NONE', *, *, #1793, .T. ) ;
#2133 = LINE ( 'NONE', #1757, #2332 ) ;
#2134 = LINE ( 'NONE', #2341, #2271 ) ;
#2135 = EDGE_CURVE ( 'NONE', #2021, #610, #1430, .T. ) ;
#2136 = VECTOR ( 'NONE', #460, 1000.000000000000000 ) ;
#2137 = FILL_AREA_STYLE_COLOUR ( '', #1936 ) ;
#2138 = FACE_OUTER_BOUND ( 'NONE', #1386, .T. ) ;
#2139 = LINE ( 'NONE', #2334, #2244 ) ;
#2140 = ORIENTED_EDGE ( 'NONE', *, *, #893, .T. ) ;
#2141 = DIRECTION ( 'NONE',  ( 0.000000000000000000, 0.000000000000000000, 1.000000000000000000 ) ) ;
#2142 = UNCERTAINTY_MEASURE_WITH_UNIT (LENGTH_MEASURE( 1.000000000000000082E-05 ), #942, 'distance_accuracy_value', 'NONE');
#2143 = DIRECTION ( 'NONE',  ( 0.000000000000000000, 0.000000000000000000, 1.000000000000000000 ) ) ;
#2144 = VERTEX_POINT ( 'NONE', #722 ) ;
#2145 = EDGE_CURVE ( 'NONE', #1540, #760, #697, .T. ) ;
#2146 = CARTESIAN_POINT ( 'NONE',  ( 10.40000000000000213, 0.000000000000000000, -0.000000000000000000 ) ) ;
#2147 = DIRECTION ( 'NONE',  ( 0.000000000000000000, 0.000000000000000000, 1.000000000000000000 ) ) ;
#2148 = DIRECTION ( 'NONE',  ( 1.000000000000000000, 0.000000000000000000, 0.000000000000000000 ) ) ;
#2149 = EDGE_CURVE ( 'NONE', #2387, #1683, #1776, .T. ) ;
#2150 = CARTESIAN_POINT ( 'NONE',  ( -13.90099999999999802, 12.40099999999999980, 0.000000000000000000 ) ) ;
#2151 =( NAMED_UNIT ( * ) SI_UNIT ( $, .STERADIAN. ) SOLID_ANGLE_UNIT ( ) );
#2152 = DIRECTION ( 'NONE',  ( 0.000000000000000000, 0.000000000000000000, 1.000000000000000000 ) ) ;
#2153 = COLOUR_RGB ( '',0.1098039215686274495, 0.1098039215686274495, 0.1098039215686274495 ) ;
#2154 = ORIENTED_EDGE ( 'NONE', *, *, #1013, .T. ) ;
#2155 =( GEOMETRIC_REPRESENTATION_CONTEXT ( 3 ) GLOBAL_UNCERTAINTY_ASSIGNED_CONTEXT ( ( #668 ) ) GLOBAL_UNIT_ASSIGNED_CONTEXT ( ( #1218, #990, #1742 ) ) REPRESENTATION_CONTEXT ( 'NONE', 'WORKASPACE' ) );
#2156 = DIRECTION ( 'NONE',  ( 0.000000000000000000, 0.000000000000000000, 1.000000000000000000 ) ) ;
#2157 = ORIENTED_EDGE ( 'NONE', *, *, #1525, .F. ) ;
#2158 = LINE ( 'NONE', #535, #682 ) ;
#2159 = DIRECTION ( 'NONE',  ( 0.000000000000000000, 0.000000000000000000, 1.000000000000000000 ) ) ;
#2160 = DIRECTION ( 'NONE',  ( -1.000000000000000000, 0.000000000000000000, 0.000000000000000000 ) ) ;
#2161 = VECTOR ( 'NONE', #213, 1000.000000000000000 ) ;
#2162 = ORIENTED_EDGE ( 'NONE', *, *, #940, .F. ) ;
#2163 = PLANE ( 'NONE',  #1334 ) ;
#2164 =( LENGTH_UNIT ( ) NAMED_UNIT ( * ) SI_UNIT ( .MILLI., .METRE. ) );
#2165 = PRESENTATION_LAYER_ASSIGNMENT (  '', '', ( #169 ) ) ;
#2166 = UNCERTAINTY_MEASURE_WITH_UNIT (LENGTH_MEASURE( 1.000000000000000082E-05 ), #1051, 'distance_accuracy_value', 'NONE');
#2167 = CARTESIAN_POINT ( 'NONE',  ( 3.880000000000002558, 12.40099999999999980, 0.000000000000000000 ) ) ;
#2168 = ORIENTED_EDGE ( 'NONE', *, *, #1317, .F. ) ;
#2169 = ORIENTED_EDGE ( 'NONE', *, *, #2328, .F. ) ;
#2170 = SURFACE_SIDE_STYLE ('',( #717 ) ) ;
#2171 =( LENGTH_UNIT ( ) NAMED_UNIT ( * ) SI_UNIT ( .MILLI., .METRE. ) );
#2172 = FILL_AREA_STYLE ('',( #1794 ) ) ;
#2173 = CARTESIAN_POINT ( 'NONE',  ( -8.338999999999995083, 12.40099999999999980, 30.00000000000000000 ) ) ;
#2174 = VERTEX_POINT ( 'NONE', #1064 ) ;
#2175 = PRESENTATION_STYLE_ASSIGNMENT (( #872 ) ) ;
#2176 = SURFACE_STYLE_FILL_AREA ( #1433 ) ;
#2177 = ORIENTED_EDGE ( 'NONE', *, *, #1891, .F. ) ;
#2178 = DIRECTION ( 'NONE',  ( 1.000000000000000000, 0.000000000000000000, 0.000000000000000000 ) ) ;
#2179 = ADVANCED_FACE ( 'NONE', ( #1811 ), #2285, .F. ) ;
#2180 = ORIENTED_EDGE ( 'NONE', *, *, #1674, .F. ) ;
#2181 = VERTEX_POINT ( 'NONE', #1343 ) ;
#2182 = FILL_AREA_STYLE_COLOUR ( '', #1070 ) ;
#2183 = VECTOR ( 'NONE', #1918, 1000.000000000000000 ) ;
#2184 = PRESENTATION_STYLE_ASSIGNMENT (( #1252 ) ) ;
#2185 = DIRECTION ( 'NONE',  ( -1.000000000000000000, -0.000000000000000000, -0.000000000000000000 ) ) ;
#2186 = ORIENTED_EDGE ( 'NONE', *, *, #721, .T. ) ;
#2187 = DIRECTION ( 'NONE',  ( 1.000000000000000000, 0.000000000000000000, 0.000000000000000000 ) ) ;
#2188 = COLOUR_RGB ( '',0.1098039215686274495, 0.1098039215686274495, 0.1098039215686274495 ) ;
#2189 = VERTEX_POINT ( 'NONE', #253 ) ;
#2190 = DIRECTION ( 'NONE',  ( 0.000000000000000000, 0.000000000000000000, 1.000000000000000000 ) ) ;
#2191 = EDGE_CURVE ( 'NONE', #1100, #1632, #1857, .T. ) ;
#2192 = VECTOR ( 'NONE', #1125, 1000.000000000000000 ) ;
#2193 = ORIENTED_EDGE ( 'NONE', *, *, #2191, .T. ) ;
#2194 = DIRECTION ( 'NONE',  ( 0.000000000000000000, 0.000000000000000000, 1.000000000000000000 ) ) ;
#2195 = PRESENTATION_LAYER_ASSIGNMENT (  '', '', ( #82 ) ) ;
#2196 = ORIENTED_EDGE ( 'NONE', *, *, #1495, .T. ) ;
#2197 = SURFACE_SIDE_STYLE ('',( #1459 ) ) ;
#2198 = EDGE_CURVE ( 'NONE', #519, #1039, #1113, .T. ) ;
#2199 = FILL_AREA_STYLE ('',( #1261 ) ) ;
#2200 = SURFACE_STYLE_FILL_AREA ( #338 ) ;
#2201 = SURFACE_SIDE_STYLE ('',( #529 ) ) ;
#2202 = EDGE_CURVE ( 'NONE', #1806, #13, #1391, .T. ) ;
#2203 = APPLICATION_CONTEXT ( 'automotive_design' ) ;
#2204 = EDGE_LOOP ( 'NONE', ( #1953, #1338, #2140, #677 ) ) ;
#2205 = FILL_AREA_STYLE_COLOUR ( '', #2188 ) ;
#2206 = FACE_OUTER_BOUND ( 'NONE', #359, .T. ) ;
#2207 = PRESENTATION_STYLE_ASSIGNMENT (( #1066 ) ) ;
#2208 = VERTEX_POINT ( 'NONE', #2131 ) ;
#2209 = VECTOR ( 'NONE', #657, 1000.000000000000000 ) ;
#2210 = DIRECTION ( 'NONE',  ( 0.000000000000000000, 0.000000000000000000, 1.000000000000000000 ) ) ;
#2211 = CARTESIAN_POINT ( 'NONE',  ( -1.679999999999995719, 1.500000000000000000, 0.000000000000000000 ) ) ;
#2212 = PRESENTATION_STYLE_ASSIGNMENT (( #1845 ) ) ;
#2213 = CARTESIAN_POINT ( 'NONE',  ( -8.340999999999997527, 13.49999999999999822, 30.00000000000000000 ) ) ;
#2214 = CARTESIAN_POINT ( 'NONE',  ( -2.780999999999997030, 13.50000000000000000, 0.000000000000000000 ) ) ;
#2215 = ADVANCED_FACE ( 'NONE', ( #1354 ), #1000, .T. ) ;
#2216 = ORIENTED_EDGE ( 'NONE', *, *, #2149, .T. ) ;
#2217 = PRESENTATION_STYLE_ASSIGNMENT (( #1098 ) ) ;
#2218 = CARTESIAN_POINT ( 'NONE',  ( -14.99999999999999822, -1.500000000000000000, 0.000000000000000000 ) ) ;
#2219 = FACE_OUTER_BOUND ( 'NONE', #2287, .T. ) ;
#2220 = STYLED_ITEM ( 'NONE', ( #759 ), #198 ) ;
#2221 = ORIENTED_EDGE ( 'NONE', *, *, #932, .T. ) ;
#2222 = PRESENTATION_LAYER_ASSIGNMENT (  '', '', ( #541 ) ) ;
#2223 = CARTESIAN_POINT ( 'NONE',  ( 9.440000000000004832, 1.500000000000000000, 0.000000000000000000 ) ) ;
#2224 = CARTESIAN_POINT ( 'NONE',  ( -13.90099999999999802, 13.49999999999999822, 0.000000000000000000 ) ) ;
#2225 = COLOUR_RGB ( '',0.1098039215686274495, 0.1098039215686274495, 0.1098039215686274495 ) ;
#2226 = FILL_AREA_STYLE_COLOUR ( '', #831 ) ;
#2227 = STYLED_ITEM ( 'NONE', ( #1556 ), #648 ) ;
#2228 = ORIENTED_EDGE ( 'NONE', *, *, #829, .T. ) ;
#2229 = PRESENTATION_LAYER_ASSIGNMENT (  '', '', ( #1890 ) ) ;
#2230 = AXIS2_PLACEMENT_3D ( 'NONE', #863, #1977, #290 ) ;
#2231 = LINE ( 'NONE', #761, #1217 ) ;
#2232 = PLANE ( 'NONE',  #36 ) ;
#2233 = STYLED_ITEM ( 'NONE', ( #1305 ), #133 ) ;
#2234 = ORIENTED_EDGE ( 'NONE', *, *, #1159, .F. ) ;
#2235 =( NAMED_UNIT ( * ) SI_UNIT ( $, .STERADIAN. ) SOLID_ANGLE_UNIT ( ) );
#2236 = ADVANCED_FACE ( 'NONE', ( #242 ), #976, .T. ) ;
#2237 = VECTOR ( 'NONE', #1155, 1000.000000000000000 ) ;
#2238 = ORIENTED_EDGE ( 'NONE', *, *, #1711, .T. ) ;
#2239 = CARTESIAN_POINT ( 'NONE',  ( 11.79999999999999893, 0.7275480734413598549, 0.000000000000000000 ) ) ;
#2240 = EDGE_CURVE ( 'NONE', #1153, #426, #112, .T. ) ;
#2241 = AXIS2_PLACEMENT_3D ( 'NONE', #1618, #2043, #686 ) ;
#2242 = LINE ( 'NONE', #939, #159 ) ;
#2243 = ORIENTED_EDGE ( 'NONE', *, *, #1349, .F. ) ;
#2244 = VECTOR ( 'NONE', #1219, 1000.000000000000000 ) ;
#2245 = DIRECTION ( 'NONE',  ( 0.000000000000000000, 0.000000000000000000, 1.000000000000000000 ) ) ;
#2246 = SURFACE_SIDE_STYLE ('',( #2281 ) ) ;
#2247 = CARTESIAN_POINT ( 'NONE',  ( -11.79999999999999538, 1.500000000000000000, 30.00000000000000000 ) ) ;
#2248 = ORIENTED_EDGE ( 'NONE', *, *, #662, .F. ) ;
#2249 = CARTESIAN_POINT ( 'NONE',  ( -11.09999999999999787, 0.7275480734413672934, 19.99999999999999645 ) ) ;
#2250 =( GEOMETRIC_REPRESENTATION_CONTEXT ( 3 ) GLOBAL_UNCERTAINTY_ASSIGNED_CONTEXT ( ( #1233 ) ) GLOBAL_UNIT_ASSIGNED_CONTEXT ( ( #109, #873, #356 ) ) REPRESENTATION_CONTEXT ( 'NONE', 'WORKASPACE' ) );
#2251 = EDGE_CURVE ( 'NONE', #1049, #817, #564, .T. ) ;
#2252 = ORIENTED_EDGE ( 'NONE', *, *, #2032, .F. ) ;
#2253 = COLOUR_RGB ( '',0.1098039215686274495, 0.1098039215686274495, 0.1098039215686274495 ) ;
#2254 = DIRECTION ( 'NONE',  ( 0.000000000000000000, 0.000000000000000000, -1.000000000000000000 ) ) ;
#2255 = PRESENTATION_STYLE_ASSIGNMENT (( #222 ) ) ;
#2256 = LINE ( 'NONE', #2247, #2161 ) ;
#2257 = STYLED_ITEM ( 'NONE', ( #3 ), #1175 ) ;
#2258 = ORIENTED_EDGE ( 'NONE', *, *, #1063, .T. ) ;
#2259 = UNCERTAINTY_MEASURE_WITH_UNIT (LENGTH_MEASURE( 1.000000000000000082E-05 ), #2414, 'distance_accuracy_value', 'NONE');
#2260 = CARTESIAN_POINT ( 'NONE',  ( -13.89899999999999558, 13.50000000000000000, 0.000000000000000000 ) ) ;
#2261 = ORIENTED_EDGE ( 'NONE', *, *, #1329, .F. ) ;
#2262 = MECHANICAL_DESIGN_GEOMETRIC_PRESENTATION_REPRESENTATION (  '', ( #1058 ), #821 ) ;
#2263 = DIRECTION ( 'NONE',  ( -1.591343432691319046E-16, -1.000000000000000000, 0.000000000000000000 ) ) ;
#2264 = SURFACE_STYLE_USAGE ( .BOTH. , #812 ) ;
#2265 = CLOSED_SHELL ( 'NONE', ( #458, #1773, #2179, #945, #916, #1102, #1175, #1943, #1441, #2357, #436, #1163, #674, #2079, #816, #2293, #373, #2215, #2064, #138, #409, #848, #1016, #767, #330, #229, #1763, #492, #1207, #394, #2236, #546, #1279, #258, #1370, #289, #198, #2430, #648, #1779, #362, #393, #1790, #1265, #2088, #1554 ) ) ;
#2266 = DIRECTION ( 'NONE',  ( 0.000000000000000000, 0.000000000000000000, 1.000000000000000000 ) ) ;
#2267 = AXIS2_PLACEMENT_3D ( 'NONE', #2214, #1864, #1476 ) ;
#2268 = FILL_AREA_STYLE_COLOUR ( '', #1504 ) ;
#2269 = ORIENTED_EDGE ( 'NONE', *, *, #1856, .F. ) ;
#2270 = FACE_OUTER_BOUND ( 'NONE', #1296, .T. ) ;
#2271 = VECTOR ( 'NONE', #2331, 1000.000000000000000 ) ;
#2272 =( LENGTH_UNIT ( ) NAMED_UNIT ( * ) SI_UNIT ( .MILLI., .METRE. ) );
#2273 = EDGE_CURVE ( 'NONE', #926, #575, #1104, .T. ) ;
#2274 = VECTOR ( 'NONE', #579, 1000.000000000000000 ) ;
#2275 = CIRCLE ( 'NONE', #2087, 1.098999999999997534 ) ;
#2276 = ORIENTED_EDGE ( 'NONE', *, *, #1681, .F. ) ;
#2277 = LINE ( 'NONE', #2121, #2183 ) ;
#2278 =( GEOMETRIC_REPRESENTATION_CONTEXT ( 3 ) GLOBAL_UNCERTAINTY_ASSIGNED_CONTEXT ( ( #2142 ) ) GLOBAL_UNIT_ASSIGNED_CONTEXT ( ( #942, #528, #928 ) ) REPRESENTATION_CONTEXT ( 'NONE', 'WORKASPACE' ) );
#2279 = CARTESIAN_POINT ( 'NONE',  ( 3.880000000000003446, 1.500000000000000000, 0.000000000000000000 ) ) ;
#2280 = EDGE_CURVE ( 'NONE', #1039, #797, #911, .T. ) ;
#2281 = SURFACE_STYLE_FILL_AREA ( #395 ) ;
#2282 = DIRECTION ( 'NONE',  ( -0.000000000000000000, -0.000000000000000000, 1.000000000000000000 ) ) ;
#2283 = EDGE_LOOP ( 'NONE', ( #523, #410, #220, #1922 ) ) ;
#2284 =( LENGTH_UNIT ( ) NAMED_UNIT ( * ) SI_UNIT ( .MILLI., .METRE. ) );
#2285 = PLANE ( 'NONE',  #635 ) ;
#2286 = AXIS2_PLACEMENT_3D ( 'NONE', #90, #910, #1472 ) ;
#2287 = EDGE_LOOP ( 'NONE', ( #947, #832, #1142, #2329 ) ) ;
#2288 = DIRECTION ( 'NONE',  ( 0.000000000000000000, 0.000000000000000000, 1.000000000000000000 ) ) ;
#2289 = EDGE_CURVE ( 'NONE', #1671, #1628, #2091, .T. ) ;
#2290 = SURFACE_STYLE_USAGE ( .BOTH. , #2124 ) ;
#2291 = FILL_AREA_STYLE ('',( #1557 ) ) ;
#2292 = DIRECTION ( 'NONE',  ( 0.000000000000000000, 0.000000000000000000, 1.000000000000000000 ) ) ;
#2293 = ADVANCED_FACE ( 'NONE', ( #273 ), #1592, .T. ) ;
#2294 = ORIENTED_EDGE ( 'NONE', *, *, #2375, .F. ) ;
#2295 = CARTESIAN_POINT ( 'NONE',  ( -14.99999999999999822, 1.500000000000000000, 30.00000000000000000 ) ) ;
#2296 = COLOUR_RGB ( '',0.1098039215686274495, 0.1098039215686274495, 0.1098039215686274495 ) ;
#2297 = PRESENTATION_STYLE_ASSIGNMENT (( #860 ) ) ;
#2298 = PRESENTATION_LAYER_ASSIGNMENT (  '', '', ( #1758 ) ) ;
#2299 =( NAMED_UNIT ( * ) PLANE_ANGLE_UNIT ( ) SI_UNIT ( $, .RADIAN. ) );
#2300 = APPLICATION_CONTEXT ( 'automotive_design' ) ;
#2301 = ORIENTED_EDGE ( 'NONE', *, *, #1549, .T. ) ;
#2302 = STYLED_ITEM ( 'NONE', ( #948 ), #393 ) ;
#2303 = CARTESIAN_POINT ( 'NONE',  ( -1.679999999999995719, 1.500000000000000000, 30.00000000000000000 ) ) ;
#2304 =( NAMED_UNIT ( * ) SI_UNIT ( $, .STERADIAN. ) SOLID_ANGLE_UNIT ( ) );
#2305 = AXIS2_PLACEMENT_3D ( 'NONE', #1432, #1282, #494 ) ;
#2306 = DIRECTION ( 'NONE',  ( 1.000000000000000000, 0.000000000000000000, 0.000000000000000000 ) ) ;
#2307 = CARTESIAN_POINT ( 'NONE',  ( -14.99999999999999822, 1.500000000000000000, 0.000000000000000000 ) ) ;
#2308 = ORIENTED_EDGE ( 'NONE', *, *, #1009, .T. ) ;
#2309 = FILL_AREA_STYLE_COLOUR ( '', #1170 ) ;
#2310 = DIRECTION ( 'NONE',  ( 0.000000000000000000, 0.000000000000000000, 1.000000000000000000 ) ) ;
#2311 = UNCERTAINTY_MEASURE_WITH_UNIT (LENGTH_MEASURE( 1.000000000000000082E-05 ), #1517, 'distance_accuracy_value', 'NONE');
#2312 = DIRECTION ( 'NONE',  ( 1.000000000000000000, 0.000000000000000000, 0.000000000000000000 ) ) ;
#2313 = EDGE_CURVE ( 'NONE', #616, #1899, #2139, .T. ) ;
#2314 = AXIS2_PLACEMENT_3D ( 'NONE', #1043, #1782, #857 ) ;
#2315 = DIRECTION ( 'NONE',  ( 0.000000000000000000, 0.000000000000000000, 1.000000000000000000 ) ) ;
#2316 = PRESENTATION_LAYER_ASSIGNMENT (  '', '', ( #2395 ) ) ;
#2317 = VECTOR ( 'NONE', #527, 1000.000000000000000 ) ;
#2318 = ORIENTED_EDGE ( 'NONE', *, *, #2113, .F. ) ;
#2319 = FACE_OUTER_BOUND ( 'NONE', #1427, .T. ) ;
#2320 = AXIS2_PLACEMENT_3D ( 'NONE', #105, #2125, #1935 ) ;
#2321 = SURFACE_SIDE_STYLE ('',( #1044 ) ) ;
#2322 = SURFACE_STYLE_USAGE ( .BOTH. , #830 ) ;
#2323 =( GEOMETRIC_REPRESENTATION_CONTEXT ( 3 ) GLOBAL_UNCERTAINTY_ASSIGNED_CONTEXT ( ( #1909 ) ) GLOBAL_UNIT_ASSIGNED_CONTEXT ( ( #1208, #1183, #2151 ) ) REPRESENTATION_CONTEXT ( 'NONE', 'WORKASPACE' ) );
#2324 = ORIENTED_EDGE ( 'NONE', *, *, #1392, .T. ) ;
#2325 = SURFACE_STYLE_USAGE ( .BOTH. , #834 ) ;
#2326 = DIRECTION ( 'NONE',  ( 0.000000000000000000, 0.000000000000000000, 1.000000000000000000 ) ) ;
#2327 =( NAMED_UNIT ( * ) SI_UNIT ( $, .STERADIAN. ) SOLID_ANGLE_UNIT ( ) );
#2328 = EDGE_CURVE ( 'NONE', #2181, #1754, #1147, .T. ) ;
#2329 = ORIENTED_EDGE ( 'NONE', *, *, #2273, .T. ) ;
#2330 = CARTESIAN_POINT ( 'NONE',  ( 9.440000000000004832, 12.40099999999999980, 0.000000000000000000 ) ) ;
#2331 = DIRECTION ( 'NONE',  ( -1.591343432691319046E-16, 1.000000000000000000, 0.000000000000000000 ) ) ;
#2332 = VECTOR ( 'NONE', #844, 1000.000000000000000 ) ;
#2333 = SURFACE_SIDE_STYLE ('',( #813 ) ) ;
#2334 = CARTESIAN_POINT ( 'NONE',  ( -14.99999999999999822, 1.500000000000000000, 0.000000000000000000 ) ) ;
#2335 = EDGE_LOOP ( 'NONE', ( #2120, #167, #1026, #111 ) ) ;
#2336 = DIRECTION ( 'NONE',  ( -0.000000000000000000, 0.000000000000000000, 1.000000000000000000 ) ) ;
#2337 = DIRECTION ( 'NONE',  ( 5.735365044436847242E-16, 1.000000000000000000, -0.000000000000000000 ) ) ;
#2338 = CARTESIAN_POINT ( 'NONE',  ( 8.339000000000003965, 13.49999999999999822, 30.00000000000000000 ) ) ;
#2339 = DIRECTION ( 'NONE',  ( 0.000000000000000000, 0.000000000000000000, 1.000000000000000000 ) ) ;
#2340 = COLOUR_RGB ( '',0.1098039215686274495, 0.1098039215686274495, 0.1098039215686274495 ) ;
#2341 = CARTESIAN_POINT ( 'NONE',  ( -7.239999999999996660, 1.500000000000000000, 30.00000000000000000 ) ) ;
#2342 = MECHANICAL_DESIGN_GEOMETRIC_PRESENTATION_REPRESENTATION (  '', ( #777 ), #381 ) ;
#2343 = LINE ( 'NONE', #418, #989 ) ;
#2344 = DIRECTION ( 'NONE',  ( 1.000000000000000000, 0.000000000000000000, 0.000000000000000000 ) ) ;
#2345 = DIRECTION ( 'NONE',  ( 1.000000000000000000, 0.000000000000000000, 0.000000000000000000 ) ) ;
#2346 = PRESENTATION_LAYER_ASSIGNMENT (  '', '', ( #384 ) ) ;
#2347 = ORIENTED_EDGE ( 'NONE', *, *, #1329, .T. ) ;
#2348 = DIRECTION ( 'NONE',  ( -1.000000000000000000, 0.000000000000000000, 0.000000000000000000 ) ) ;
#2349 = PRODUCT_RELATED_PRODUCT_CATEGORY ( 'part', '', ( #837 ) ) ;
#2350 = VECTOR ( 'NONE', #1847, 1000.000000000000000 ) ;
#2351 = VERTEX_POINT ( 'NONE', #225 ) ;
#2352 = STYLED_ITEM ( 'NONE', ( #175 ), #1441 ) ;
#2353 = CARTESIAN_POINT ( 'NONE',  ( 13.90100000000000868, 12.40099999999999980, 0.000000000000000000 ) ) ;
#2354 = DIRECTION ( 'NONE',  ( 0.000000000000000000, 0.000000000000000000, 1.000000000000000000 ) ) ;
#2355 = VECTOR ( 'NONE', #2059, 1000.000000000000000 ) ;
#2356 = CARTESIAN_POINT ( 'NONE',  ( 2.781000000000004135, 12.40099999999999980, 30.00000000000000000 ) ) ;
#2357 = ADVANCED_FACE ( 'NONE', ( #602 ), #1094, .T. ) ;
#2358 =( GEOMETRIC_REPRESENTATION_CONTEXT ( 3 ) GLOBAL_UNCERTAINTY_ASSIGNED_CONTEXT ( ( #74 ) ) GLOBAL_UNIT_ASSIGNED_CONTEXT ( ( #491, #1865, #319 ) ) REPRESENTATION_CONTEXT ( 'NONE', 'WORKASPACE' ) );
#2359 = VERTEX_POINT ( 'NONE', #2213 ) ;
#2360 =( LENGTH_UNIT ( ) NAMED_UNIT ( * ) SI_UNIT ( .MILLI., .METRE. ) );
#2361 = DIRECTION ( 'NONE',  ( 0.000000000000000000, 0.000000000000000000, 1.000000000000000000 ) ) ;
#2362 = VECTOR ( 'NONE', #1677, 1000.000000000000000 ) ;
#2363 = ORIENTED_EDGE ( 'NONE', *, *, #841, .T. ) ;
#2364 = UNCERTAINTY_MEASURE_WITH_UNIT (LENGTH_MEASURE( 1.000000000000000082E-05 ), #1492, 'distance_accuracy_value', 'NONE');
#2365 = DIRECTION ( 'NONE',  ( -1.000000000000000000, -0.000000000000000000, -0.000000000000000000 ) ) ;
#2366 = ORIENTED_EDGE ( 'NONE', *, *, #1418, .F. ) ;
#2367 = LINE ( 'NONE', #1614, #2317 ) ;
#2368 = CARTESIAN_POINT ( 'NONE',  ( 3.880000000000003446, 0.5000000000000000000, 30.00000000000000000 ) ) ;
#2369 = FACE_OUTER_BOUND ( 'NONE', #2000, .T. ) ;
#2370 = COLOUR_RGB ( '',0.1098039215686274495, 0.1098039215686274495, 0.1098039215686274495 ) ;
#2371 = ORIENTED_EDGE ( 'NONE', *, *, #1359, .T. ) ;
#2372 = CYLINDRICAL_SURFACE ( 'NONE', #778, 1.098999999999998423 ) ;
#2373 = CARTESIAN_POINT ( 'NONE',  ( -7.239999999999997549, 0.5000000000000000000, 30.00000000000000000 ) ) ;
#2374 = EDGE_CURVE ( 'NONE', #79, #1286, #1846, .T. ) ;
#2375 = EDGE_CURVE ( 'NONE', #244, #2127, #374, .T. ) ;
#2376 = ORIENTED_EDGE ( 'NONE', *, *, #693, .T. ) ;
#2377 = FACE_OUTER_BOUND ( 'NONE', #1566, .T. ) ;
#2378 = DIRECTION ( 'NONE',  ( -1.000000000000000000, -0.000000000000000000, -0.000000000000000000 ) ) ;
#2379 = AXIS2_PLACEMENT_3D ( 'NONE', #1908, #215, #1362 ) ;
#2380 = SURFACE_SIDE_STYLE ('',( #917 ) ) ;
#2381 = EDGE_CURVE ( 'NONE', #79, #2181, #1294, .T. ) ;
#2382 = ORIENTED_EDGE ( 'NONE', *, *, #912, .F. ) ;
#2383 = FACE_OUTER_BOUND ( 'NONE', #987, .T. ) ;
#2384 = CARTESIAN_POINT ( 'NONE',  ( 11.79999999999999893, 0.7275480734413597439, 19.99999999999999645 ) ) ;
#2385 =( GEOMETRIC_REPRESENTATION_CONTEXT ( 3 ) GLOBAL_UNCERTAINTY_ASSIGNED_CONTEXT ( ( #1536 ) ) GLOBAL_UNIT_ASSIGNED_CONTEXT ( ( #1962, #1054, #818 ) ) REPRESENTATION_CONTEXT ( 'NONE', 'WORKASPACE' ) );
#2386 = DIRECTION ( 'NONE',  ( 0.000000000000000000, -1.000000000000000000, 0.000000000000000000 ) ) ;
#2387 = VERTEX_POINT ( 'NONE', #1276 ) ;
#2388 = CARTESIAN_POINT ( 'NONE',  ( 8.339000000000003965, 13.49999999999999822, 0.000000000000000000 ) ) ;
#2389 = CYLINDRICAL_SURFACE ( 'NONE', #1321, 0.6999999999999992895 ) ;
#2390 = EDGE_CURVE ( 'NONE', #1806, #2039, #2027, .T. ) ;
#2391 = DIRECTION ( 'NONE',  ( 0.000000000000000000, 0.000000000000000000, 1.000000000000000000 ) ) ;
#2392 = VECTOR ( 'NONE', #2090, 1000.000000000000000 ) ;
#2393 = CARTESIAN_POINT ( 'NONE',  ( -14.99999999999999822, 1.500000000000000000, 30.00000000000000000 ) ) ;
#2394 = DIRECTION ( 'NONE',  ( 0.000000000000000000, 0.000000000000000000, 1.000000000000000000 ) ) ;
#2395 = STYLED_ITEM ( 'NONE', ( #56 ), #1554 ) ;
#2396 = ORIENTED_EDGE ( 'NONE', *, *, #2280, .F. ) ;
#2397 = PRESENTATION_LAYER_ASSIGNMENT (  '', '', ( #634 ) ) ;
#2398 = DIRECTION ( 'NONE',  ( 1.000000000000000000, 0.000000000000000000, -0.000000000000000000 ) ) ;
#2399 = DIRECTION ( 'NONE',  ( 1.000000000000000000, 0.000000000000000000, 0.000000000000000000 ) ) ;
#2400 =( NAMED_UNIT ( * ) PLANE_ANGLE_UNIT ( ) SI_UNIT ( $, .RADIAN. ) );
#2401 = MECHANICAL_DESIGN_GEOMETRIC_PRESENTATION_REPRESENTATION (  '', ( #1741 ), #281 ) ;
#2402 = ORIENTED_EDGE ( 'NONE', *, *, #1692, .T. ) ;
#2403 = SURFACE_SIDE_STYLE ('',( #2049 ) ) ;
#2404 = CARTESIAN_POINT ( 'NONE',  ( 2.779000000000002135, 13.49999999999999822, 30.00000000000000000 ) ) ;
#2405 = VECTOR ( 'NONE', #815, 1000.000000000000000 ) ;
#2406 = EDGE_CURVE ( 'NONE', #519, #268, #1475, .T. ) ;
#2407 = EDGE_CURVE ( 'NONE', #1119, #1721, #1740, .T. ) ;
#2408 = CARTESIAN_POINT ( 'NONE',  ( 15.00000000000000178, -1.500000000000000000, 30.00000000000000000 ) ) ;
#2409 = CARTESIAN_POINT ( 'NONE',  ( -12.79999999999999716, 1.500000000000000000, 30.00000000000000000 ) ) ;
#2410 = DIRECTION ( 'NONE',  ( 0.000000000000000000, 0.000000000000000000, 1.000000000000000000 ) ) ;
#2411 = ORIENTED_EDGE ( 'NONE', *, *, #2313, .F. ) ;
#2412 = FACE_OUTER_BOUND ( 'NONE', #1187, .T. ) ;
#2413 = LINE ( 'NONE', #1283, #649 ) ;
#2414 =( LENGTH_UNIT ( ) NAMED_UNIT ( * ) SI_UNIT ( .MILLI., .METRE. ) );
#2415 = VERTEX_POINT ( 'NONE', #428 ) ;
#2416 = DIRECTION ( 'NONE',  ( 1.000000000000000000, 0.000000000000000000, 0.000000000000000000 ) ) ;
#2417 = ORIENTED_EDGE ( 'NONE', *, *, #940, .T. ) ;
#2418 = LINE ( 'NONE', #182, #1535 ) ;
#2419 = ORIENTED_EDGE ( 'NONE', *, *, #1602, .F. ) ;
#2420 = SURFACE_STYLE_FILL_AREA ( #2031 ) ;
#2421 = STYLED_ITEM ( 'NONE', ( #63 ), #258 ) ;
#2422 = ORIENTED_EDGE ( 'NONE', *, *, #2289, .F. ) ;
#2423 = VECTOR ( 'NONE', #923, 1000.000000000000000 ) ;
#2424 = LINE ( 'NONE', #1498, #2209 ) ;
#2425 = ORIENTED_EDGE ( 'NONE', *, *, #1793, .F. ) ;
#2426 = FILL_AREA_STYLE_COLOUR ( '', #743 ) ;
#2427 = SURFACE_STYLE_FILL_AREA ( #2078 ) ;
#2428 = COLOUR_RGB ( '',0.7921568627450980005, 0.8196078431372548767, 0.9333333333333333481 ) ;
#2429 = CARTESIAN_POINT ( 'NONE',  ( -14.99999999999999822, -1.500000000000000000, 30.00000000000000000 ) ) ;
#2430 = ADVANCED_FACE ( 'NONE', ( #2319 ), #1181, .T. ) ;
#2431 = STYLED_ITEM ( 'NONE', ( #2212 ), #1717 ) ;
ENDSEC;
END-ISO-10303-21;
